<?xml version="1.0" encoding="UTF-8" ?>
<!-- This is a WordPress eXtended RSS file generated by WordPress as an export of your site. -->
<!-- It contains information about your site's posts, pages, comments, categories, and other content. -->
<!-- You may use this file to transfer that content from one site to another. -->
<!-- This file is not intended to serve as a complete backup of your site. -->

<!-- To import this information into a WordPress site follow these steps: -->
<!-- 1. Log in to that site as an administrator. -->
<!-- 2. Go to Tools: Import in the WordPress admin panel. -->
<!-- 3. Install the "WordPress" importer from the list. -->
<!-- 4. Activate & Run Importer. -->
<!-- 5. Upload this file using the form provided on that page. -->
<!-- 6. You will first be asked to map the authors in this export file to users -->
<!--    on the site. For each author, you may choose to map to an -->
<!--    existing user on the site or to create a new user. -->
<!-- 7. WordPress will then import each of the posts, pages, comments, categories, etc. -->
<!--    contained in this file into your site. -->

<!-- generator="WordPress/5.0.2" created="2019-01-01 18:45" -->
<rss version="2.0"
	xmlns:excerpt="http://wordpress.org/export/1.2/excerpt/"
	xmlns:content="http://purl.org/rss/1.0/modules/content/"
	xmlns:wfw="http://wellformedweb.org/CommentAPI/"
	xmlns:dc="http://purl.org/dc/elements/1.1/"
	xmlns:wp="http://wordpress.org/export/1.2/"
>

<channel>
	<title>Earth Strike India</title>
	<link>http://earth-strike.com/in</link>
	<description>A movement to end climate change - 2019</description>
	<pubDate>Tue, 01 Jan 2019 18:45:13 +0000</pubDate>
	<language>en-US</language>
	<wp:wxr_version>1.2</wp:wxr_version>
	<wp:base_site_url>http://earth-strike.com/</wp:base_site_url>
	<wp:base_blog_url>http://earth-strike.com/in</wp:base_blog_url>

	<wp:author><wp:author_id>1</wp:author_id><wp:author_login><![CDATA[Aron]]></wp:author_login><wp:author_email><![CDATA[aron@aronvanwilligen.nl]]></wp:author_email><wp:author_display_name><![CDATA[Earth Strike]]></wp:author_display_name><wp:author_first_name><![CDATA[]]></wp:author_first_name><wp:author_last_name><![CDATA[]]></wp:author_last_name></wp:author>
	<wp:author><wp:author_id>30</wp:author_id><wp:author_login><![CDATA[in]]></wp:author_login><wp:author_email><![CDATA[in@earth-strike.com]]></wp:author_email><wp:author_display_name><![CDATA[in]]></wp:author_display_name><wp:author_first_name><![CDATA[]]></wp:author_first_name><wp:author_last_name><![CDATA[]]></wp:author_last_name></wp:author>

	<wp:category>
		<wp:term_id>1</wp:term_id>
		<wp:category_nicename><![CDATA[uncategorized]]></wp:category_nicename>
		<wp:category_parent><![CDATA[]]></wp:category_parent>
		<wp:cat_name><![CDATA[Uncategorized]]></wp:cat_name>
	</wp:category>
	<wp:term><wp:term_id>2</wp:term_id><wp:term_taxonomy>nav_menu</wp:term_taxonomy><wp:term_slug><![CDATA[main-menu]]></wp:term_slug><wp:term_name><![CDATA[Main Menu]]></wp:term_name>
</wp:term>

	<generator>https://wordpress.org/?v=5.0.2</generator>

<image>
	<url>https://earth-strike.com/in/wp-content/uploads/sites/30/2018/11/cropped-EarthStrike-Logo-32x32.png</url>
	<title>Earth Strike India</title>
	<link>http://earth-strike.com/in</link>
	<width>32</width>
	<height>32</height>
</image> 

	<item>
		<title>Home</title>
		<link>http://earth-strike.com/in/</link>
		<pubDate>Mon, 12 Nov 2018 09:25:40 +0000</pubDate>
		<dc:creator><![CDATA[Aron]]></dc:creator>
		<guid isPermaLink="false">http://earth-strike.com/earth-strike-2/?page_id=2</guid>
		<description></description>
		<content:encoded><![CDATA[<!-- wp:image {"align":"center","width":1000,"height":569} -->
<div class="wp-block-image"><figure class="aligncenter is-resized"><img src="https://images.unsplash.com/photo-1536775904534-7b743734d424?ixlib=rb-0.3.5&amp;ixid=eyJhcHBfaWQiOjEyMDd9&amp;s=02d0a675c0da008dc7587a35509ecf69&amp;dpr=1&amp;auto=format&amp;fit=crop&amp;w=1000&amp;q=80&amp;cs=tinysrgb" alt="" width="1000" height="569" /><figcaption>Earth Strike India<br></figcaption></figure></div>
<!-- /wp:image -->

<!-- wp:heading {"level":1} -->
<h1>Earth Strike India</h1>
<!-- /wp:heading -->

<!-- wp:paragraph -->
<p>Welcome to #earthstrike – General Strike to Save the Planet.</p>
<!-- /wp:paragraph -->

<!-- wp:paragraph -->
<p>Earth Strike is a grass-roots environmental activist movement which aims to pressure governments and corporations around the world to take immediate action to avoid irreversible climate change before it is too late.</p>
<!-- /wp:paragraph -->

<!-- wp:paragraph -->
<p><a href="https://earth-strike.com/in/manifesto/">Read our full Mission Statement here</a>.</p>
<!-- /wp:paragraph -->

<!-- wp:heading {"level":3} -->
<h3>Climate change</h3>
<!-- /wp:heading -->

<!-- wp:paragraph -->
<p>The world-wide climatological community has shown beyond any reasonable doubt that the planet’s climate is changing, and human industry is a strong driver of that change. These trends are clearly visible in several global metrics of the climate. Numerous studies and analyses have been published by prestigious scientific organizations which show, without a doubt, that if we do not&nbsp;take action now we will not only commit to those effects we see in our climate today, but we commit ourselves – every human and animal on the planet – to perpetually worsening climate catastrophe.</p>
<!-- /wp:paragraph -->

<!-- wp:heading {"level":3} -->
<h3>Our plan</h3>
<!-- /wp:heading -->

<!-- wp:paragraph -->
<p>The Earth Strike movement has formed a plan of action spanning 2019 with four primary international events. Local organizers are encouraged to take any opportunities their groups have to get protesters on the streets or at local events to gain more attention for the movement.</p>
<!-- /wp:paragraph -->

<!-- wp:list {"ordered":true} -->
<ol><li><strong>January 15, 2019</strong> – <strong><em>Earth Strike Kickoff Protest</em></strong>, the first world-wide event will allow all our national and local organisers to engage their communities and begin the process of organising groups of people on the ground to see the movement through to the strike.</li><li><strong>April 27, 2019</strong> – <strong><em>Halfway Earth Day Protest</em></strong>, which will be held in the weekend after Earth Day, to symbolise the halfway mark to the Earth Strike. Organisers and protesters will use the build-up to May Day to form closer ties with local unions who will be integral to gathering yet more widespread support for the strike.</li><li><strong>August 1, 2019</strong> – <strong><em>Final Pre-Strike Protest</em></strong>, held on the Earth Overshoot Day of 2018. A final protest just before the strike, to serve as a final wake-up call for those that have not yet joined in.</li><li><strong>September 27, 2019</strong> – <strong><em>Earth Strike!</em></strong> On the 57th anniversary of Silent Spring, the book that kick-started the environmentalist movement, we will hold the General Strike to Save the Planet, or the Silent Spring Strike!</li></ol>
<!-- /wp:list -->

<!-- wp:paragraph -->
<p>To contact us, send an email to <a href="mailto:in@earth-strike.com">in@earth-strike.com</a>. If you want to help out, see the <a href="https://earth-strike.com/in/get-involved/">Get involved!</a> page.</p>
<!-- /wp:paragraph -->]]></content:encoded>
		<excerpt:encoded><![CDATA[Earth Strike is a grass-roots environmental activist movement which aims to pressure governments and corporations around the world to take immediate action to avoid irreversible climate change before it is too late.]]></excerpt:encoded>
		<wp:post_id>2</wp:post_id>
		<wp:post_date><![CDATA[2018-11-12 09:25:40]]></wp:post_date>
		<wp:post_date_gmt><![CDATA[2018-11-12 09:25:40]]></wp:post_date_gmt>
		<wp:comment_status><![CDATA[closed]]></wp:comment_status>
		<wp:ping_status><![CDATA[closed]]></wp:ping_status>
		<wp:post_name><![CDATA[earth-strike]]></wp:post_name>
		<wp:status><![CDATA[publish]]></wp:status>
		<wp:post_parent>0</wp:post_parent>
		<wp:menu_order>0</wp:menu_order>
		<wp:post_type><![CDATA[page]]></wp:post_type>
		<wp:post_password><![CDATA[]]></wp:post_password>
		<wp:is_sticky>0</wp:is_sticky>
		<wp:postmeta>
			<wp:meta_key><![CDATA[_wp_page_template]]></wp:meta_key>
			<wp:meta_value><![CDATA[default]]></wp:meta_value>
		</wp:postmeta>
		<wp:postmeta>
			<wp:meta_key><![CDATA[_customify_content_layout]]></wp:meta_key>
			<wp:meta_value><![CDATA[]]></wp:meta_value>
		</wp:postmeta>
		<wp:postmeta>
			<wp:meta_key><![CDATA[_customify_sidebar]]></wp:meta_key>
			<wp:meta_value><![CDATA[]]></wp:meta_value>
		</wp:postmeta>
		<wp:postmeta>
			<wp:meta_key><![CDATA[_customify_disable_header]]></wp:meta_key>
			<wp:meta_value><![CDATA[]]></wp:meta_value>
		</wp:postmeta>
		<wp:postmeta>
			<wp:meta_key><![CDATA[_customify_disable_page_title]]></wp:meta_key>
			<wp:meta_value><![CDATA[1]]></wp:meta_value>
		</wp:postmeta>
		<wp:postmeta>
			<wp:meta_key><![CDATA[_customify_disable_footer_main]]></wp:meta_key>
			<wp:meta_value><![CDATA[]]></wp:meta_value>
		</wp:postmeta>
		<wp:postmeta>
			<wp:meta_key><![CDATA[_customify_disable_footer_bottom]]></wp:meta_key>
			<wp:meta_value><![CDATA[]]></wp:meta_value>
		</wp:postmeta>
		<wp:postmeta>
			<wp:meta_key><![CDATA[_customify_page_header_display]]></wp:meta_key>
			<wp:meta_value><![CDATA[default]]></wp:meta_value>
		</wp:postmeta>
		<wp:postmeta>
			<wp:meta_key><![CDATA[_edit_last]]></wp:meta_key>
			<wp:meta_value><![CDATA[30]]></wp:meta_value>
		</wp:postmeta>
		<wp:postmeta>
			<wp:meta_key><![CDATA[_yoast_wpseo_content_score]]></wp:meta_key>
			<wp:meta_value><![CDATA[30]]></wp:meta_value>
		</wp:postmeta>
		<wp:postmeta>
			<wp:meta_key><![CDATA[_oembed_4a6de9a925b1ab84ae641a5d18442a0e]]></wp:meta_key>
			<wp:meta_value><![CDATA[{{unknown}}]]></wp:meta_value>
		</wp:postmeta>
	</item>
	<item>
		<title>EarthStrike Logo</title>
		<link>http://earth-strike.com/in/earthstrike-logo/</link>
		<pubDate>Mon, 12 Nov 2018 09:35:43 +0000</pubDate>
		<dc:creator><![CDATA[Aron]]></dc:creator>
		<guid isPermaLink="false">https://earth-strike.com/earth-strike-2/wp-content/uploads/sites/30/2018/11/EarthStrike-Logo.png</guid>
		<description></description>
		<content:encoded><![CDATA[]]></content:encoded>
		<excerpt:encoded><![CDATA[]]></excerpt:encoded>
		<wp:post_id>10</wp:post_id>
		<wp:post_date><![CDATA[2018-11-12 09:35:43]]></wp:post_date>
		<wp:post_date_gmt><![CDATA[2018-11-12 09:35:43]]></wp:post_date_gmt>
		<wp:comment_status><![CDATA[open]]></wp:comment_status>
		<wp:ping_status><![CDATA[closed]]></wp:ping_status>
		<wp:post_name><![CDATA[earthstrike-logo]]></wp:post_name>
		<wp:status><![CDATA[inherit]]></wp:status>
		<wp:post_parent>0</wp:post_parent>
		<wp:menu_order>0</wp:menu_order>
		<wp:post_type><![CDATA[attachment]]></wp:post_type>
		<wp:post_password><![CDATA[]]></wp:post_password>
		<wp:is_sticky>0</wp:is_sticky>
		<wp:attachment_url><![CDATA[https://earth-strike.com/in/wp-content/uploads/sites/30/2018/11/EarthStrike-Logo.png]]></wp:attachment_url>
		<wp:postmeta>
			<wp:meta_key><![CDATA[_wp_attached_file]]></wp:meta_key>
			<wp:meta_value><![CDATA[2018/11/EarthStrike-Logo.png]]></wp:meta_value>
		</wp:postmeta>
		<wp:postmeta>
			<wp:meta_key><![CDATA[_wp_attachment_metadata]]></wp:meta_key>
			<wp:meta_value><![CDATA[a:5:{s:5:"width";i:1200;s:6:"height";i:1200;s:4:"file";s:28:"2018/11/EarthStrike-Logo.png";s:5:"sizes";a:4:{s:9:"thumbnail";a:4:{s:4:"file";s:28:"EarthStrike-Logo-150x150.png";s:5:"width";i:150;s:6:"height";i:150;s:9:"mime-type";s:9:"image/png";}s:6:"medium";a:4:{s:4:"file";s:28:"EarthStrike-Logo-300x300.png";s:5:"width";i:300;s:6:"height";i:300;s:9:"mime-type";s:9:"image/png";}s:12:"medium_large";a:4:{s:4:"file";s:28:"EarthStrike-Logo-768x768.png";s:5:"width";i:768;s:6:"height";i:768;s:9:"mime-type";s:9:"image/png";}s:5:"large";a:4:{s:4:"file";s:30:"EarthStrike-Logo-1024x1024.png";s:5:"width";i:1024;s:6:"height";i:1024;s:9:"mime-type";s:9:"image/png";}}s:10:"image_meta";a:12:{s:8:"aperture";s:1:"0";s:6:"credit";s:0:"";s:6:"camera";s:0:"";s:7:"caption";s:0:"";s:17:"created_timestamp";s:1:"0";s:9:"copyright";s:0:"";s:12:"focal_length";s:1:"0";s:3:"iso";s:1:"0";s:13:"shutter_speed";s:1:"0";s:5:"title";s:0:"";s:11:"orientation";s:1:"0";s:8:"keywords";a:0:{}}}]]></wp:meta_value>
		</wp:postmeta>
	</item>
	<item>
		<title>cropped-EarthStrike-Logo.png</title>
		<link>http://earth-strike.com/in/cropped-earthstrike-logo-png/</link>
		<pubDate>Mon, 12 Nov 2018 09:36:00 +0000</pubDate>
		<dc:creator><![CDATA[Aron]]></dc:creator>
		<guid isPermaLink="false">https://earth-strike.com/earth-strike-2/wp-content/uploads/sites/30/2018/11/cropped-EarthStrike-Logo.png</guid>
		<description></description>
		<content:encoded><![CDATA[https://earth-strike.com/earth-strike-2/wp-content/uploads/sites/30/2018/11/cropped-EarthStrike-Logo.png]]></content:encoded>
		<excerpt:encoded><![CDATA[]]></excerpt:encoded>
		<wp:post_id>11</wp:post_id>
		<wp:post_date><![CDATA[2018-11-12 09:36:00]]></wp:post_date>
		<wp:post_date_gmt><![CDATA[2018-11-12 09:36:00]]></wp:post_date_gmt>
		<wp:comment_status><![CDATA[open]]></wp:comment_status>
		<wp:ping_status><![CDATA[closed]]></wp:ping_status>
		<wp:post_name><![CDATA[cropped-earthstrike-logo-png]]></wp:post_name>
		<wp:status><![CDATA[inherit]]></wp:status>
		<wp:post_parent>0</wp:post_parent>
		<wp:menu_order>0</wp:menu_order>
		<wp:post_type><![CDATA[attachment]]></wp:post_type>
		<wp:post_password><![CDATA[]]></wp:post_password>
		<wp:is_sticky>0</wp:is_sticky>
		<wp:attachment_url><![CDATA[https://earth-strike.com/in/wp-content/uploads/sites/30/2018/11/cropped-EarthStrike-Logo.png]]></wp:attachment_url>
		<wp:postmeta>
			<wp:meta_key><![CDATA[_wp_attached_file]]></wp:meta_key>
			<wp:meta_value><![CDATA[2018/11/cropped-EarthStrike-Logo.png]]></wp:meta_value>
		</wp:postmeta>
		<wp:postmeta>
			<wp:meta_key><![CDATA[_wp_attachment_context]]></wp:meta_key>
			<wp:meta_value><![CDATA[site-icon]]></wp:meta_value>
		</wp:postmeta>
		<wp:postmeta>
			<wp:meta_key><![CDATA[_wp_attachment_metadata]]></wp:meta_key>
			<wp:meta_value><![CDATA[a:5:{s:5:"width";i:512;s:6:"height";i:512;s:4:"file";s:36:"2018/11/cropped-EarthStrike-Logo.png";s:5:"sizes";a:6:{s:9:"thumbnail";a:4:{s:4:"file";s:36:"cropped-EarthStrike-Logo-150x150.png";s:5:"width";i:150;s:6:"height";i:150;s:9:"mime-type";s:9:"image/png";}s:6:"medium";a:4:{s:4:"file";s:36:"cropped-EarthStrike-Logo-300x300.png";s:5:"width";i:300;s:6:"height";i:300;s:9:"mime-type";s:9:"image/png";}s:13:"site_icon-270";a:4:{s:4:"file";s:36:"cropped-EarthStrike-Logo-270x270.png";s:5:"width";i:270;s:6:"height";i:270;s:9:"mime-type";s:9:"image/png";}s:13:"site_icon-192";a:4:{s:4:"file";s:36:"cropped-EarthStrike-Logo-192x192.png";s:5:"width";i:192;s:6:"height";i:192;s:9:"mime-type";s:9:"image/png";}s:13:"site_icon-180";a:4:{s:4:"file";s:36:"cropped-EarthStrike-Logo-180x180.png";s:5:"width";i:180;s:6:"height";i:180;s:9:"mime-type";s:9:"image/png";}s:12:"site_icon-32";a:4:{s:4:"file";s:34:"cropped-EarthStrike-Logo-32x32.png";s:5:"width";i:32;s:6:"height";i:32;s:9:"mime-type";s:9:"image/png";}}s:10:"image_meta";a:12:{s:8:"aperture";s:1:"0";s:6:"credit";s:0:"";s:6:"camera";s:0:"";s:7:"caption";s:0:"";s:17:"created_timestamp";s:1:"0";s:9:"copyright";s:0:"";s:12:"focal_length";s:1:"0";s:3:"iso";s:1:"0";s:13:"shutter_speed";s:1:"0";s:5:"title";s:0:"";s:11:"orientation";s:1:"0";s:8:"keywords";a:0:{}}}]]></wp:meta_value>
		</wp:postmeta>
	</item>
	<item>
		<title></title>
		<link>http://earth-strike.com/in/?p=15</link>
		<pubDate>Mon, 30 Nov -0001 00:00:00 +0000</pubDate>
		<dc:creator><![CDATA[Aron]]></dc:creator>
		<guid isPermaLink="false">http://earth-strike.com/earth-strike-2/?p=15</guid>
		<description></description>
		<content:encoded><![CDATA[ ]]></content:encoded>
		<excerpt:encoded><![CDATA[]]></excerpt:encoded>
		<wp:post_id>15</wp:post_id>
		<wp:post_date><![CDATA[2018-11-12 09:38:23]]></wp:post_date>
		<wp:post_date_gmt><![CDATA[0000-00-00 00:00:00]]></wp:post_date_gmt>
		<wp:comment_status><![CDATA[closed]]></wp:comment_status>
		<wp:ping_status><![CDATA[closed]]></wp:ping_status>
		<wp:post_name><![CDATA[]]></wp:post_name>
		<wp:status><![CDATA[draft]]></wp:status>
		<wp:post_parent>0</wp:post_parent>
		<wp:menu_order>1</wp:menu_order>
		<wp:post_type><![CDATA[nav_menu_item]]></wp:post_type>
		<wp:post_password><![CDATA[]]></wp:post_password>
		<wp:is_sticky>0</wp:is_sticky>
		<wp:postmeta>
			<wp:meta_key><![CDATA[_menu_item_type]]></wp:meta_key>
			<wp:meta_value><![CDATA[post_type]]></wp:meta_value>
		</wp:postmeta>
		<wp:postmeta>
			<wp:meta_key><![CDATA[_menu_item_menu_item_parent]]></wp:meta_key>
			<wp:meta_value><![CDATA[0]]></wp:meta_value>
		</wp:postmeta>
		<wp:postmeta>
			<wp:meta_key><![CDATA[_menu_item_object_id]]></wp:meta_key>
			<wp:meta_value><![CDATA[2]]></wp:meta_value>
		</wp:postmeta>
		<wp:postmeta>
			<wp:meta_key><![CDATA[_menu_item_object]]></wp:meta_key>
			<wp:meta_value><![CDATA[page]]></wp:meta_value>
		</wp:postmeta>
		<wp:postmeta>
			<wp:meta_key><![CDATA[_menu_item_target]]></wp:meta_key>
			<wp:meta_value><![CDATA[]]></wp:meta_value>
		</wp:postmeta>
		<wp:postmeta>
			<wp:meta_key><![CDATA[_menu_item_classes]]></wp:meta_key>
			<wp:meta_value><![CDATA[a:1:{i:0;s:0:"";}]]></wp:meta_value>
		</wp:postmeta>
		<wp:postmeta>
			<wp:meta_key><![CDATA[_menu_item_xfn]]></wp:meta_key>
			<wp:meta_value><![CDATA[]]></wp:meta_value>
		</wp:postmeta>
		<wp:postmeta>
			<wp:meta_key><![CDATA[_menu_item_url]]></wp:meta_key>
			<wp:meta_value><![CDATA[]]></wp:meta_value>
		</wp:postmeta>
		<wp:postmeta>
			<wp:meta_key><![CDATA[_menu_item_orphaned]]></wp:meta_key>
			<wp:meta_value><![CDATA[1542015503]]></wp:meta_value>
		</wp:postmeta>
	</item>
	<item>
		<title>Home</title>
		<link>http://earth-strike.com/in/2018/11/12/17/</link>
		<pubDate>Mon, 12 Nov 2018 09:38:58 +0000</pubDate>
		<dc:creator><![CDATA[Aron]]></dc:creator>
		<guid isPermaLink="false">http://earth-strike.com/earth-strike-2/?p=17</guid>
		<description></description>
		<content:encoded><![CDATA[Go to the home page]]></content:encoded>
		<excerpt:encoded><![CDATA[Home]]></excerpt:encoded>
		<wp:post_id>17</wp:post_id>
		<wp:post_date><![CDATA[2018-11-12 09:38:58]]></wp:post_date>
		<wp:post_date_gmt><![CDATA[2018-11-12 09:38:58]]></wp:post_date_gmt>
		<wp:comment_status><![CDATA[closed]]></wp:comment_status>
		<wp:ping_status><![CDATA[closed]]></wp:ping_status>
		<wp:post_name><![CDATA[17]]></wp:post_name>
		<wp:status><![CDATA[publish]]></wp:status>
		<wp:post_parent>0</wp:post_parent>
		<wp:menu_order>1</wp:menu_order>
		<wp:post_type><![CDATA[nav_menu_item]]></wp:post_type>
		<wp:post_password><![CDATA[]]></wp:post_password>
		<wp:is_sticky>0</wp:is_sticky>
		<category domain="nav_menu" nicename="main-menu"><![CDATA[Main Menu]]></category>
		<wp:postmeta>
			<wp:meta_key><![CDATA[_menu_item_type]]></wp:meta_key>
			<wp:meta_value><![CDATA[post_type]]></wp:meta_value>
		</wp:postmeta>
		<wp:postmeta>
			<wp:meta_key><![CDATA[_menu_item_menu_item_parent]]></wp:meta_key>
			<wp:meta_value><![CDATA[0]]></wp:meta_value>
		</wp:postmeta>
		<wp:postmeta>
			<wp:meta_key><![CDATA[_menu_item_object_id]]></wp:meta_key>
			<wp:meta_value><![CDATA[2]]></wp:meta_value>
		</wp:postmeta>
		<wp:postmeta>
			<wp:meta_key><![CDATA[_menu_item_object]]></wp:meta_key>
			<wp:meta_value><![CDATA[page]]></wp:meta_value>
		</wp:postmeta>
		<wp:postmeta>
			<wp:meta_key><![CDATA[_menu_item_target]]></wp:meta_key>
			<wp:meta_value><![CDATA[]]></wp:meta_value>
		</wp:postmeta>
		<wp:postmeta>
			<wp:meta_key><![CDATA[_menu_item_classes]]></wp:meta_key>
			<wp:meta_value><![CDATA[a:1:{i:0;s:0:"";}]]></wp:meta_value>
		</wp:postmeta>
		<wp:postmeta>
			<wp:meta_key><![CDATA[_menu_item_xfn]]></wp:meta_key>
			<wp:meta_value><![CDATA[]]></wp:meta_value>
		</wp:postmeta>
		<wp:postmeta>
			<wp:meta_key><![CDATA[_menu_item_url]]></wp:meta_key>
			<wp:meta_value><![CDATA[]]></wp:meta_value>
		</wp:postmeta>
	</item>
	<item>
		<title></title>
		<link>http://earth-strike.com/in/2018/11/12/18/</link>
		<pubDate>Mon, 12 Nov 2018 09:38:59 +0000</pubDate>
		<dc:creator><![CDATA[Aron]]></dc:creator>
		<guid isPermaLink="false">http://earth-strike.com/earth-strike-2/?p=18</guid>
		<description></description>
		<content:encoded><![CDATA[ ]]></content:encoded>
		<excerpt:encoded><![CDATA[]]></excerpt:encoded>
		<wp:post_id>18</wp:post_id>
		<wp:post_date><![CDATA[2018-11-12 09:38:59]]></wp:post_date>
		<wp:post_date_gmt><![CDATA[2018-11-12 09:38:59]]></wp:post_date_gmt>
		<wp:comment_status><![CDATA[closed]]></wp:comment_status>
		<wp:ping_status><![CDATA[closed]]></wp:ping_status>
		<wp:post_name><![CDATA[18]]></wp:post_name>
		<wp:status><![CDATA[publish]]></wp:status>
		<wp:post_parent>0</wp:post_parent>
		<wp:menu_order>4</wp:menu_order>
		<wp:post_type><![CDATA[nav_menu_item]]></wp:post_type>
		<wp:post_password><![CDATA[]]></wp:post_password>
		<wp:is_sticky>0</wp:is_sticky>
		<category domain="nav_menu" nicename="main-menu"><![CDATA[Main Menu]]></category>
		<wp:postmeta>
			<wp:meta_key><![CDATA[_menu_item_type]]></wp:meta_key>
			<wp:meta_value><![CDATA[post_type]]></wp:meta_value>
		</wp:postmeta>
		<wp:postmeta>
			<wp:meta_key><![CDATA[_menu_item_menu_item_parent]]></wp:meta_key>
			<wp:meta_value><![CDATA[19]]></wp:meta_value>
		</wp:postmeta>
		<wp:postmeta>
			<wp:meta_key><![CDATA[_menu_item_object_id]]></wp:meta_key>
			<wp:meta_value><![CDATA[6]]></wp:meta_value>
		</wp:postmeta>
		<wp:postmeta>
			<wp:meta_key><![CDATA[_menu_item_object]]></wp:meta_key>
			<wp:meta_value><![CDATA[page]]></wp:meta_value>
		</wp:postmeta>
		<wp:postmeta>
			<wp:meta_key><![CDATA[_menu_item_target]]></wp:meta_key>
			<wp:meta_value><![CDATA[]]></wp:meta_value>
		</wp:postmeta>
		<wp:postmeta>
			<wp:meta_key><![CDATA[_menu_item_classes]]></wp:meta_key>
			<wp:meta_value><![CDATA[a:1:{i:0;s:0:"";}]]></wp:meta_value>
		</wp:postmeta>
		<wp:postmeta>
			<wp:meta_key><![CDATA[_menu_item_xfn]]></wp:meta_key>
			<wp:meta_value><![CDATA[]]></wp:meta_value>
		</wp:postmeta>
		<wp:postmeta>
			<wp:meta_key><![CDATA[_menu_item_url]]></wp:meta_key>
			<wp:meta_value><![CDATA[]]></wp:meta_value>
		</wp:postmeta>
	</item>
	<item>
		<title></title>
		<link>http://earth-strike.com/in/2018/11/12/19/</link>
		<pubDate>Mon, 12 Nov 2018 09:38:59 +0000</pubDate>
		<dc:creator><![CDATA[Aron]]></dc:creator>
		<guid isPermaLink="false">http://earth-strike.com/earth-strike-2/?p=19</guid>
		<description></description>
		<content:encoded><![CDATA[ ]]></content:encoded>
		<excerpt:encoded><![CDATA[Get Involved]]></excerpt:encoded>
		<wp:post_id>19</wp:post_id>
		<wp:post_date><![CDATA[2018-11-12 09:38:59]]></wp:post_date>
		<wp:post_date_gmt><![CDATA[2018-11-12 09:38:59]]></wp:post_date_gmt>
		<wp:comment_status><![CDATA[closed]]></wp:comment_status>
		<wp:ping_status><![CDATA[closed]]></wp:ping_status>
		<wp:post_name><![CDATA[19]]></wp:post_name>
		<wp:status><![CDATA[publish]]></wp:status>
		<wp:post_parent>0</wp:post_parent>
		<wp:menu_order>3</wp:menu_order>
		<wp:post_type><![CDATA[nav_menu_item]]></wp:post_type>
		<wp:post_password><![CDATA[]]></wp:post_password>
		<wp:is_sticky>0</wp:is_sticky>
		<category domain="nav_menu" nicename="main-menu"><![CDATA[Main Menu]]></category>
		<wp:postmeta>
			<wp:meta_key><![CDATA[_menu_item_type]]></wp:meta_key>
			<wp:meta_value><![CDATA[post_type]]></wp:meta_value>
		</wp:postmeta>
		<wp:postmeta>
			<wp:meta_key><![CDATA[_menu_item_menu_item_parent]]></wp:meta_key>
			<wp:meta_value><![CDATA[0]]></wp:meta_value>
		</wp:postmeta>
		<wp:postmeta>
			<wp:meta_key><![CDATA[_menu_item_object_id]]></wp:meta_key>
			<wp:meta_value><![CDATA[9]]></wp:meta_value>
		</wp:postmeta>
		<wp:postmeta>
			<wp:meta_key><![CDATA[_menu_item_object]]></wp:meta_key>
			<wp:meta_value><![CDATA[page]]></wp:meta_value>
		</wp:postmeta>
		<wp:postmeta>
			<wp:meta_key><![CDATA[_menu_item_target]]></wp:meta_key>
			<wp:meta_value><![CDATA[]]></wp:meta_value>
		</wp:postmeta>
		<wp:postmeta>
			<wp:meta_key><![CDATA[_menu_item_classes]]></wp:meta_key>
			<wp:meta_value><![CDATA[a:1:{i:0;s:0:"";}]]></wp:meta_value>
		</wp:postmeta>
		<wp:postmeta>
			<wp:meta_key><![CDATA[_menu_item_xfn]]></wp:meta_key>
			<wp:meta_value><![CDATA[]]></wp:meta_value>
		</wp:postmeta>
		<wp:postmeta>
			<wp:meta_key><![CDATA[_menu_item_url]]></wp:meta_key>
			<wp:meta_value><![CDATA[]]></wp:meta_value>
		</wp:postmeta>
	</item>
	<item>
		<title>Manifesto</title>
		<link>http://earth-strike.com/in/2018/11/12/20/</link>
		<pubDate>Mon, 12 Nov 2018 09:38:59 +0000</pubDate>
		<dc:creator><![CDATA[Aron]]></dc:creator>
		<guid isPermaLink="false">http://earth-strike.com/earth-strike-2/?p=20</guid>
		<description></description>
		<content:encoded><![CDATA[]]></content:encoded>
		<excerpt:encoded><![CDATA[Manifesto]]></excerpt:encoded>
		<wp:post_id>20</wp:post_id>
		<wp:post_date><![CDATA[2018-11-12 09:38:59]]></wp:post_date>
		<wp:post_date_gmt><![CDATA[2018-11-12 09:38:59]]></wp:post_date_gmt>
		<wp:comment_status><![CDATA[closed]]></wp:comment_status>
		<wp:ping_status><![CDATA[closed]]></wp:ping_status>
		<wp:post_name><![CDATA[20]]></wp:post_name>
		<wp:status><![CDATA[publish]]></wp:status>
		<wp:post_parent>0</wp:post_parent>
		<wp:menu_order>2</wp:menu_order>
		<wp:post_type><![CDATA[nav_menu_item]]></wp:post_type>
		<wp:post_password><![CDATA[]]></wp:post_password>
		<wp:is_sticky>0</wp:is_sticky>
		<category domain="nav_menu" nicename="main-menu"><![CDATA[Main Menu]]></category>
		<wp:postmeta>
			<wp:meta_key><![CDATA[_menu_item_type]]></wp:meta_key>
			<wp:meta_value><![CDATA[post_type]]></wp:meta_value>
		</wp:postmeta>
		<wp:postmeta>
			<wp:meta_key><![CDATA[_menu_item_menu_item_parent]]></wp:meta_key>
			<wp:meta_value><![CDATA[0]]></wp:meta_value>
		</wp:postmeta>
		<wp:postmeta>
			<wp:meta_key><![CDATA[_menu_item_object_id]]></wp:meta_key>
			<wp:meta_value><![CDATA[5]]></wp:meta_value>
		</wp:postmeta>
		<wp:postmeta>
			<wp:meta_key><![CDATA[_menu_item_object]]></wp:meta_key>
			<wp:meta_value><![CDATA[page]]></wp:meta_value>
		</wp:postmeta>
		<wp:postmeta>
			<wp:meta_key><![CDATA[_menu_item_target]]></wp:meta_key>
			<wp:meta_value><![CDATA[]]></wp:meta_value>
		</wp:postmeta>
		<wp:postmeta>
			<wp:meta_key><![CDATA[_menu_item_classes]]></wp:meta_key>
			<wp:meta_value><![CDATA[a:1:{i:0;s:0:"";}]]></wp:meta_value>
		</wp:postmeta>
		<wp:postmeta>
			<wp:meta_key><![CDATA[_menu_item_xfn]]></wp:meta_key>
			<wp:meta_value><![CDATA[]]></wp:meta_value>
		</wp:postmeta>
		<wp:postmeta>
			<wp:meta_key><![CDATA[_menu_item_url]]></wp:meta_key>
			<wp:meta_value><![CDATA[]]></wp:meta_value>
		</wp:postmeta>
	</item>
	<item>
		<title></title>
		<link>http://earth-strike.com/in/2018/11/12/21/</link>
		<pubDate>Mon, 12 Nov 2018 09:38:59 +0000</pubDate>
		<dc:creator><![CDATA[Aron]]></dc:creator>
		<guid isPermaLink="false">http://earth-strike.com/earth-strike-2/?p=21</guid>
		<description></description>
		<content:encoded><![CDATA[ ]]></content:encoded>
		<excerpt:encoded><![CDATA[]]></excerpt:encoded>
		<wp:post_id>21</wp:post_id>
		<wp:post_date><![CDATA[2018-11-12 09:38:59]]></wp:post_date>
		<wp:post_date_gmt><![CDATA[2018-11-12 09:38:59]]></wp:post_date_gmt>
		<wp:comment_status><![CDATA[closed]]></wp:comment_status>
		<wp:ping_status><![CDATA[closed]]></wp:ping_status>
		<wp:post_name><![CDATA[21]]></wp:post_name>
		<wp:status><![CDATA[publish]]></wp:status>
		<wp:post_parent>0</wp:post_parent>
		<wp:menu_order>5</wp:menu_order>
		<wp:post_type><![CDATA[nav_menu_item]]></wp:post_type>
		<wp:post_password><![CDATA[]]></wp:post_password>
		<wp:is_sticky>0</wp:is_sticky>
		<category domain="nav_menu" nicename="main-menu"><![CDATA[Main Menu]]></category>
		<wp:postmeta>
			<wp:meta_key><![CDATA[_menu_item_type]]></wp:meta_key>
			<wp:meta_value><![CDATA[post_type]]></wp:meta_value>
		</wp:postmeta>
		<wp:postmeta>
			<wp:meta_key><![CDATA[_menu_item_menu_item_parent]]></wp:meta_key>
			<wp:meta_value><![CDATA[0]]></wp:meta_value>
		</wp:postmeta>
		<wp:postmeta>
			<wp:meta_key><![CDATA[_menu_item_object_id]]></wp:meta_key>
			<wp:meta_value><![CDATA[7]]></wp:meta_value>
		</wp:postmeta>
		<wp:postmeta>
			<wp:meta_key><![CDATA[_menu_item_object]]></wp:meta_key>
			<wp:meta_value><![CDATA[page]]></wp:meta_value>
		</wp:postmeta>
		<wp:postmeta>
			<wp:meta_key><![CDATA[_menu_item_target]]></wp:meta_key>
			<wp:meta_value><![CDATA[]]></wp:meta_value>
		</wp:postmeta>
		<wp:postmeta>
			<wp:meta_key><![CDATA[_menu_item_classes]]></wp:meta_key>
			<wp:meta_value><![CDATA[a:1:{i:0;s:0:"";}]]></wp:meta_value>
		</wp:postmeta>
		<wp:postmeta>
			<wp:meta_key><![CDATA[_menu_item_xfn]]></wp:meta_key>
			<wp:meta_value><![CDATA[]]></wp:meta_value>
		</wp:postmeta>
		<wp:postmeta>
			<wp:meta_key><![CDATA[_menu_item_url]]></wp:meta_key>
			<wp:meta_value><![CDATA[]]></wp:meta_value>
		</wp:postmeta>
	</item>
	<item>
		<title>Contact</title>
		<link>http://earth-strike.com/in/2018/11/18/contact/</link>
		<pubDate>Sun, 18 Nov 2018 12:33:15 +0000</pubDate>
		<dc:creator><![CDATA[in]]></dc:creator>
		<guid isPermaLink="false">http://earth-strike.com/in/2018/11/18/contact/</guid>
		<description></description>
		<content:encoded><![CDATA[]]></content:encoded>
		<excerpt:encoded><![CDATA[]]></excerpt:encoded>
		<wp:post_id>38</wp:post_id>
		<wp:post_date><![CDATA[2018-11-18 12:33:15]]></wp:post_date>
		<wp:post_date_gmt><![CDATA[2018-11-18 12:33:15]]></wp:post_date_gmt>
		<wp:comment_status><![CDATA[closed]]></wp:comment_status>
		<wp:ping_status><![CDATA[closed]]></wp:ping_status>
		<wp:post_name><![CDATA[contact]]></wp:post_name>
		<wp:status><![CDATA[publish]]></wp:status>
		<wp:post_parent>0</wp:post_parent>
		<wp:menu_order>6</wp:menu_order>
		<wp:post_type><![CDATA[nav_menu_item]]></wp:post_type>
		<wp:post_password><![CDATA[]]></wp:post_password>
		<wp:is_sticky>0</wp:is_sticky>
		<category domain="nav_menu" nicename="main-menu"><![CDATA[Main Menu]]></category>
		<wp:postmeta>
			<wp:meta_key><![CDATA[_menu_item_type]]></wp:meta_key>
			<wp:meta_value><![CDATA[custom]]></wp:meta_value>
		</wp:postmeta>
		<wp:postmeta>
			<wp:meta_key><![CDATA[_menu_item_menu_item_parent]]></wp:meta_key>
			<wp:meta_value><![CDATA[0]]></wp:meta_value>
		</wp:postmeta>
		<wp:postmeta>
			<wp:meta_key><![CDATA[_menu_item_object_id]]></wp:meta_key>
			<wp:meta_value><![CDATA[38]]></wp:meta_value>
		</wp:postmeta>
		<wp:postmeta>
			<wp:meta_key><![CDATA[_menu_item_object]]></wp:meta_key>
			<wp:meta_value><![CDATA[custom]]></wp:meta_value>
		</wp:postmeta>
		<wp:postmeta>
			<wp:meta_key><![CDATA[_menu_item_target]]></wp:meta_key>
			<wp:meta_value><![CDATA[]]></wp:meta_value>
		</wp:postmeta>
		<wp:postmeta>
			<wp:meta_key><![CDATA[_menu_item_classes]]></wp:meta_key>
			<wp:meta_value><![CDATA[a:1:{i:0;s:0:"";}]]></wp:meta_value>
		</wp:postmeta>
		<wp:postmeta>
			<wp:meta_key><![CDATA[_menu_item_xfn]]></wp:meta_key>
			<wp:meta_value><![CDATA[]]></wp:meta_value>
		</wp:postmeta>
		<wp:postmeta>
			<wp:meta_key><![CDATA[_menu_item_url]]></wp:meta_key>
			<wp:meta_value><![CDATA[https://cyberfluffy.typeform.com/to/gc4z50]]></wp:meta_value>
		</wp:postmeta>
	</item>
	<item>
		<title>Twitter_Logo_Blue</title>
		<link>http://earth-strike.com/in/get-involved/twitter_logo_blue/</link>
		<pubDate>Sun, 18 Nov 2018 12:46:24 +0000</pubDate>
		<dc:creator><![CDATA[in]]></dc:creator>
		<guid isPermaLink="false">https://earth-strike.com/in/wp-content/uploads/sites/30/2018/11/Twitter_Logo_Blue.png</guid>
		<description></description>
		<content:encoded><![CDATA[]]></content:encoded>
		<excerpt:encoded><![CDATA[]]></excerpt:encoded>
		<wp:post_id>40</wp:post_id>
		<wp:post_date><![CDATA[2018-11-18 12:46:24]]></wp:post_date>
		<wp:post_date_gmt><![CDATA[2018-11-18 12:46:24]]></wp:post_date_gmt>
		<wp:comment_status><![CDATA[closed]]></wp:comment_status>
		<wp:ping_status><![CDATA[closed]]></wp:ping_status>
		<wp:post_name><![CDATA[twitter_logo_blue]]></wp:post_name>
		<wp:status><![CDATA[inherit]]></wp:status>
		<wp:post_parent>9</wp:post_parent>
		<wp:menu_order>0</wp:menu_order>
		<wp:post_type><![CDATA[attachment]]></wp:post_type>
		<wp:post_password><![CDATA[]]></wp:post_password>
		<wp:is_sticky>0</wp:is_sticky>
		<wp:attachment_url><![CDATA[https://earth-strike.com/in/wp-content/uploads/sites/30/2018/11/Twitter_Logo_Blue.png]]></wp:attachment_url>
		<wp:postmeta>
			<wp:meta_key><![CDATA[_wp_attached_file]]></wp:meta_key>
			<wp:meta_value><![CDATA[2018/11/Twitter_Logo_Blue.png]]></wp:meta_value>
		</wp:postmeta>
		<wp:postmeta>
			<wp:meta_key><![CDATA[_wp_attachment_metadata]]></wp:meta_key>
			<wp:meta_value><![CDATA[a:5:{s:5:"width";i:400;s:6:"height";i:400;s:4:"file";s:29:"2018/11/Twitter_Logo_Blue.png";s:5:"sizes";a:2:{s:9:"thumbnail";a:4:{s:4:"file";s:29:"Twitter_Logo_Blue-150x150.png";s:5:"width";i:150;s:6:"height";i:150;s:9:"mime-type";s:9:"image/png";}s:6:"medium";a:4:{s:4:"file";s:29:"Twitter_Logo_Blue-300x300.png";s:5:"width";i:300;s:6:"height";i:300;s:9:"mime-type";s:9:"image/png";}}s:10:"image_meta";a:12:{s:8:"aperture";s:1:"0";s:6:"credit";s:0:"";s:6:"camera";s:0:"";s:7:"caption";s:0:"";s:17:"created_timestamp";s:1:"0";s:9:"copyright";s:0:"";s:12:"focal_length";s:1:"0";s:3:"iso";s:1:"0";s:13:"shutter_speed";s:1:"0";s:5:"title";s:0:"";s:11:"orientation";s:1:"0";s:8:"keywords";a:0:{}}}]]></wp:meta_value>
		</wp:postmeta>
	</item>
	<item>
		<title>f-ogo_RGB_HEX-100</title>
		<link>http://earth-strike.com/in/get-involved/f-ogo_rgb_hex-100/</link>
		<pubDate>Sun, 18 Nov 2018 12:47:18 +0000</pubDate>
		<dc:creator><![CDATA[in]]></dc:creator>
		<guid isPermaLink="false">https://earth-strike.com/in/wp-content/uploads/sites/30/2018/11/f-ogo_RGB_HEX-100.png</guid>
		<description></description>
		<content:encoded><![CDATA[]]></content:encoded>
		<excerpt:encoded><![CDATA[]]></excerpt:encoded>
		<wp:post_id>41</wp:post_id>
		<wp:post_date><![CDATA[2018-11-18 12:47:18]]></wp:post_date>
		<wp:post_date_gmt><![CDATA[2018-11-18 12:47:18]]></wp:post_date_gmt>
		<wp:comment_status><![CDATA[closed]]></wp:comment_status>
		<wp:ping_status><![CDATA[closed]]></wp:ping_status>
		<wp:post_name><![CDATA[f-ogo_rgb_hex-100]]></wp:post_name>
		<wp:status><![CDATA[inherit]]></wp:status>
		<wp:post_parent>9</wp:post_parent>
		<wp:menu_order>0</wp:menu_order>
		<wp:post_type><![CDATA[attachment]]></wp:post_type>
		<wp:post_password><![CDATA[]]></wp:post_password>
		<wp:is_sticky>0</wp:is_sticky>
		<wp:attachment_url><![CDATA[https://earth-strike.com/in/wp-content/uploads/sites/30/2018/11/f-ogo_RGB_HEX-100.png]]></wp:attachment_url>
		<wp:postmeta>
			<wp:meta_key><![CDATA[_wp_attached_file]]></wp:meta_key>
			<wp:meta_value><![CDATA[2018/11/f-ogo_RGB_HEX-100.png]]></wp:meta_value>
		</wp:postmeta>
		<wp:postmeta>
			<wp:meta_key><![CDATA[_wp_attachment_metadata]]></wp:meta_key>
			<wp:meta_value><![CDATA[a:5:{s:5:"width";i:100;s:6:"height";i:100;s:4:"file";s:29:"2018/11/f-ogo_RGB_HEX-100.png";s:5:"sizes";a:0:{}s:10:"image_meta";a:12:{s:8:"aperture";s:1:"0";s:6:"credit";s:0:"";s:6:"camera";s:0:"";s:7:"caption";s:0:"";s:17:"created_timestamp";s:1:"0";s:9:"copyright";s:0:"";s:12:"focal_length";s:1:"0";s:3:"iso";s:1:"0";s:13:"shutter_speed";s:1:"0";s:5:"title";s:0:"";s:11:"orientation";s:1:"0";s:8:"keywords";a:0:{}}}]]></wp:meta_value>
		</wp:postmeta>
	</item>
	<item>
		<title>f-ogo_RGB_HEX-100</title>
		<link>http://earth-strike.com/in/get-involved/f-ogo_rgb_hex-100-2/</link>
		<pubDate>Sun, 18 Nov 2018 12:47:34 +0000</pubDate>
		<dc:creator><![CDATA[in]]></dc:creator>
		<guid isPermaLink="false">https://earth-strike.com/in/wp-content/uploads/sites/30/2018/11/f-ogo_RGB_HEX-100-1.png</guid>
		<description></description>
		<content:encoded><![CDATA[]]></content:encoded>
		<excerpt:encoded><![CDATA[]]></excerpt:encoded>
		<wp:post_id>42</wp:post_id>
		<wp:post_date><![CDATA[2018-11-18 12:47:34]]></wp:post_date>
		<wp:post_date_gmt><![CDATA[2018-11-18 12:47:34]]></wp:post_date_gmt>
		<wp:comment_status><![CDATA[closed]]></wp:comment_status>
		<wp:ping_status><![CDATA[closed]]></wp:ping_status>
		<wp:post_name><![CDATA[f-ogo_rgb_hex-100-2]]></wp:post_name>
		<wp:status><![CDATA[inherit]]></wp:status>
		<wp:post_parent>9</wp:post_parent>
		<wp:menu_order>0</wp:menu_order>
		<wp:post_type><![CDATA[attachment]]></wp:post_type>
		<wp:post_password><![CDATA[]]></wp:post_password>
		<wp:is_sticky>0</wp:is_sticky>
		<wp:attachment_url><![CDATA[https://earth-strike.com/in/wp-content/uploads/sites/30/2018/11/f-ogo_RGB_HEX-100-1.png]]></wp:attachment_url>
		<wp:postmeta>
			<wp:meta_key><![CDATA[_wp_attached_file]]></wp:meta_key>
			<wp:meta_value><![CDATA[2018/11/f-ogo_RGB_HEX-100-1.png]]></wp:meta_value>
		</wp:postmeta>
		<wp:postmeta>
			<wp:meta_key><![CDATA[_wp_attachment_metadata]]></wp:meta_key>
			<wp:meta_value><![CDATA[a:5:{s:5:"width";i:100;s:6:"height";i:100;s:4:"file";s:31:"2018/11/f-ogo_RGB_HEX-100-1.png";s:5:"sizes";a:0:{}s:10:"image_meta";a:12:{s:8:"aperture";s:1:"0";s:6:"credit";s:0:"";s:6:"camera";s:0:"";s:7:"caption";s:0:"";s:17:"created_timestamp";s:1:"0";s:9:"copyright";s:0:"";s:12:"focal_length";s:1:"0";s:3:"iso";s:1:"0";s:13:"shutter_speed";s:1:"0";s:5:"title";s:0:"";s:11:"orientation";s:1:"0";s:8:"keywords";a:0:{}}}]]></wp:meta_value>
		</wp:postmeta>
	</item>
	<item>
		<title>f-ogo_RGB_HEX-100</title>
		<link>http://earth-strike.com/in/get-involved/f-ogo_rgb_hex-100-3/</link>
		<pubDate>Sun, 18 Nov 2018 12:48:06 +0000</pubDate>
		<dc:creator><![CDATA[in]]></dc:creator>
		<guid isPermaLink="false">https://earth-strike.com/in/wp-content/uploads/sites/30/2018/11/f-ogo_RGB_HEX-100-2.png</guid>
		<description></description>
		<content:encoded><![CDATA[]]></content:encoded>
		<excerpt:encoded><![CDATA[]]></excerpt:encoded>
		<wp:post_id>43</wp:post_id>
		<wp:post_date><![CDATA[2018-11-18 12:48:06]]></wp:post_date>
		<wp:post_date_gmt><![CDATA[2018-11-18 12:48:06]]></wp:post_date_gmt>
		<wp:comment_status><![CDATA[closed]]></wp:comment_status>
		<wp:ping_status><![CDATA[closed]]></wp:ping_status>
		<wp:post_name><![CDATA[f-ogo_rgb_hex-100-3]]></wp:post_name>
		<wp:status><![CDATA[inherit]]></wp:status>
		<wp:post_parent>9</wp:post_parent>
		<wp:menu_order>0</wp:menu_order>
		<wp:post_type><![CDATA[attachment]]></wp:post_type>
		<wp:post_password><![CDATA[]]></wp:post_password>
		<wp:is_sticky>0</wp:is_sticky>
		<wp:attachment_url><![CDATA[https://earth-strike.com/in/wp-content/uploads/sites/30/2018/11/f-ogo_RGB_HEX-100-2.png]]></wp:attachment_url>
		<wp:postmeta>
			<wp:meta_key><![CDATA[_wp_attached_file]]></wp:meta_key>
			<wp:meta_value><![CDATA[2018/11/f-ogo_RGB_HEX-100-2.png]]></wp:meta_value>
		</wp:postmeta>
		<wp:postmeta>
			<wp:meta_key><![CDATA[_wp_attachment_metadata]]></wp:meta_key>
			<wp:meta_value><![CDATA[a:5:{s:5:"width";i:100;s:6:"height";i:100;s:4:"file";s:31:"2018/11/f-ogo_RGB_HEX-100-2.png";s:5:"sizes";a:0:{}s:10:"image_meta";a:12:{s:8:"aperture";s:1:"0";s:6:"credit";s:0:"";s:6:"camera";s:0:"";s:7:"caption";s:0:"";s:17:"created_timestamp";s:1:"0";s:9:"copyright";s:0:"";s:12:"focal_length";s:1:"0";s:3:"iso";s:1:"0";s:13:"shutter_speed";s:1:"0";s:5:"title";s:0:"";s:11:"orientation";s:1:"0";s:8:"keywords";a:0:{}}}]]></wp:meta_value>
		</wp:postmeta>
	</item>
	<item>
		<title>Twitter_Logo_Blue</title>
		<link>http://earth-strike.com/in/get-involved/twitter_logo_blue-2/</link>
		<pubDate>Sun, 18 Nov 2018 12:48:40 +0000</pubDate>
		<dc:creator><![CDATA[in]]></dc:creator>
		<guid isPermaLink="false">https://earth-strike.com/in/wp-content/uploads/sites/30/2018/11/Twitter_Logo_Blue-1.png</guid>
		<description></description>
		<content:encoded><![CDATA[]]></content:encoded>
		<excerpt:encoded><![CDATA[]]></excerpt:encoded>
		<wp:post_id>44</wp:post_id>
		<wp:post_date><![CDATA[2018-11-18 12:48:40]]></wp:post_date>
		<wp:post_date_gmt><![CDATA[2018-11-18 12:48:40]]></wp:post_date_gmt>
		<wp:comment_status><![CDATA[closed]]></wp:comment_status>
		<wp:ping_status><![CDATA[closed]]></wp:ping_status>
		<wp:post_name><![CDATA[twitter_logo_blue-2]]></wp:post_name>
		<wp:status><![CDATA[inherit]]></wp:status>
		<wp:post_parent>9</wp:post_parent>
		<wp:menu_order>0</wp:menu_order>
		<wp:post_type><![CDATA[attachment]]></wp:post_type>
		<wp:post_password><![CDATA[]]></wp:post_password>
		<wp:is_sticky>0</wp:is_sticky>
		<wp:attachment_url><![CDATA[https://earth-strike.com/in/wp-content/uploads/sites/30/2018/11/Twitter_Logo_Blue-1.png]]></wp:attachment_url>
		<wp:postmeta>
			<wp:meta_key><![CDATA[_wp_attached_file]]></wp:meta_key>
			<wp:meta_value><![CDATA[2018/11/Twitter_Logo_Blue-1.png]]></wp:meta_value>
		</wp:postmeta>
		<wp:postmeta>
			<wp:meta_key><![CDATA[_wp_attachment_metadata]]></wp:meta_key>
			<wp:meta_value><![CDATA[a:5:{s:5:"width";i:400;s:6:"height";i:400;s:4:"file";s:31:"2018/11/Twitter_Logo_Blue-1.png";s:5:"sizes";a:2:{s:9:"thumbnail";a:4:{s:4:"file";s:31:"Twitter_Logo_Blue-1-150x150.png";s:5:"width";i:150;s:6:"height";i:150;s:9:"mime-type";s:9:"image/png";}s:6:"medium";a:4:{s:4:"file";s:31:"Twitter_Logo_Blue-1-300x300.png";s:5:"width";i:300;s:6:"height";i:300;s:9:"mime-type";s:9:"image/png";}}s:10:"image_meta";a:12:{s:8:"aperture";s:1:"0";s:6:"credit";s:0:"";s:6:"camera";s:0:"";s:7:"caption";s:0:"";s:17:"created_timestamp";s:1:"0";s:9:"copyright";s:0:"";s:12:"focal_length";s:1:"0";s:3:"iso";s:1:"0";s:13:"shutter_speed";s:1:"0";s:5:"title";s:0:"";s:11:"orientation";s:1:"0";s:8:"keywords";a:0:{}}}]]></wp:meta_value>
		</wp:postmeta>
	</item>
	<item>
		<title>Twitter_Logo_Blue</title>
		<link>http://earth-strike.com/in/get-involved/twitter_logo_blue-3/</link>
		<pubDate>Sun, 18 Nov 2018 12:48:48 +0000</pubDate>
		<dc:creator><![CDATA[in]]></dc:creator>
		<guid isPermaLink="false">https://earth-strike.com/in/wp-content/uploads/sites/30/2018/11/Twitter_Logo_Blue-2.png</guid>
		<description></description>
		<content:encoded><![CDATA[]]></content:encoded>
		<excerpt:encoded><![CDATA[]]></excerpt:encoded>
		<wp:post_id>45</wp:post_id>
		<wp:post_date><![CDATA[2018-11-18 12:48:48]]></wp:post_date>
		<wp:post_date_gmt><![CDATA[2018-11-18 12:48:48]]></wp:post_date_gmt>
		<wp:comment_status><![CDATA[closed]]></wp:comment_status>
		<wp:ping_status><![CDATA[closed]]></wp:ping_status>
		<wp:post_name><![CDATA[twitter_logo_blue-3]]></wp:post_name>
		<wp:status><![CDATA[inherit]]></wp:status>
		<wp:post_parent>9</wp:post_parent>
		<wp:menu_order>0</wp:menu_order>
		<wp:post_type><![CDATA[attachment]]></wp:post_type>
		<wp:post_password><![CDATA[]]></wp:post_password>
		<wp:is_sticky>0</wp:is_sticky>
		<wp:attachment_url><![CDATA[https://earth-strike.com/in/wp-content/uploads/sites/30/2018/11/Twitter_Logo_Blue-2.png]]></wp:attachment_url>
		<wp:postmeta>
			<wp:meta_key><![CDATA[_wp_attached_file]]></wp:meta_key>
			<wp:meta_value><![CDATA[2018/11/Twitter_Logo_Blue-2.png]]></wp:meta_value>
		</wp:postmeta>
		<wp:postmeta>
			<wp:meta_key><![CDATA[_wp_attachment_metadata]]></wp:meta_key>
			<wp:meta_value><![CDATA[a:5:{s:5:"width";i:400;s:6:"height";i:400;s:4:"file";s:31:"2018/11/Twitter_Logo_Blue-2.png";s:5:"sizes";a:2:{s:9:"thumbnail";a:4:{s:4:"file";s:31:"Twitter_Logo_Blue-2-150x150.png";s:5:"width";i:150;s:6:"height";i:150;s:9:"mime-type";s:9:"image/png";}s:6:"medium";a:4:{s:4:"file";s:31:"Twitter_Logo_Blue-2-300x300.png";s:5:"width";i:300;s:6:"height";i:300;s:9:"mime-type";s:9:"image/png";}}s:10:"image_meta";a:12:{s:8:"aperture";s:1:"0";s:6:"credit";s:0:"";s:6:"camera";s:0:"";s:7:"caption";s:0:"";s:17:"created_timestamp";s:1:"0";s:9:"copyright";s:0:"";s:12:"focal_length";s:1:"0";s:3:"iso";s:1:"0";s:13:"shutter_speed";s:1:"0";s:5:"title";s:0:"";s:11:"orientation";s:1:"0";s:8:"keywords";a:0:{}}}]]></wp:meta_value>
		</wp:postmeta>
	</item>
	<item>
		<title>flogo_RGB_HEX-114</title>
		<link>http://earth-strike.com/in/get-involved/flogo_rgb_hex-114/</link>
		<pubDate>Sun, 18 Nov 2018 12:52:48 +0000</pubDate>
		<dc:creator><![CDATA[in]]></dc:creator>
		<guid isPermaLink="false">https://earth-strike.com/in/wp-content/uploads/sites/30/2018/11/flogo_RGB_HEX-114.png</guid>
		<description></description>
		<content:encoded><![CDATA[]]></content:encoded>
		<excerpt:encoded><![CDATA[]]></excerpt:encoded>
		<wp:post_id>46</wp:post_id>
		<wp:post_date><![CDATA[2018-11-18 12:52:48]]></wp:post_date>
		<wp:post_date_gmt><![CDATA[2018-11-18 12:52:48]]></wp:post_date_gmt>
		<wp:comment_status><![CDATA[closed]]></wp:comment_status>
		<wp:ping_status><![CDATA[closed]]></wp:ping_status>
		<wp:post_name><![CDATA[flogo_rgb_hex-114]]></wp:post_name>
		<wp:status><![CDATA[inherit]]></wp:status>
		<wp:post_parent>9</wp:post_parent>
		<wp:menu_order>0</wp:menu_order>
		<wp:post_type><![CDATA[attachment]]></wp:post_type>
		<wp:post_password><![CDATA[]]></wp:post_password>
		<wp:is_sticky>0</wp:is_sticky>
		<wp:attachment_url><![CDATA[https://earth-strike.com/in/wp-content/uploads/sites/30/2018/11/flogo_RGB_HEX-114.png]]></wp:attachment_url>
		<wp:postmeta>
			<wp:meta_key><![CDATA[_wp_attached_file]]></wp:meta_key>
			<wp:meta_value><![CDATA[2018/11/flogo_RGB_HEX-114.png]]></wp:meta_value>
		</wp:postmeta>
		<wp:postmeta>
			<wp:meta_key><![CDATA[_wp_attachment_metadata]]></wp:meta_key>
			<wp:meta_value><![CDATA[a:5:{s:5:"width";i:114;s:6:"height";i:114;s:4:"file";s:29:"2018/11/flogo_RGB_HEX-114.png";s:5:"sizes";a:0:{}s:10:"image_meta";a:12:{s:8:"aperture";s:1:"0";s:6:"credit";s:0:"";s:6:"camera";s:0:"";s:7:"caption";s:0:"";s:17:"created_timestamp";s:1:"0";s:9:"copyright";s:0:"";s:12:"focal_length";s:1:"0";s:3:"iso";s:1:"0";s:13:"shutter_speed";s:1:"0";s:5:"title";s:0:"";s:11:"orientation";s:1:"0";s:8:"keywords";a:0:{}}}]]></wp:meta_value>
		</wp:postmeta>
	</item>
	<item>
		<title>Twitter_Logo_Blue</title>
		<link>http://earth-strike.com/in/get-involved/twitter_logo_blue-4/</link>
		<pubDate>Sun, 18 Nov 2018 12:53:06 +0000</pubDate>
		<dc:creator><![CDATA[in]]></dc:creator>
		<guid isPermaLink="false">https://earth-strike.com/in/wp-content/uploads/sites/30/2018/11/Twitter_Logo_Blue-3.png</guid>
		<description></description>
		<content:encoded><![CDATA[]]></content:encoded>
		<excerpt:encoded><![CDATA[]]></excerpt:encoded>
		<wp:post_id>47</wp:post_id>
		<wp:post_date><![CDATA[2018-11-18 12:53:06]]></wp:post_date>
		<wp:post_date_gmt><![CDATA[2018-11-18 12:53:06]]></wp:post_date_gmt>
		<wp:comment_status><![CDATA[closed]]></wp:comment_status>
		<wp:ping_status><![CDATA[closed]]></wp:ping_status>
		<wp:post_name><![CDATA[twitter_logo_blue-4]]></wp:post_name>
		<wp:status><![CDATA[inherit]]></wp:status>
		<wp:post_parent>9</wp:post_parent>
		<wp:menu_order>0</wp:menu_order>
		<wp:post_type><![CDATA[attachment]]></wp:post_type>
		<wp:post_password><![CDATA[]]></wp:post_password>
		<wp:is_sticky>0</wp:is_sticky>
		<wp:attachment_url><![CDATA[https://earth-strike.com/in/wp-content/uploads/sites/30/2018/11/Twitter_Logo_Blue-3.png]]></wp:attachment_url>
		<wp:postmeta>
			<wp:meta_key><![CDATA[_wp_attached_file]]></wp:meta_key>
			<wp:meta_value><![CDATA[2018/11/Twitter_Logo_Blue-3.png]]></wp:meta_value>
		</wp:postmeta>
		<wp:postmeta>
			<wp:meta_key><![CDATA[_wp_attachment_metadata]]></wp:meta_key>
			<wp:meta_value><![CDATA[a:5:{s:5:"width";i:400;s:6:"height";i:400;s:4:"file";s:31:"2018/11/Twitter_Logo_Blue-3.png";s:5:"sizes";a:2:{s:9:"thumbnail";a:4:{s:4:"file";s:31:"Twitter_Logo_Blue-3-150x150.png";s:5:"width";i:150;s:6:"height";i:150;s:9:"mime-type";s:9:"image/png";}s:6:"medium";a:4:{s:4:"file";s:31:"Twitter_Logo_Blue-3-300x300.png";s:5:"width";i:300;s:6:"height";i:300;s:9:"mime-type";s:9:"image/png";}}s:10:"image_meta";a:12:{s:8:"aperture";s:1:"0";s:6:"credit";s:0:"";s:6:"camera";s:0:"";s:7:"caption";s:0:"";s:17:"created_timestamp";s:1:"0";s:9:"copyright";s:0:"";s:12:"focal_length";s:1:"0";s:3:"iso";s:1:"0";s:13:"shutter_speed";s:1:"0";s:5:"title";s:0:"";s:11:"orientation";s:1:"0";s:8:"keywords";a:0:{}}}]]></wp:meta_value>
		</wp:postmeta>
	</item>
	<item>
		<title>Discord-Logo+Wordmark-Color</title>
		<link>http://earth-strike.com/in/get-involved/discord-logowordmark-color/</link>
		<pubDate>Sun, 18 Nov 2018 12:53:22 +0000</pubDate>
		<dc:creator><![CDATA[in]]></dc:creator>
		<guid isPermaLink="false">https://earth-strike.com/in/wp-content/uploads/sites/30/2018/11/Discord-LogoWordmark-Color.png</guid>
		<description></description>
		<content:encoded><![CDATA[]]></content:encoded>
		<excerpt:encoded><![CDATA[]]></excerpt:encoded>
		<wp:post_id>48</wp:post_id>
		<wp:post_date><![CDATA[2018-11-18 12:53:22]]></wp:post_date>
		<wp:post_date_gmt><![CDATA[2018-11-18 12:53:22]]></wp:post_date_gmt>
		<wp:comment_status><![CDATA[closed]]></wp:comment_status>
		<wp:ping_status><![CDATA[closed]]></wp:ping_status>
		<wp:post_name><![CDATA[discord-logowordmark-color]]></wp:post_name>
		<wp:status><![CDATA[inherit]]></wp:status>
		<wp:post_parent>9</wp:post_parent>
		<wp:menu_order>0</wp:menu_order>
		<wp:post_type><![CDATA[attachment]]></wp:post_type>
		<wp:post_password><![CDATA[]]></wp:post_password>
		<wp:is_sticky>0</wp:is_sticky>
		<wp:attachment_url><![CDATA[https://earth-strike.com/in/wp-content/uploads/sites/30/2018/11/Discord-LogoWordmark-Color.png]]></wp:attachment_url>
		<wp:postmeta>
			<wp:meta_key><![CDATA[_wp_attached_file]]></wp:meta_key>
			<wp:meta_value><![CDATA[2018/11/Discord-LogoWordmark-Color.png]]></wp:meta_value>
		</wp:postmeta>
		<wp:postmeta>
			<wp:meta_key><![CDATA[_wp_attachment_metadata]]></wp:meta_key>
			<wp:meta_value><![CDATA[a:5:{s:5:"width";i:800;s:6:"height";i:272;s:4:"file";s:38:"2018/11/Discord-LogoWordmark-Color.png";s:5:"sizes";a:3:{s:9:"thumbnail";a:4:{s:4:"file";s:38:"Discord-LogoWordmark-Color-150x150.png";s:5:"width";i:150;s:6:"height";i:150;s:9:"mime-type";s:9:"image/png";}s:6:"medium";a:4:{s:4:"file";s:38:"Discord-LogoWordmark-Color-300x102.png";s:5:"width";i:300;s:6:"height";i:102;s:9:"mime-type";s:9:"image/png";}s:12:"medium_large";a:4:{s:4:"file";s:38:"Discord-LogoWordmark-Color-768x261.png";s:5:"width";i:768;s:6:"height";i:261;s:9:"mime-type";s:9:"image/png";}}s:10:"image_meta";a:12:{s:8:"aperture";s:1:"0";s:6:"credit";s:0:"";s:6:"camera";s:0:"";s:7:"caption";s:0:"";s:17:"created_timestamp";s:1:"0";s:9:"copyright";s:0:"";s:12:"focal_length";s:1:"0";s:3:"iso";s:1:"0";s:13:"shutter_speed";s:1:"0";s:5:"title";s:0:"";s:11:"orientation";s:1:"0";s:8:"keywords";a:0:{}}}]]></wp:meta_value>
		</wp:postmeta>
	</item>
	<item>
		<title>Reddit_Mark_OnWhite</title>
		<link>http://earth-strike.com/in/get-involved/reddit_mark_onwhite/</link>
		<pubDate>Sun, 18 Nov 2018 12:55:11 +0000</pubDate>
		<dc:creator><![CDATA[in]]></dc:creator>
		<guid isPermaLink="false">https://earth-strike.com/in/wp-content/uploads/sites/30/2018/11/Reddit_Mark_OnWhite.png</guid>
		<description></description>
		<content:encoded><![CDATA[]]></content:encoded>
		<excerpt:encoded><![CDATA[]]></excerpt:encoded>
		<wp:post_id>49</wp:post_id>
		<wp:post_date><![CDATA[2018-11-18 12:55:11]]></wp:post_date>
		<wp:post_date_gmt><![CDATA[2018-11-18 12:55:11]]></wp:post_date_gmt>
		<wp:comment_status><![CDATA[closed]]></wp:comment_status>
		<wp:ping_status><![CDATA[closed]]></wp:ping_status>
		<wp:post_name><![CDATA[reddit_mark_onwhite]]></wp:post_name>
		<wp:status><![CDATA[inherit]]></wp:status>
		<wp:post_parent>9</wp:post_parent>
		<wp:menu_order>0</wp:menu_order>
		<wp:post_type><![CDATA[attachment]]></wp:post_type>
		<wp:post_password><![CDATA[]]></wp:post_password>
		<wp:is_sticky>0</wp:is_sticky>
		<wp:attachment_url><![CDATA[https://earth-strike.com/in/wp-content/uploads/sites/30/2018/11/Reddit_Mark_OnWhite.png]]></wp:attachment_url>
		<wp:postmeta>
			<wp:meta_key><![CDATA[_wp_attached_file]]></wp:meta_key>
			<wp:meta_value><![CDATA[2018/11/Reddit_Mark_OnWhite.png]]></wp:meta_value>
		</wp:postmeta>
		<wp:postmeta>
			<wp:meta_key><![CDATA[_wp_attachment_metadata]]></wp:meta_key>
			<wp:meta_value><![CDATA[a:5:{s:5:"width";i:172;s:6:"height";i:172;s:4:"file";s:31:"2018/11/Reddit_Mark_OnWhite.png";s:5:"sizes";a:1:{s:9:"thumbnail";a:4:{s:4:"file";s:31:"Reddit_Mark_OnWhite-150x150.png";s:5:"width";i:150;s:6:"height";i:150;s:9:"mime-type";s:9:"image/png";}}s:10:"image_meta";a:12:{s:8:"aperture";s:1:"0";s:6:"credit";s:0:"";s:6:"camera";s:0:"";s:7:"caption";s:0:"";s:17:"created_timestamp";s:1:"0";s:9:"copyright";s:0:"";s:12:"focal_length";s:1:"0";s:3:"iso";s:1:"0";s:13:"shutter_speed";s:1:"0";s:5:"title";s:0:"";s:11:"orientation";s:1:"0";s:8:"keywords";a:0:{}}}]]></wp:meta_value>
		</wp:postmeta>
	</item>
	<item>
		<title>Manifesto</title>
		<link>http://earth-strike.com/in/manifesto/</link>
		<pubDate>Mon, 12 Nov 2018 09:33:22 +0000</pubDate>
		<dc:creator><![CDATA[Aron]]></dc:creator>
		<guid isPermaLink="false">http://earth-strike.com/earth-strike-2/?page_id=5</guid>
		<description></description>
		<content:encoded><![CDATA[<!-- wp:heading -->
<h2>Manifesto</h2>
<!-- /wp:heading -->

<!-- wp:list -->
<ul><li>Defining climate change, and it's causes.</li><li>Impact of climate change on India in recent past. (This would include the calamities like floods, cyclones, droughts, as well as air and water pollution and its casualties)</li><li>The predicted effect of climate change in the future.<br></li><li>Actions that can be taken to prevent this.<br></li><li>What Earth Strike Movement is, and what are its demands</li></ul>
<!-- /wp:list -->

<!-- wp:heading -->
<h2>Demands</h2>
<!-- /wp:heading -->

<!-- wp:list -->
<ul><li>Mitigation</li><li>Transition from fossil fules to renewable energy systems alloting carbon budget in a way that aimis at 1.5°C&nbsp; rise or bellow.</li><li>The transition should be just and ensure security and jobs to workers and communities what are tied with fossil fuel industries.</li><li>Urban and transportation "reconfigration" that is least energy intensive.</li><li> Lower the domestic aviation industry emissions in a planned manner.<br></li></ul>
<!-- /wp:list -->

<!-- wp:heading -->
<h2>Adaptation</h2>
<!-- /wp:heading -->

<!-- wp:list -->
<ul><li> Security and support for climate migrants.</li><li>Retrofitting of houses.</li></ul>
<!-- /wp:list -->]]></content:encoded>
		<excerpt:encoded><![CDATA[]]></excerpt:encoded>
		<wp:post_id>5</wp:post_id>
		<wp:post_date><![CDATA[2018-11-12 09:33:22]]></wp:post_date>
		<wp:post_date_gmt><![CDATA[2018-11-12 09:33:22]]></wp:post_date_gmt>
		<wp:comment_status><![CDATA[closed]]></wp:comment_status>
		<wp:ping_status><![CDATA[closed]]></wp:ping_status>
		<wp:post_name><![CDATA[manifesto]]></wp:post_name>
		<wp:status><![CDATA[publish]]></wp:status>
		<wp:post_parent>0</wp:post_parent>
		<wp:menu_order>0</wp:menu_order>
		<wp:post_type><![CDATA[page]]></wp:post_type>
		<wp:post_password><![CDATA[]]></wp:post_password>
		<wp:is_sticky>0</wp:is_sticky>
		<wp:postmeta>
			<wp:meta_key><![CDATA[_customify_content_layout]]></wp:meta_key>
			<wp:meta_value><![CDATA[]]></wp:meta_value>
		</wp:postmeta>
		<wp:postmeta>
			<wp:meta_key><![CDATA[_customify_sidebar]]></wp:meta_key>
			<wp:meta_value><![CDATA[]]></wp:meta_value>
		</wp:postmeta>
		<wp:postmeta>
			<wp:meta_key><![CDATA[_customify_disable_header]]></wp:meta_key>
			<wp:meta_value><![CDATA[]]></wp:meta_value>
		</wp:postmeta>
		<wp:postmeta>
			<wp:meta_key><![CDATA[_customify_disable_page_title]]></wp:meta_key>
			<wp:meta_value><![CDATA[]]></wp:meta_value>
		</wp:postmeta>
		<wp:postmeta>
			<wp:meta_key><![CDATA[_customify_disable_footer_main]]></wp:meta_key>
			<wp:meta_value><![CDATA[]]></wp:meta_value>
		</wp:postmeta>
		<wp:postmeta>
			<wp:meta_key><![CDATA[_customify_disable_footer_bottom]]></wp:meta_key>
			<wp:meta_value><![CDATA[]]></wp:meta_value>
		</wp:postmeta>
		<wp:postmeta>
			<wp:meta_key><![CDATA[_customify_page_header_display]]></wp:meta_key>
			<wp:meta_value><![CDATA[default]]></wp:meta_value>
		</wp:postmeta>
		<wp:postmeta>
			<wp:meta_key><![CDATA[_yoast_wpseo_content_score]]></wp:meta_key>
			<wp:meta_value><![CDATA[30]]></wp:meta_value>
		</wp:postmeta>
		<wp:postmeta>
			<wp:meta_key><![CDATA[_edit_last]]></wp:meta_key>
			<wp:meta_value><![CDATA[30]]></wp:meta_value>
		</wp:postmeta>
	</item>
	<item>
		<title>Events</title>
		<link>http://earth-strike.com/in/events/</link>
		<pubDate>Mon, 12 Nov 2018 09:33:35 +0000</pubDate>
		<dc:creator><![CDATA[Aron]]></dc:creator>
		<guid isPermaLink="false">http://earth-strike.com/earth-strike-2/?page_id=6</guid>
		<description></description>
		<content:encoded><![CDATA[]]></content:encoded>
		<excerpt:encoded><![CDATA[]]></excerpt:encoded>
		<wp:post_id>6</wp:post_id>
		<wp:post_date><![CDATA[2018-11-12 09:33:35]]></wp:post_date>
		<wp:post_date_gmt><![CDATA[2018-11-12 09:33:35]]></wp:post_date_gmt>
		<wp:comment_status><![CDATA[closed]]></wp:comment_status>
		<wp:ping_status><![CDATA[closed]]></wp:ping_status>
		<wp:post_name><![CDATA[events]]></wp:post_name>
		<wp:status><![CDATA[publish]]></wp:status>
		<wp:post_parent>0</wp:post_parent>
		<wp:menu_order>0</wp:menu_order>
		<wp:post_type><![CDATA[page]]></wp:post_type>
		<wp:post_password><![CDATA[]]></wp:post_password>
		<wp:is_sticky>0</wp:is_sticky>
	</item>
	<item>
		<title>Resources</title>
		<link>http://earth-strike.com/in/resources/</link>
		<pubDate>Mon, 12 Nov 2018 09:33:44 +0000</pubDate>
		<dc:creator><![CDATA[Aron]]></dc:creator>
		<guid isPermaLink="false">http://earth-strike.com/earth-strike-2/?page_id=7</guid>
		<description></description>
		<content:encoded><![CDATA[]]></content:encoded>
		<excerpt:encoded><![CDATA[]]></excerpt:encoded>
		<wp:post_id>7</wp:post_id>
		<wp:post_date><![CDATA[2018-11-12 09:33:44]]></wp:post_date>
		<wp:post_date_gmt><![CDATA[2018-11-12 09:33:44]]></wp:post_date_gmt>
		<wp:comment_status><![CDATA[closed]]></wp:comment_status>
		<wp:ping_status><![CDATA[closed]]></wp:ping_status>
		<wp:post_name><![CDATA[resources]]></wp:post_name>
		<wp:status><![CDATA[publish]]></wp:status>
		<wp:post_parent>0</wp:post_parent>
		<wp:menu_order>0</wp:menu_order>
		<wp:post_type><![CDATA[page]]></wp:post_type>
		<wp:post_password><![CDATA[]]></wp:post_password>
		<wp:is_sticky>0</wp:is_sticky>
	</item>
	<item>
		<title>Contact</title>
		<link>http://earth-strike.com/in/contact/</link>
		<pubDate>Mon, 12 Nov 2018 09:34:03 +0000</pubDate>
		<dc:creator><![CDATA[Aron]]></dc:creator>
		<guid isPermaLink="false">http://earth-strike.com/earth-strike-2/?page_id=8</guid>
		<description></description>
		<content:encoded><![CDATA[<!-- wp:html -->
<div class="typeform-widget" style="width: 100%;height: 500px"></div>  (function() { var qs,js,q,s,d=document, gi=d.getElementById, ce=d.createElement, gt=d.getElementsByTagName, id="typef_orm", b="https://embed.typeform.com/"; if(!gi.call(d,id)) { js=ce.call(d,"script"); js.id=id; js.src=b+"embed.js"; q=gt.call(d,"script")[0]; q.parentNode.insertBefore(js,q) } })()  <div style="font-family: Sans-Serif;font-size: 12px;color: #999;padding-top: 5px"> powered by <a href="https://admin.typeform.com/signup?utm_campaign=gc4z50&amp;utm_source=typeform.com-12927159-Basic&amp;utm_medium=typeform&amp;utm_content=typeform-embedded-poweredbytypeform&amp;utm_term=EN" style="color: #999" target="_blank">Typeform</a> </div>
<!-- /wp:html -->

<!-- wp:paragraph -->
<p></p>
<!-- /wp:paragraph -->]]></content:encoded>
		<excerpt:encoded><![CDATA[]]></excerpt:encoded>
		<wp:post_id>8</wp:post_id>
		<wp:post_date><![CDATA[2018-11-12 09:34:03]]></wp:post_date>
		<wp:post_date_gmt><![CDATA[2018-11-12 09:34:03]]></wp:post_date_gmt>
		<wp:comment_status><![CDATA[closed]]></wp:comment_status>
		<wp:ping_status><![CDATA[closed]]></wp:ping_status>
		<wp:post_name><![CDATA[contact]]></wp:post_name>
		<wp:status><![CDATA[publish]]></wp:status>
		<wp:post_parent>0</wp:post_parent>
		<wp:menu_order>0</wp:menu_order>
		<wp:post_type><![CDATA[page]]></wp:post_type>
		<wp:post_password><![CDATA[]]></wp:post_password>
		<wp:is_sticky>0</wp:is_sticky>
		<wp:postmeta>
			<wp:meta_key><![CDATA[_edit_last]]></wp:meta_key>
			<wp:meta_value><![CDATA[30]]></wp:meta_value>
		</wp:postmeta>
		<wp:postmeta>
			<wp:meta_key><![CDATA[_customify_content_layout]]></wp:meta_key>
			<wp:meta_value><![CDATA[]]></wp:meta_value>
		</wp:postmeta>
		<wp:postmeta>
			<wp:meta_key><![CDATA[_customify_sidebar]]></wp:meta_key>
			<wp:meta_value><![CDATA[]]></wp:meta_value>
		</wp:postmeta>
		<wp:postmeta>
			<wp:meta_key><![CDATA[_customify_disable_header]]></wp:meta_key>
			<wp:meta_value><![CDATA[]]></wp:meta_value>
		</wp:postmeta>
		<wp:postmeta>
			<wp:meta_key><![CDATA[_customify_disable_page_title]]></wp:meta_key>
			<wp:meta_value><![CDATA[]]></wp:meta_value>
		</wp:postmeta>
		<wp:postmeta>
			<wp:meta_key><![CDATA[_customify_disable_footer_main]]></wp:meta_key>
			<wp:meta_value><![CDATA[]]></wp:meta_value>
		</wp:postmeta>
		<wp:postmeta>
			<wp:meta_key><![CDATA[_customify_disable_footer_bottom]]></wp:meta_key>
			<wp:meta_value><![CDATA[]]></wp:meta_value>
		</wp:postmeta>
		<wp:postmeta>
			<wp:meta_key><![CDATA[_customify_page_header_display]]></wp:meta_key>
			<wp:meta_value><![CDATA[default]]></wp:meta_value>
		</wp:postmeta>
		<wp:postmeta>
			<wp:meta_key><![CDATA[_yoast_wpseo_content_score]]></wp:meta_key>
			<wp:meta_value><![CDATA[30]]></wp:meta_value>
		</wp:postmeta>
	</item>
	<item>
		<title>Get involved!</title>
		<link>http://earth-strike.com/in/get-involved/</link>
		<pubDate>Mon, 12 Nov 2018 09:34:30 +0000</pubDate>
		<dc:creator><![CDATA[Aron]]></dc:creator>
		<guid isPermaLink="false">http://earth-strike.com/earth-strike-2/?page_id=9</guid>
		<description></description>
		<content:encoded><![CDATA[<!-- wp:paragraph -->
<p>There are a lot of ways you can get involved in the Earth Strike India Campaign</p>
<!-- /wp:paragraph -->

<!-- wp:heading -->
<h2>Social Media</h2>
<!-- /wp:heading -->

<!-- wp:paragraph -->
<p>You can follow us on social media and share the movement with your friends!</p>
<!-- /wp:paragraph -->

<!-- wp:columns {"columns":4} -->
<div class="wp-block-columns has-4-columns"><!-- wp:column -->
<div class="wp-block-column"><!-- wp:image {"id":46,"align":"center","width":100,"height":100,"linkDestination":"custom"} -->
<div class="wp-block-image"><figure class="aligncenter is-resized"><a href="https://www.facebook.com/EarthStrikeIN/?ti=as" target="_blank" rel="noreferrer noopener"><img src="https://earth-strike.com/in/wp-content/uploads/sites/30/2018/11/flogo_RGB_HEX-114.png" alt="" class="wp-image-46" width="100" height="100" /></a></figure></div>
<!-- /wp:image --></div>
<!-- /wp:column -->

<!-- wp:column -->
<div class="wp-block-column"><!-- wp:image {"id":47,"align":"center","width":100,"height":100,"linkDestination":"custom"} -->
<div class="wp-block-image"><figure class="aligncenter is-resized"><a href="https://twitter.com/EarthStrikeIN/" target="_blank" rel="noreferrer noopener"><img src="https://earth-strike.com/in/wp-content/uploads/sites/30/2018/11/Twitter_Logo_Blue-3.png" alt="" class="wp-image-47" width="100" height="100" /></a></figure></div>
<!-- /wp:image --></div>
<!-- /wp:column -->

<!-- wp:column -->
<div class="wp-block-column"><!-- wp:image {"id":48,"align":"center","width":271,"height":91,"linkDestination":"custom"} -->
<div class="wp-block-image"><figure class="aligncenter is-resized"><a href="https://discord.gg/JAqJ7tB" target="_blank" rel="noreferrer noopener"><img src="https://earth-strike.com/in/wp-content/uploads/sites/30/2018/11/Discord-LogoWordmark-Color.png" alt="" class="wp-image-48" width="271" height="91" /></a></figure></div>
<!-- /wp:image --></div>
<!-- /wp:column -->

<!-- wp:column -->
<div class="wp-block-column"><!-- wp:image {"id":49,"align":"center","width":100,"height":100,"linkDestination":"custom"} -->
<div class="wp-block-image"><figure class="aligncenter is-resized"><a href="https://www.reddit.com/r/EarthStrike" target="_blank" rel="noreferrer noopener"><img src="https://earth-strike.com/in/wp-content/uploads/sites/30/2018/11/Reddit_Mark_OnWhite.png" alt="" class="wp-image-49" width="100" height="100" /></a></figure></div>
<!-- /wp:image --></div>
<!-- /wp:column --></div>
<!-- /wp:columns -->]]></content:encoded>
		<excerpt:encoded><![CDATA[]]></excerpt:encoded>
		<wp:post_id>9</wp:post_id>
		<wp:post_date><![CDATA[2018-11-12 09:34:30]]></wp:post_date>
		<wp:post_date_gmt><![CDATA[2018-11-12 09:34:30]]></wp:post_date_gmt>
		<wp:comment_status><![CDATA[closed]]></wp:comment_status>
		<wp:ping_status><![CDATA[closed]]></wp:ping_status>
		<wp:post_name><![CDATA[get-involved]]></wp:post_name>
		<wp:status><![CDATA[publish]]></wp:status>
		<wp:post_parent>0</wp:post_parent>
		<wp:menu_order>0</wp:menu_order>
		<wp:post_type><![CDATA[page]]></wp:post_type>
		<wp:post_password><![CDATA[]]></wp:post_password>
		<wp:is_sticky>0</wp:is_sticky>
		<wp:postmeta>
			<wp:meta_key><![CDATA[_customify_content_layout]]></wp:meta_key>
			<wp:meta_value><![CDATA[]]></wp:meta_value>
		</wp:postmeta>
		<wp:postmeta>
			<wp:meta_key><![CDATA[_customify_sidebar]]></wp:meta_key>
			<wp:meta_value><![CDATA[]]></wp:meta_value>
		</wp:postmeta>
		<wp:postmeta>
			<wp:meta_key><![CDATA[_customify_disable_header]]></wp:meta_key>
			<wp:meta_value><![CDATA[]]></wp:meta_value>
		</wp:postmeta>
		<wp:postmeta>
			<wp:meta_key><![CDATA[_customify_disable_page_title]]></wp:meta_key>
			<wp:meta_value><![CDATA[]]></wp:meta_value>
		</wp:postmeta>
		<wp:postmeta>
			<wp:meta_key><![CDATA[_customify_disable_footer_main]]></wp:meta_key>
			<wp:meta_value><![CDATA[]]></wp:meta_value>
		</wp:postmeta>
		<wp:postmeta>
			<wp:meta_key><![CDATA[_customify_disable_footer_bottom]]></wp:meta_key>
			<wp:meta_value><![CDATA[]]></wp:meta_value>
		</wp:postmeta>
		<wp:postmeta>
			<wp:meta_key><![CDATA[_customify_page_header_display]]></wp:meta_key>
			<wp:meta_value><![CDATA[default]]></wp:meta_value>
		</wp:postmeta>
		<wp:postmeta>
			<wp:meta_key><![CDATA[_edit_last]]></wp:meta_key>
			<wp:meta_value><![CDATA[30]]></wp:meta_value>
		</wp:postmeta>
		<wp:postmeta>
			<wp:meta_key><![CDATA[_yoast_wpseo_content_score]]></wp:meta_key>
			<wp:meta_value><![CDATA[60]]></wp:meta_value>
		</wp:postmeta>
	</item>
	<item>
		<title>Newsletter</title>
		<link>http://earth-strike.com/in/newsletter/</link>
		<pubDate>Tue, 27 Nov 2018 15:34:28 +0000</pubDate>
		<dc:creator><![CDATA[in]]></dc:creator>
		<guid isPermaLink="false">http://earth-strike.com/in/newsletter/</guid>
		<description></description>
		<content:encoded><![CDATA[[newsletter]]]></content:encoded>
		<excerpt:encoded><![CDATA[]]></excerpt:encoded>
		<wp:post_id>61</wp:post_id>
		<wp:post_date><![CDATA[2018-11-27 15:34:28]]></wp:post_date>
		<wp:post_date_gmt><![CDATA[2018-11-27 15:34:28]]></wp:post_date_gmt>
		<wp:comment_status><![CDATA[closed]]></wp:comment_status>
		<wp:ping_status><![CDATA[closed]]></wp:ping_status>
		<wp:post_name><![CDATA[newsletter]]></wp:post_name>
		<wp:status><![CDATA[publish]]></wp:status>
		<wp:post_parent>0</wp:post_parent>
		<wp:menu_order>0</wp:menu_order>
		<wp:post_type><![CDATA[page]]></wp:post_type>
		<wp:post_password><![CDATA[]]></wp:post_password>
		<wp:is_sticky>0</wp:is_sticky>
	</item>
</channel>
</rss>
