<?xml version="1.0" encoding="UTF-8" ?>
<!-- This is a WordPress eXtended RSS file generated by WordPress as an export of your site. -->
<!-- It contains information about your site's posts, pages, comments, categories, and other content. -->
<!-- You may use this file to transfer that content from one site to another. -->
<!-- This file is not intended to serve as a complete backup of your site. -->

<!-- To import this information into a WordPress site follow these steps: -->
<!-- 1. Log in to that site as an administrator. -->
<!-- 2. Go to Tools: Import in the WordPress admin panel. -->
<!-- 3. Install the "WordPress" importer from the list. -->
<!-- 4. Activate & Run Importer. -->
<!-- 5. Upload this file using the form provided on that page. -->
<!-- 6. You will first be asked to map the authors in this export file to users -->
<!--    on the site. For each author, you may choose to map to an -->
<!--    existing user on the site or to create a new user. -->
<!-- 7. WordPress will then import each of the posts, pages, comments, categories, etc. -->
<!--    contained in this file into your site. -->

<!-- generator="WordPress/5.0.2" created="2019-01-01 18:44" -->
<rss version="2.0"
	xmlns:excerpt="http://wordpress.org/export/1.2/excerpt/"
	xmlns:content="http://purl.org/rss/1.0/modules/content/"
	xmlns:wfw="http://wellformedweb.org/CommentAPI/"
	xmlns:dc="http://purl.org/dc/elements/1.1/"
	xmlns:wp="http://wordpress.org/export/1.2/"
>

<channel>
	<title>Earth Strike New Zealand</title>
	<link>http://earth-strike.com/nz</link>
	<description>A movement to end climate change - 2019</description>
	<pubDate>Tue, 01 Jan 2019 18:44:20 +0000</pubDate>
	<language>en-AU</language>
	<wp:wxr_version>1.2</wp:wxr_version>
	<wp:base_site_url>http://earth-strike.com/</wp:base_site_url>
	<wp:base_blog_url>http://earth-strike.com/nz</wp:base_blog_url>

	<wp:author><wp:author_id>1</wp:author_id><wp:author_login><![CDATA[Aron]]></wp:author_login><wp:author_email><![CDATA[aron@aronvanwilligen.nl]]></wp:author_email><wp:author_display_name><![CDATA[Earth Strike]]></wp:author_display_name><wp:author_first_name><![CDATA[]]></wp:author_first_name><wp:author_last_name><![CDATA[]]></wp:author_last_name></wp:author>
	<wp:author><wp:author_id>18</wp:author_id><wp:author_login><![CDATA[nz]]></wp:author_login><wp:author_email><![CDATA[nz@earth-strike.com]]></wp:author_email><wp:author_display_name><![CDATA[nz]]></wp:author_display_name><wp:author_first_name><![CDATA[]]></wp:author_first_name><wp:author_last_name><![CDATA[]]></wp:author_last_name></wp:author>
	<wp:author><wp:author_id>22</wp:author_id><wp:author_login><![CDATA[hperks]]></wp:author_login><wp:author_email><![CDATA[om8zen@gmail.com]]></wp:author_email><wp:author_display_name><![CDATA[hPerks]]></wp:author_display_name><wp:author_first_name><![CDATA[Owen]]></wp:author_first_name><wp:author_last_name><![CDATA[Maitzen]]></wp:author_last_name></wp:author>

	<wp:category>
		<wp:term_id>1</wp:term_id>
		<wp:category_nicename><![CDATA[uncategorized]]></wp:category_nicename>
		<wp:category_parent><![CDATA[]]></wp:category_parent>
		<wp:cat_name><![CDATA[Uncategorized]]></wp:cat_name>
	</wp:category>
	<wp:term><wp:term_id>2</wp:term_id><wp:term_taxonomy>nav_menu</wp:term_taxonomy><wp:term_slug><![CDATA[main-menu]]></wp:term_slug><wp:term_name><![CDATA[Main Menu]]></wp:term_name>
</wp:term>

	<generator>https://wordpress.org/?v=5.0.2</generator>

<image>
	<url>https://earth-strike.com/nz/wp-content/uploads/sites/19/2018/11/cropped-EarthStrike-Logo-32x32.png</url>
	<title>Earth Strike New Zealand</title>
	<link>http://earth-strike.com/nz</link>
	<width>32</width>
	<height>32</height>
</image> 

	<item>
		<title>Earth Strike</title>
		<link>http://earth-strike.com/nz/</link>
		<pubDate>Mon, 12 Nov 2018 09:25:40 +0000</pubDate>
		<dc:creator><![CDATA[nz]]></dc:creator>
		<guid isPermaLink="false">http://earth-strike.com/newz/?page_id=2</guid>
		<description></description>
		<content:encoded><![CDATA[<!-- wp:paragraph -->
<p>Welcome to #earthstrike – General Strike to Save the Planet. We are organizing a general strike on the 15th of January, 2019 to protest the destruction of the planet.</p>
<!-- /wp:paragraph -->

<!-- wp:paragraph -->
<p>Earth Strike is a grass-roots environmental activist movement which aims to pressure governments and corporations around the world to take immediate action to avoid irreversible climate change before it is too late. Numerous studies and analyses have been published by prestigious scientific organizations which show, without a doubt, that if we do not&nbsp;take action now we will not only commit to those effects we see in our climate today, but we commit ourselves – every human and animal on the planet – to perpetually worsening climate catastrophe. This problem can still be solved . However, it can only be solved when the&nbsp;groups who are trying to solve it have the support of news organizations, social media&nbsp;platforms, and political leaders who can amplify their efforts.</p>
<!-- /wp:paragraph -->

<!-- wp:paragraph -->
<p><a href="https://earth-strike.com/mission/">Read the full international Mission Statement here</a>.</p>
<!-- /wp:paragraph -->

<!-- wp:paragraph -->
<p>To contact the New Zealand team, send an email to&nbsp;<a href="mailto:info@earth-strike.com">nz@earth-strike.com</a>. If you want to help out in New Zealand,&nbsp;see the&nbsp;<a href="https://earth-strike.com/get-involved/">Get involved!</a>&nbsp;page.</p>
<!-- /wp:paragraph -->]]></content:encoded>
		<excerpt:encoded><![CDATA[]]></excerpt:encoded>
		<wp:post_id>2</wp:post_id>
		<wp:post_date><![CDATA[2018-11-12 09:25:40]]></wp:post_date>
		<wp:post_date_gmt><![CDATA[2018-11-12 09:25:40]]></wp:post_date_gmt>
		<wp:comment_status><![CDATA[closed]]></wp:comment_status>
		<wp:ping_status><![CDATA[closed]]></wp:ping_status>
		<wp:post_name><![CDATA[earth-strike]]></wp:post_name>
		<wp:status><![CDATA[publish]]></wp:status>
		<wp:post_parent>0</wp:post_parent>
		<wp:menu_order>0</wp:menu_order>
		<wp:post_type><![CDATA[page]]></wp:post_type>
		<wp:post_password><![CDATA[]]></wp:post_password>
		<wp:is_sticky>0</wp:is_sticky>
		<wp:postmeta>
			<wp:meta_key><![CDATA[_wp_page_template]]></wp:meta_key>
			<wp:meta_value><![CDATA[default]]></wp:meta_value>
		</wp:postmeta>
		<wp:postmeta>
			<wp:meta_key><![CDATA[_customify_content_layout]]></wp:meta_key>
			<wp:meta_value><![CDATA[]]></wp:meta_value>
		</wp:postmeta>
		<wp:postmeta>
			<wp:meta_key><![CDATA[_customify_sidebar]]></wp:meta_key>
			<wp:meta_value><![CDATA[]]></wp:meta_value>
		</wp:postmeta>
		<wp:postmeta>
			<wp:meta_key><![CDATA[_customify_disable_header]]></wp:meta_key>
			<wp:meta_value><![CDATA[]]></wp:meta_value>
		</wp:postmeta>
		<wp:postmeta>
			<wp:meta_key><![CDATA[_customify_disable_page_title]]></wp:meta_key>
			<wp:meta_value><![CDATA[]]></wp:meta_value>
		</wp:postmeta>
		<wp:postmeta>
			<wp:meta_key><![CDATA[_customify_disable_footer_main]]></wp:meta_key>
			<wp:meta_value><![CDATA[]]></wp:meta_value>
		</wp:postmeta>
		<wp:postmeta>
			<wp:meta_key><![CDATA[_customify_disable_footer_bottom]]></wp:meta_key>
			<wp:meta_value><![CDATA[]]></wp:meta_value>
		</wp:postmeta>
		<wp:postmeta>
			<wp:meta_key><![CDATA[_customify_page_header_display]]></wp:meta_key>
			<wp:meta_value><![CDATA[default]]></wp:meta_value>
		</wp:postmeta>
		<wp:postmeta>
			<wp:meta_key><![CDATA[_edit_last]]></wp:meta_key>
			<wp:meta_value><![CDATA[18]]></wp:meta_value>
		</wp:postmeta>
		<wp:postmeta>
			<wp:meta_key><![CDATA[_yoast_wpseo_content_score]]></wp:meta_key>
			<wp:meta_value><![CDATA[30]]></wp:meta_value>
		</wp:postmeta>
	</item>
	<item>
		<title>Mission</title>
		<link>http://earth-strike.com/nz/mission/</link>
		<pubDate>Mon, 12 Nov 2018 09:33:22 +0000</pubDate>
		<dc:creator><![CDATA[Aron]]></dc:creator>
		<guid isPermaLink="false">http://earth-strike.com/newz/?page_id=5</guid>
		<description></description>
		<content:encoded><![CDATA[<!-- wp:paragraph -->
<p>The world’s leading climate scientists have warned us that we have until 2030 to prevent temperatures from exceeding 1.5 degrees Celsius. That’s a little over twelve years – by environmental standards, the blink of an eye. If we let the world’s temperature rise by a little over 2 degrees Celsius, the results will be catastrophic – sea levels will rise to untenable levels, heatwaves will become far more common, freshwater will become even more scarce, and many more effects besides. The time to act is now, before it’s too late. According to the CDP’s Carbon Majors Report of 2017, 71% of the world’s global industrial greenhouse gases emissions come from just 100 companies. It is clear that the interests of big business no longer drive the prosperity of the human race. As a society, we need to change our course. For this reason, on January 15th, 2019, we will hold a worldwide general strike, and protests to go with it. We need to make the world’s governments and the world’s businesses listen to the people, and the best way to do that is by refusing to participate in those businesses and governments.There will be no banking, no offices full of employees or schools full of children.But of course, a strike is nothing without demands. The threat of climate change has reached a tipping point despite years of warnings, and we need to change course. This will be achieved through the general strike and accompanying protests with these international demands:</p>
<!-- /wp:paragraph -->

<!-- wp:list -->
<ul><li>An immediate start on global co-operation to reverse the damage done to the earths’ climate, through unambiguous and binding agreements, by both world leaders and corporate entities, following IPCC projections of halving carbon net emissions by 2030 and zero net emissions by 2050;</li><li>International, unambiguous and binding commitments to halt the destruction of rainforests and other wildlife habitats, and</li><li>International, unambiguous and binding agreements designed to hold corporations accountable for the greenhouse gases they produce.</li></ul>
<!-- /wp:list -->

<!-- wp:paragraph -->
<p>As citizens of this planet, we implore you to work in the best interests of our species and work with us to both mitigate and prepare for the effects climate change. Spread the word of the protests, organise with your community, and take a stand for the future. The Earth shall go on strike!</p>
<!-- /wp:paragraph -->]]></content:encoded>
		<excerpt:encoded><![CDATA[]]></excerpt:encoded>
		<wp:post_id>5</wp:post_id>
		<wp:post_date><![CDATA[2018-11-12 09:33:22]]></wp:post_date>
		<wp:post_date_gmt><![CDATA[2018-11-12 09:33:22]]></wp:post_date_gmt>
		<wp:comment_status><![CDATA[closed]]></wp:comment_status>
		<wp:ping_status><![CDATA[closed]]></wp:ping_status>
		<wp:post_name><![CDATA[mission]]></wp:post_name>
		<wp:status><![CDATA[publish]]></wp:status>
		<wp:post_parent>0</wp:post_parent>
		<wp:menu_order>0</wp:menu_order>
		<wp:post_type><![CDATA[page]]></wp:post_type>
		<wp:post_password><![CDATA[]]></wp:post_password>
		<wp:is_sticky>0</wp:is_sticky>
		<wp:postmeta>
			<wp:meta_key><![CDATA[_customify_content_layout]]></wp:meta_key>
			<wp:meta_value><![CDATA[]]></wp:meta_value>
		</wp:postmeta>
		<wp:postmeta>
			<wp:meta_key><![CDATA[_customify_sidebar]]></wp:meta_key>
			<wp:meta_value><![CDATA[]]></wp:meta_value>
		</wp:postmeta>
		<wp:postmeta>
			<wp:meta_key><![CDATA[_customify_disable_header]]></wp:meta_key>
			<wp:meta_value><![CDATA[]]></wp:meta_value>
		</wp:postmeta>
		<wp:postmeta>
			<wp:meta_key><![CDATA[_customify_disable_page_title]]></wp:meta_key>
			<wp:meta_value><![CDATA[]]></wp:meta_value>
		</wp:postmeta>
		<wp:postmeta>
			<wp:meta_key><![CDATA[_customify_disable_footer_main]]></wp:meta_key>
			<wp:meta_value><![CDATA[]]></wp:meta_value>
		</wp:postmeta>
		<wp:postmeta>
			<wp:meta_key><![CDATA[_customify_disable_footer_bottom]]></wp:meta_key>
			<wp:meta_value><![CDATA[]]></wp:meta_value>
		</wp:postmeta>
		<wp:postmeta>
			<wp:meta_key><![CDATA[_customify_page_header_display]]></wp:meta_key>
			<wp:meta_value><![CDATA[default]]></wp:meta_value>
		</wp:postmeta>
		<wp:postmeta>
			<wp:meta_key><![CDATA[_yoast_wpseo_content_score]]></wp:meta_key>
			<wp:meta_value><![CDATA[30]]></wp:meta_value>
		</wp:postmeta>
	</item>
	<item>
		<title>Events</title>
		<link>http://earth-strike.com/nz/events/</link>
		<pubDate>Mon, 12 Nov 2018 09:33:35 +0000</pubDate>
		<dc:creator><![CDATA[Aron]]></dc:creator>
		<guid isPermaLink="false">http://earth-strike.com/newz/?page_id=6</guid>
		<description></description>
		<content:encoded><![CDATA[]]></content:encoded>
		<excerpt:encoded><![CDATA[]]></excerpt:encoded>
		<wp:post_id>6</wp:post_id>
		<wp:post_date><![CDATA[2018-11-12 09:33:35]]></wp:post_date>
		<wp:post_date_gmt><![CDATA[2018-11-12 09:33:35]]></wp:post_date_gmt>
		<wp:comment_status><![CDATA[closed]]></wp:comment_status>
		<wp:ping_status><![CDATA[closed]]></wp:ping_status>
		<wp:post_name><![CDATA[events]]></wp:post_name>
		<wp:status><![CDATA[publish]]></wp:status>
		<wp:post_parent>0</wp:post_parent>
		<wp:menu_order>0</wp:menu_order>
		<wp:post_type><![CDATA[page]]></wp:post_type>
		<wp:post_password><![CDATA[]]></wp:post_password>
		<wp:is_sticky>0</wp:is_sticky>
	</item>
	<item>
		<title>Resources</title>
		<link>http://earth-strike.com/nz/resources/</link>
		<pubDate>Mon, 12 Nov 2018 09:33:44 +0000</pubDate>
		<dc:creator><![CDATA[Aron]]></dc:creator>
		<guid isPermaLink="false">http://earth-strike.com/newz/?page_id=7</guid>
		<description></description>
		<content:encoded><![CDATA[]]></content:encoded>
		<excerpt:encoded><![CDATA[]]></excerpt:encoded>
		<wp:post_id>7</wp:post_id>
		<wp:post_date><![CDATA[2018-11-12 09:33:44]]></wp:post_date>
		<wp:post_date_gmt><![CDATA[2018-11-12 09:33:44]]></wp:post_date_gmt>
		<wp:comment_status><![CDATA[closed]]></wp:comment_status>
		<wp:ping_status><![CDATA[closed]]></wp:ping_status>
		<wp:post_name><![CDATA[resources]]></wp:post_name>
		<wp:status><![CDATA[publish]]></wp:status>
		<wp:post_parent>0</wp:post_parent>
		<wp:menu_order>0</wp:menu_order>
		<wp:post_type><![CDATA[page]]></wp:post_type>
		<wp:post_password><![CDATA[]]></wp:post_password>
		<wp:is_sticky>0</wp:is_sticky>
	</item>
	<item>
		<title>Contact</title>
		<link>http://earth-strike.com/nz/contact/</link>
		<pubDate>Mon, 12 Nov 2018 09:34:03 +0000</pubDate>
		<dc:creator><![CDATA[Aron]]></dc:creator>
		<guid isPermaLink="false">http://earth-strike.com/newz/?page_id=8</guid>
		<description></description>
		<content:encoded><![CDATA[<!-- wp:paragraph -->
<p>Email: countrycode@earth-strike.com</p>
<!-- /wp:paragraph -->]]></content:encoded>
		<excerpt:encoded><![CDATA[]]></excerpt:encoded>
		<wp:post_id>8</wp:post_id>
		<wp:post_date><![CDATA[2018-11-12 09:34:03]]></wp:post_date>
		<wp:post_date_gmt><![CDATA[2018-11-12 09:34:03]]></wp:post_date_gmt>
		<wp:comment_status><![CDATA[closed]]></wp:comment_status>
		<wp:ping_status><![CDATA[closed]]></wp:ping_status>
		<wp:post_name><![CDATA[contact]]></wp:post_name>
		<wp:status><![CDATA[publish]]></wp:status>
		<wp:post_parent>0</wp:post_parent>
		<wp:menu_order>0</wp:menu_order>
		<wp:post_type><![CDATA[page]]></wp:post_type>
		<wp:post_password><![CDATA[]]></wp:post_password>
		<wp:is_sticky>0</wp:is_sticky>
	</item>
	<item>
		<title>Get involved!</title>
		<link>http://earth-strike.com/nz/get-involved/</link>
		<pubDate>Mon, 12 Nov 2018 09:34:30 +0000</pubDate>
		<dc:creator><![CDATA[nz]]></dc:creator>
		<guid isPermaLink="false">http://earth-strike.com/newz/?page_id=9</guid>
		<description></description>
		<content:encoded><![CDATA[<!-- wp:paragraph -->
<p>Print fliers and posters (see Resources)</p>
<!-- /wp:paragraph -->

<!-- wp:paragraph -->
<p>Check out events on the Events page. Contact the national organizer (Contact page) to organize your own event</p>
<!-- /wp:paragraph -->

<!-- wp:paragraph -->
<p>Join our <a href="https://discord.gg/JAqJ7tB">Discord</a>.</p>
<!-- /wp:paragraph -->]]></content:encoded>
		<excerpt:encoded><![CDATA[]]></excerpt:encoded>
		<wp:post_id>9</wp:post_id>
		<wp:post_date><![CDATA[2018-11-12 09:34:30]]></wp:post_date>
		<wp:post_date_gmt><![CDATA[2018-11-12 09:34:30]]></wp:post_date_gmt>
		<wp:comment_status><![CDATA[closed]]></wp:comment_status>
		<wp:ping_status><![CDATA[closed]]></wp:ping_status>
		<wp:post_name><![CDATA[get-involved]]></wp:post_name>
		<wp:status><![CDATA[publish]]></wp:status>
		<wp:post_parent>0</wp:post_parent>
		<wp:menu_order>0</wp:menu_order>
		<wp:post_type><![CDATA[page]]></wp:post_type>
		<wp:post_password><![CDATA[]]></wp:post_password>
		<wp:is_sticky>0</wp:is_sticky>
		<wp:postmeta>
			<wp:meta_key><![CDATA[_customify_content_layout]]></wp:meta_key>
			<wp:meta_value><![CDATA[]]></wp:meta_value>
		</wp:postmeta>
		<wp:postmeta>
			<wp:meta_key><![CDATA[_customify_sidebar]]></wp:meta_key>
			<wp:meta_value><![CDATA[]]></wp:meta_value>
		</wp:postmeta>
		<wp:postmeta>
			<wp:meta_key><![CDATA[_customify_disable_header]]></wp:meta_key>
			<wp:meta_value><![CDATA[]]></wp:meta_value>
		</wp:postmeta>
		<wp:postmeta>
			<wp:meta_key><![CDATA[_customify_disable_page_title]]></wp:meta_key>
			<wp:meta_value><![CDATA[]]></wp:meta_value>
		</wp:postmeta>
		<wp:postmeta>
			<wp:meta_key><![CDATA[_customify_disable_footer_main]]></wp:meta_key>
			<wp:meta_value><![CDATA[]]></wp:meta_value>
		</wp:postmeta>
		<wp:postmeta>
			<wp:meta_key><![CDATA[_customify_disable_footer_bottom]]></wp:meta_key>
			<wp:meta_value><![CDATA[]]></wp:meta_value>
		</wp:postmeta>
		<wp:postmeta>
			<wp:meta_key><![CDATA[_customify_page_header_display]]></wp:meta_key>
			<wp:meta_value><![CDATA[default]]></wp:meta_value>
		</wp:postmeta>
		<wp:postmeta>
			<wp:meta_key><![CDATA[_edit_last]]></wp:meta_key>
			<wp:meta_value><![CDATA[18]]></wp:meta_value>
		</wp:postmeta>
	</item>
	<item>
		<title>EarthStrike Logo</title>
		<link>http://earth-strike.com/nz/earthstrike-logo/</link>
		<pubDate>Mon, 12 Nov 2018 09:35:43 +0000</pubDate>
		<dc:creator><![CDATA[Aron]]></dc:creator>
		<guid isPermaLink="false">https://earth-strike.com/newz/wp-content/uploads/sites/19/2018/11/EarthStrike-Logo.png</guid>
		<description></description>
		<content:encoded><![CDATA[]]></content:encoded>
		<excerpt:encoded><![CDATA[]]></excerpt:encoded>
		<wp:post_id>10</wp:post_id>
		<wp:post_date><![CDATA[2018-11-12 09:35:43]]></wp:post_date>
		<wp:post_date_gmt><![CDATA[2018-11-12 09:35:43]]></wp:post_date_gmt>
		<wp:comment_status><![CDATA[open]]></wp:comment_status>
		<wp:ping_status><![CDATA[closed]]></wp:ping_status>
		<wp:post_name><![CDATA[earthstrike-logo]]></wp:post_name>
		<wp:status><![CDATA[inherit]]></wp:status>
		<wp:post_parent>0</wp:post_parent>
		<wp:menu_order>0</wp:menu_order>
		<wp:post_type><![CDATA[attachment]]></wp:post_type>
		<wp:post_password><![CDATA[]]></wp:post_password>
		<wp:is_sticky>0</wp:is_sticky>
		<wp:attachment_url><![CDATA[https://earth-strike.com/nz/wp-content/uploads/sites/19/2018/11/EarthStrike-Logo.png]]></wp:attachment_url>
		<wp:postmeta>
			<wp:meta_key><![CDATA[_wp_attached_file]]></wp:meta_key>
			<wp:meta_value><![CDATA[2018/11/EarthStrike-Logo.png]]></wp:meta_value>
		</wp:postmeta>
		<wp:postmeta>
			<wp:meta_key><![CDATA[_wp_attachment_metadata]]></wp:meta_key>
			<wp:meta_value><![CDATA[a:5:{s:5:"width";i:1200;s:6:"height";i:1200;s:4:"file";s:28:"2018/11/EarthStrike-Logo.png";s:5:"sizes";a:4:{s:9:"thumbnail";a:4:{s:4:"file";s:28:"EarthStrike-Logo-150x150.png";s:5:"width";i:150;s:6:"height";i:150;s:9:"mime-type";s:9:"image/png";}s:6:"medium";a:4:{s:4:"file";s:28:"EarthStrike-Logo-300x300.png";s:5:"width";i:300;s:6:"height";i:300;s:9:"mime-type";s:9:"image/png";}s:12:"medium_large";a:4:{s:4:"file";s:28:"EarthStrike-Logo-768x768.png";s:5:"width";i:768;s:6:"height";i:768;s:9:"mime-type";s:9:"image/png";}s:5:"large";a:4:{s:4:"file";s:30:"EarthStrike-Logo-1024x1024.png";s:5:"width";i:1024;s:6:"height";i:1024;s:9:"mime-type";s:9:"image/png";}}s:10:"image_meta";a:12:{s:8:"aperture";s:1:"0";s:6:"credit";s:0:"";s:6:"camera";s:0:"";s:7:"caption";s:0:"";s:17:"created_timestamp";s:1:"0";s:9:"copyright";s:0:"";s:12:"focal_length";s:1:"0";s:3:"iso";s:1:"0";s:13:"shutter_speed";s:1:"0";s:5:"title";s:0:"";s:11:"orientation";s:1:"0";s:8:"keywords";a:0:{}}}]]></wp:meta_value>
		</wp:postmeta>
	</item>
	<item>
		<title>cropped-EarthStrike-Logo.png</title>
		<link>http://earth-strike.com/nz/cropped-earthstrike-logo-png/</link>
		<pubDate>Mon, 12 Nov 2018 09:36:00 +0000</pubDate>
		<dc:creator><![CDATA[Aron]]></dc:creator>
		<guid isPermaLink="false">https://earth-strike.com/newz/wp-content/uploads/sites/19/2018/11/cropped-EarthStrike-Logo.png</guid>
		<description></description>
		<content:encoded><![CDATA[https://earth-strike.com/newz/wp-content/uploads/sites/19/2018/11/cropped-EarthStrike-Logo.png]]></content:encoded>
		<excerpt:encoded><![CDATA[]]></excerpt:encoded>
		<wp:post_id>11</wp:post_id>
		<wp:post_date><![CDATA[2018-11-12 09:36:00]]></wp:post_date>
		<wp:post_date_gmt><![CDATA[2018-11-12 09:36:00]]></wp:post_date_gmt>
		<wp:comment_status><![CDATA[open]]></wp:comment_status>
		<wp:ping_status><![CDATA[closed]]></wp:ping_status>
		<wp:post_name><![CDATA[cropped-earthstrike-logo-png]]></wp:post_name>
		<wp:status><![CDATA[inherit]]></wp:status>
		<wp:post_parent>0</wp:post_parent>
		<wp:menu_order>0</wp:menu_order>
		<wp:post_type><![CDATA[attachment]]></wp:post_type>
		<wp:post_password><![CDATA[]]></wp:post_password>
		<wp:is_sticky>0</wp:is_sticky>
		<wp:attachment_url><![CDATA[https://earth-strike.com/nz/wp-content/uploads/sites/19/2018/11/cropped-EarthStrike-Logo.png]]></wp:attachment_url>
		<wp:postmeta>
			<wp:meta_key><![CDATA[_wp_attached_file]]></wp:meta_key>
			<wp:meta_value><![CDATA[2018/11/cropped-EarthStrike-Logo.png]]></wp:meta_value>
		</wp:postmeta>
		<wp:postmeta>
			<wp:meta_key><![CDATA[_wp_attachment_context]]></wp:meta_key>
			<wp:meta_value><![CDATA[site-icon]]></wp:meta_value>
		</wp:postmeta>
		<wp:postmeta>
			<wp:meta_key><![CDATA[_wp_attachment_metadata]]></wp:meta_key>
			<wp:meta_value><![CDATA[a:5:{s:5:"width";i:512;s:6:"height";i:512;s:4:"file";s:36:"2018/11/cropped-EarthStrike-Logo.png";s:5:"sizes";a:6:{s:9:"thumbnail";a:4:{s:4:"file";s:36:"cropped-EarthStrike-Logo-150x150.png";s:5:"width";i:150;s:6:"height";i:150;s:9:"mime-type";s:9:"image/png";}s:6:"medium";a:4:{s:4:"file";s:36:"cropped-EarthStrike-Logo-300x300.png";s:5:"width";i:300;s:6:"height";i:300;s:9:"mime-type";s:9:"image/png";}s:13:"site_icon-270";a:4:{s:4:"file";s:36:"cropped-EarthStrike-Logo-270x270.png";s:5:"width";i:270;s:6:"height";i:270;s:9:"mime-type";s:9:"image/png";}s:13:"site_icon-192";a:4:{s:4:"file";s:36:"cropped-EarthStrike-Logo-192x192.png";s:5:"width";i:192;s:6:"height";i:192;s:9:"mime-type";s:9:"image/png";}s:13:"site_icon-180";a:4:{s:4:"file";s:36:"cropped-EarthStrike-Logo-180x180.png";s:5:"width";i:180;s:6:"height";i:180;s:9:"mime-type";s:9:"image/png";}s:12:"site_icon-32";a:4:{s:4:"file";s:34:"cropped-EarthStrike-Logo-32x32.png";s:5:"width";i:32;s:6:"height";i:32;s:9:"mime-type";s:9:"image/png";}}s:10:"image_meta";a:12:{s:8:"aperture";s:1:"0";s:6:"credit";s:0:"";s:6:"camera";s:0:"";s:7:"caption";s:0:"";s:17:"created_timestamp";s:1:"0";s:9:"copyright";s:0:"";s:12:"focal_length";s:1:"0";s:3:"iso";s:1:"0";s:13:"shutter_speed";s:1:"0";s:5:"title";s:0:"";s:11:"orientation";s:1:"0";s:8:"keywords";a:0:{}}}]]></wp:meta_value>
		</wp:postmeta>
	</item>
	<item>
		<title></title>
		<link>http://earth-strike.com/nz/?p=15</link>
		<pubDate>Mon, 30 Nov -0001 00:00:00 +0000</pubDate>
		<dc:creator><![CDATA[Aron]]></dc:creator>
		<guid isPermaLink="false">http://earth-strike.com/newz/?p=15</guid>
		<description></description>
		<content:encoded><![CDATA[ ]]></content:encoded>
		<excerpt:encoded><![CDATA[]]></excerpt:encoded>
		<wp:post_id>15</wp:post_id>
		<wp:post_date><![CDATA[2018-11-12 09:38:23]]></wp:post_date>
		<wp:post_date_gmt><![CDATA[0000-00-00 00:00:00]]></wp:post_date_gmt>
		<wp:comment_status><![CDATA[closed]]></wp:comment_status>
		<wp:ping_status><![CDATA[closed]]></wp:ping_status>
		<wp:post_name><![CDATA[]]></wp:post_name>
		<wp:status><![CDATA[draft]]></wp:status>
		<wp:post_parent>0</wp:post_parent>
		<wp:menu_order>1</wp:menu_order>
		<wp:post_type><![CDATA[nav_menu_item]]></wp:post_type>
		<wp:post_password><![CDATA[]]></wp:post_password>
		<wp:is_sticky>0</wp:is_sticky>
		<wp:postmeta>
			<wp:meta_key><![CDATA[_menu_item_type]]></wp:meta_key>
			<wp:meta_value><![CDATA[post_type]]></wp:meta_value>
		</wp:postmeta>
		<wp:postmeta>
			<wp:meta_key><![CDATA[_menu_item_menu_item_parent]]></wp:meta_key>
			<wp:meta_value><![CDATA[0]]></wp:meta_value>
		</wp:postmeta>
		<wp:postmeta>
			<wp:meta_key><![CDATA[_menu_item_object_id]]></wp:meta_key>
			<wp:meta_value><![CDATA[2]]></wp:meta_value>
		</wp:postmeta>
		<wp:postmeta>
			<wp:meta_key><![CDATA[_menu_item_object]]></wp:meta_key>
			<wp:meta_value><![CDATA[page]]></wp:meta_value>
		</wp:postmeta>
		<wp:postmeta>
			<wp:meta_key><![CDATA[_menu_item_target]]></wp:meta_key>
			<wp:meta_value><![CDATA[]]></wp:meta_value>
		</wp:postmeta>
		<wp:postmeta>
			<wp:meta_key><![CDATA[_menu_item_classes]]></wp:meta_key>
			<wp:meta_value><![CDATA[a:1:{i:0;s:0:"";}]]></wp:meta_value>
		</wp:postmeta>
		<wp:postmeta>
			<wp:meta_key><![CDATA[_menu_item_xfn]]></wp:meta_key>
			<wp:meta_value><![CDATA[]]></wp:meta_value>
		</wp:postmeta>
		<wp:postmeta>
			<wp:meta_key><![CDATA[_menu_item_url]]></wp:meta_key>
			<wp:meta_value><![CDATA[]]></wp:meta_value>
		</wp:postmeta>
		<wp:postmeta>
			<wp:meta_key><![CDATA[_menu_item_orphaned]]></wp:meta_key>
			<wp:meta_value><![CDATA[1542015503]]></wp:meta_value>
		</wp:postmeta>
	</item>
	<item>
		<title></title>
		<link>http://earth-strike.com/nz/2018/11/12/16/</link>
		<pubDate>Mon, 12 Nov 2018 09:38:59 +0000</pubDate>
		<dc:creator><![CDATA[Aron]]></dc:creator>
		<guid isPermaLink="false">http://earth-strike.com/newz/?p=16</guid>
		<description></description>
		<content:encoded><![CDATA[ ]]></content:encoded>
		<excerpt:encoded><![CDATA[]]></excerpt:encoded>
		<wp:post_id>16</wp:post_id>
		<wp:post_date><![CDATA[2018-11-12 09:38:59]]></wp:post_date>
		<wp:post_date_gmt><![CDATA[2018-11-12 09:38:59]]></wp:post_date_gmt>
		<wp:comment_status><![CDATA[closed]]></wp:comment_status>
		<wp:ping_status><![CDATA[closed]]></wp:ping_status>
		<wp:post_name><![CDATA[16]]></wp:post_name>
		<wp:status><![CDATA[publish]]></wp:status>
		<wp:post_parent>0</wp:post_parent>
		<wp:menu_order>6</wp:menu_order>
		<wp:post_type><![CDATA[nav_menu_item]]></wp:post_type>
		<wp:post_password><![CDATA[]]></wp:post_password>
		<wp:is_sticky>0</wp:is_sticky>
		<category domain="nav_menu" nicename="main-menu"><![CDATA[Main Menu]]></category>
		<wp:postmeta>
			<wp:meta_key><![CDATA[_menu_item_type]]></wp:meta_key>
			<wp:meta_value><![CDATA[post_type]]></wp:meta_value>
		</wp:postmeta>
		<wp:postmeta>
			<wp:meta_key><![CDATA[_menu_item_menu_item_parent]]></wp:meta_key>
			<wp:meta_value><![CDATA[0]]></wp:meta_value>
		</wp:postmeta>
		<wp:postmeta>
			<wp:meta_key><![CDATA[_menu_item_object_id]]></wp:meta_key>
			<wp:meta_value><![CDATA[8]]></wp:meta_value>
		</wp:postmeta>
		<wp:postmeta>
			<wp:meta_key><![CDATA[_menu_item_object]]></wp:meta_key>
			<wp:meta_value><![CDATA[page]]></wp:meta_value>
		</wp:postmeta>
		<wp:postmeta>
			<wp:meta_key><![CDATA[_menu_item_target]]></wp:meta_key>
			<wp:meta_value><![CDATA[]]></wp:meta_value>
		</wp:postmeta>
		<wp:postmeta>
			<wp:meta_key><![CDATA[_menu_item_classes]]></wp:meta_key>
			<wp:meta_value><![CDATA[a:1:{i:0;s:0:"";}]]></wp:meta_value>
		</wp:postmeta>
		<wp:postmeta>
			<wp:meta_key><![CDATA[_menu_item_xfn]]></wp:meta_key>
			<wp:meta_value><![CDATA[]]></wp:meta_value>
		</wp:postmeta>
		<wp:postmeta>
			<wp:meta_key><![CDATA[_menu_item_url]]></wp:meta_key>
			<wp:meta_value><![CDATA[]]></wp:meta_value>
		</wp:postmeta>
	</item>
	<item>
		<title></title>
		<link>http://earth-strike.com/nz/2018/11/12/17/</link>
		<pubDate>Mon, 12 Nov 2018 09:38:58 +0000</pubDate>
		<dc:creator><![CDATA[Aron]]></dc:creator>
		<guid isPermaLink="false">http://earth-strike.com/newz/?p=17</guid>
		<description></description>
		<content:encoded><![CDATA[ ]]></content:encoded>
		<excerpt:encoded><![CDATA[]]></excerpt:encoded>
		<wp:post_id>17</wp:post_id>
		<wp:post_date><![CDATA[2018-11-12 09:38:58]]></wp:post_date>
		<wp:post_date_gmt><![CDATA[2018-11-12 09:38:58]]></wp:post_date_gmt>
		<wp:comment_status><![CDATA[closed]]></wp:comment_status>
		<wp:ping_status><![CDATA[closed]]></wp:ping_status>
		<wp:post_name><![CDATA[17]]></wp:post_name>
		<wp:status><![CDATA[publish]]></wp:status>
		<wp:post_parent>0</wp:post_parent>
		<wp:menu_order>1</wp:menu_order>
		<wp:post_type><![CDATA[nav_menu_item]]></wp:post_type>
		<wp:post_password><![CDATA[]]></wp:post_password>
		<wp:is_sticky>0</wp:is_sticky>
		<category domain="nav_menu" nicename="main-menu"><![CDATA[Main Menu]]></category>
		<wp:postmeta>
			<wp:meta_key><![CDATA[_menu_item_type]]></wp:meta_key>
			<wp:meta_value><![CDATA[post_type]]></wp:meta_value>
		</wp:postmeta>
		<wp:postmeta>
			<wp:meta_key><![CDATA[_menu_item_menu_item_parent]]></wp:meta_key>
			<wp:meta_value><![CDATA[0]]></wp:meta_value>
		</wp:postmeta>
		<wp:postmeta>
			<wp:meta_key><![CDATA[_menu_item_object_id]]></wp:meta_key>
			<wp:meta_value><![CDATA[2]]></wp:meta_value>
		</wp:postmeta>
		<wp:postmeta>
			<wp:meta_key><![CDATA[_menu_item_object]]></wp:meta_key>
			<wp:meta_value><![CDATA[page]]></wp:meta_value>
		</wp:postmeta>
		<wp:postmeta>
			<wp:meta_key><![CDATA[_menu_item_target]]></wp:meta_key>
			<wp:meta_value><![CDATA[]]></wp:meta_value>
		</wp:postmeta>
		<wp:postmeta>
			<wp:meta_key><![CDATA[_menu_item_classes]]></wp:meta_key>
			<wp:meta_value><![CDATA[a:1:{i:0;s:0:"";}]]></wp:meta_value>
		</wp:postmeta>
		<wp:postmeta>
			<wp:meta_key><![CDATA[_menu_item_xfn]]></wp:meta_key>
			<wp:meta_value><![CDATA[]]></wp:meta_value>
		</wp:postmeta>
		<wp:postmeta>
			<wp:meta_key><![CDATA[_menu_item_url]]></wp:meta_key>
			<wp:meta_value><![CDATA[]]></wp:meta_value>
		</wp:postmeta>
	</item>
	<item>
		<title></title>
		<link>http://earth-strike.com/nz/2018/11/12/18/</link>
		<pubDate>Mon, 12 Nov 2018 09:38:59 +0000</pubDate>
		<dc:creator><![CDATA[Aron]]></dc:creator>
		<guid isPermaLink="false">http://earth-strike.com/newz/?p=18</guid>
		<description></description>
		<content:encoded><![CDATA[ ]]></content:encoded>
		<excerpt:encoded><![CDATA[]]></excerpt:encoded>
		<wp:post_id>18</wp:post_id>
		<wp:post_date><![CDATA[2018-11-12 09:38:59]]></wp:post_date>
		<wp:post_date_gmt><![CDATA[2018-11-12 09:38:59]]></wp:post_date_gmt>
		<wp:comment_status><![CDATA[closed]]></wp:comment_status>
		<wp:ping_status><![CDATA[closed]]></wp:ping_status>
		<wp:post_name><![CDATA[18]]></wp:post_name>
		<wp:status><![CDATA[publish]]></wp:status>
		<wp:post_parent>0</wp:post_parent>
		<wp:menu_order>4</wp:menu_order>
		<wp:post_type><![CDATA[nav_menu_item]]></wp:post_type>
		<wp:post_password><![CDATA[]]></wp:post_password>
		<wp:is_sticky>0</wp:is_sticky>
		<category domain="nav_menu" nicename="main-menu"><![CDATA[Main Menu]]></category>
		<wp:postmeta>
			<wp:meta_key><![CDATA[_menu_item_type]]></wp:meta_key>
			<wp:meta_value><![CDATA[post_type]]></wp:meta_value>
		</wp:postmeta>
		<wp:postmeta>
			<wp:meta_key><![CDATA[_menu_item_menu_item_parent]]></wp:meta_key>
			<wp:meta_value><![CDATA[19]]></wp:meta_value>
		</wp:postmeta>
		<wp:postmeta>
			<wp:meta_key><![CDATA[_menu_item_object_id]]></wp:meta_key>
			<wp:meta_value><![CDATA[6]]></wp:meta_value>
		</wp:postmeta>
		<wp:postmeta>
			<wp:meta_key><![CDATA[_menu_item_object]]></wp:meta_key>
			<wp:meta_value><![CDATA[page]]></wp:meta_value>
		</wp:postmeta>
		<wp:postmeta>
			<wp:meta_key><![CDATA[_menu_item_target]]></wp:meta_key>
			<wp:meta_value><![CDATA[]]></wp:meta_value>
		</wp:postmeta>
		<wp:postmeta>
			<wp:meta_key><![CDATA[_menu_item_classes]]></wp:meta_key>
			<wp:meta_value><![CDATA[a:1:{i:0;s:0:"";}]]></wp:meta_value>
		</wp:postmeta>
		<wp:postmeta>
			<wp:meta_key><![CDATA[_menu_item_xfn]]></wp:meta_key>
			<wp:meta_value><![CDATA[]]></wp:meta_value>
		</wp:postmeta>
		<wp:postmeta>
			<wp:meta_key><![CDATA[_menu_item_url]]></wp:meta_key>
			<wp:meta_value><![CDATA[]]></wp:meta_value>
		</wp:postmeta>
	</item>
	<item>
		<title></title>
		<link>http://earth-strike.com/nz/2018/11/12/19/</link>
		<pubDate>Mon, 12 Nov 2018 09:38:59 +0000</pubDate>
		<dc:creator><![CDATA[Aron]]></dc:creator>
		<guid isPermaLink="false">http://earth-strike.com/newz/?p=19</guid>
		<description></description>
		<content:encoded><![CDATA[ ]]></content:encoded>
		<excerpt:encoded><![CDATA[]]></excerpt:encoded>
		<wp:post_id>19</wp:post_id>
		<wp:post_date><![CDATA[2018-11-12 09:38:59]]></wp:post_date>
		<wp:post_date_gmt><![CDATA[2018-11-12 09:38:59]]></wp:post_date_gmt>
		<wp:comment_status><![CDATA[closed]]></wp:comment_status>
		<wp:ping_status><![CDATA[closed]]></wp:ping_status>
		<wp:post_name><![CDATA[19]]></wp:post_name>
		<wp:status><![CDATA[publish]]></wp:status>
		<wp:post_parent>0</wp:post_parent>
		<wp:menu_order>3</wp:menu_order>
		<wp:post_type><![CDATA[nav_menu_item]]></wp:post_type>
		<wp:post_password><![CDATA[]]></wp:post_password>
		<wp:is_sticky>0</wp:is_sticky>
		<category domain="nav_menu" nicename="main-menu"><![CDATA[Main Menu]]></category>
		<wp:postmeta>
			<wp:meta_key><![CDATA[_menu_item_type]]></wp:meta_key>
			<wp:meta_value><![CDATA[post_type]]></wp:meta_value>
		</wp:postmeta>
		<wp:postmeta>
			<wp:meta_key><![CDATA[_menu_item_menu_item_parent]]></wp:meta_key>
			<wp:meta_value><![CDATA[0]]></wp:meta_value>
		</wp:postmeta>
		<wp:postmeta>
			<wp:meta_key><![CDATA[_menu_item_object_id]]></wp:meta_key>
			<wp:meta_value><![CDATA[9]]></wp:meta_value>
		</wp:postmeta>
		<wp:postmeta>
			<wp:meta_key><![CDATA[_menu_item_object]]></wp:meta_key>
			<wp:meta_value><![CDATA[page]]></wp:meta_value>
		</wp:postmeta>
		<wp:postmeta>
			<wp:meta_key><![CDATA[_menu_item_target]]></wp:meta_key>
			<wp:meta_value><![CDATA[]]></wp:meta_value>
		</wp:postmeta>
		<wp:postmeta>
			<wp:meta_key><![CDATA[_menu_item_classes]]></wp:meta_key>
			<wp:meta_value><![CDATA[a:1:{i:0;s:0:"";}]]></wp:meta_value>
		</wp:postmeta>
		<wp:postmeta>
			<wp:meta_key><![CDATA[_menu_item_xfn]]></wp:meta_key>
			<wp:meta_value><![CDATA[]]></wp:meta_value>
		</wp:postmeta>
		<wp:postmeta>
			<wp:meta_key><![CDATA[_menu_item_url]]></wp:meta_key>
			<wp:meta_value><![CDATA[]]></wp:meta_value>
		</wp:postmeta>
	</item>
	<item>
		<title></title>
		<link>http://earth-strike.com/nz/2018/11/12/20/</link>
		<pubDate>Mon, 12 Nov 2018 09:38:59 +0000</pubDate>
		<dc:creator><![CDATA[Aron]]></dc:creator>
		<guid isPermaLink="false">http://earth-strike.com/newz/?p=20</guid>
		<description></description>
		<content:encoded><![CDATA[ ]]></content:encoded>
		<excerpt:encoded><![CDATA[]]></excerpt:encoded>
		<wp:post_id>20</wp:post_id>
		<wp:post_date><![CDATA[2018-11-12 09:38:59]]></wp:post_date>
		<wp:post_date_gmt><![CDATA[2018-11-12 09:38:59]]></wp:post_date_gmt>
		<wp:comment_status><![CDATA[closed]]></wp:comment_status>
		<wp:ping_status><![CDATA[closed]]></wp:ping_status>
		<wp:post_name><![CDATA[20]]></wp:post_name>
		<wp:status><![CDATA[publish]]></wp:status>
		<wp:post_parent>0</wp:post_parent>
		<wp:menu_order>2</wp:menu_order>
		<wp:post_type><![CDATA[nav_menu_item]]></wp:post_type>
		<wp:post_password><![CDATA[]]></wp:post_password>
		<wp:is_sticky>0</wp:is_sticky>
		<category domain="nav_menu" nicename="main-menu"><![CDATA[Main Menu]]></category>
		<wp:postmeta>
			<wp:meta_key><![CDATA[_menu_item_type]]></wp:meta_key>
			<wp:meta_value><![CDATA[post_type]]></wp:meta_value>
		</wp:postmeta>
		<wp:postmeta>
			<wp:meta_key><![CDATA[_menu_item_menu_item_parent]]></wp:meta_key>
			<wp:meta_value><![CDATA[0]]></wp:meta_value>
		</wp:postmeta>
		<wp:postmeta>
			<wp:meta_key><![CDATA[_menu_item_object_id]]></wp:meta_key>
			<wp:meta_value><![CDATA[5]]></wp:meta_value>
		</wp:postmeta>
		<wp:postmeta>
			<wp:meta_key><![CDATA[_menu_item_object]]></wp:meta_key>
			<wp:meta_value><![CDATA[page]]></wp:meta_value>
		</wp:postmeta>
		<wp:postmeta>
			<wp:meta_key><![CDATA[_menu_item_target]]></wp:meta_key>
			<wp:meta_value><![CDATA[]]></wp:meta_value>
		</wp:postmeta>
		<wp:postmeta>
			<wp:meta_key><![CDATA[_menu_item_classes]]></wp:meta_key>
			<wp:meta_value><![CDATA[a:1:{i:0;s:0:"";}]]></wp:meta_value>
		</wp:postmeta>
		<wp:postmeta>
			<wp:meta_key><![CDATA[_menu_item_xfn]]></wp:meta_key>
			<wp:meta_value><![CDATA[]]></wp:meta_value>
		</wp:postmeta>
		<wp:postmeta>
			<wp:meta_key><![CDATA[_menu_item_url]]></wp:meta_key>
			<wp:meta_value><![CDATA[]]></wp:meta_value>
		</wp:postmeta>
	</item>
	<item>
		<title></title>
		<link>http://earth-strike.com/nz/2018/11/12/21/</link>
		<pubDate>Mon, 12 Nov 2018 09:38:59 +0000</pubDate>
		<dc:creator><![CDATA[Aron]]></dc:creator>
		<guid isPermaLink="false">http://earth-strike.com/newz/?p=21</guid>
		<description></description>
		<content:encoded><![CDATA[ ]]></content:encoded>
		<excerpt:encoded><![CDATA[]]></excerpt:encoded>
		<wp:post_id>21</wp:post_id>
		<wp:post_date><![CDATA[2018-11-12 09:38:59]]></wp:post_date>
		<wp:post_date_gmt><![CDATA[2018-11-12 09:38:59]]></wp:post_date_gmt>
		<wp:comment_status><![CDATA[closed]]></wp:comment_status>
		<wp:ping_status><![CDATA[closed]]></wp:ping_status>
		<wp:post_name><![CDATA[21]]></wp:post_name>
		<wp:status><![CDATA[publish]]></wp:status>
		<wp:post_parent>0</wp:post_parent>
		<wp:menu_order>5</wp:menu_order>
		<wp:post_type><![CDATA[nav_menu_item]]></wp:post_type>
		<wp:post_password><![CDATA[]]></wp:post_password>
		<wp:is_sticky>0</wp:is_sticky>
		<category domain="nav_menu" nicename="main-menu"><![CDATA[Main Menu]]></category>
		<wp:postmeta>
			<wp:meta_key><![CDATA[_menu_item_type]]></wp:meta_key>
			<wp:meta_value><![CDATA[post_type]]></wp:meta_value>
		</wp:postmeta>
		<wp:postmeta>
			<wp:meta_key><![CDATA[_menu_item_menu_item_parent]]></wp:meta_key>
			<wp:meta_value><![CDATA[0]]></wp:meta_value>
		</wp:postmeta>
		<wp:postmeta>
			<wp:meta_key><![CDATA[_menu_item_object_id]]></wp:meta_key>
			<wp:meta_value><![CDATA[7]]></wp:meta_value>
		</wp:postmeta>
		<wp:postmeta>
			<wp:meta_key><![CDATA[_menu_item_object]]></wp:meta_key>
			<wp:meta_value><![CDATA[page]]></wp:meta_value>
		</wp:postmeta>
		<wp:postmeta>
			<wp:meta_key><![CDATA[_menu_item_target]]></wp:meta_key>
			<wp:meta_value><![CDATA[]]></wp:meta_value>
		</wp:postmeta>
		<wp:postmeta>
			<wp:meta_key><![CDATA[_menu_item_classes]]></wp:meta_key>
			<wp:meta_value><![CDATA[a:1:{i:0;s:0:"";}]]></wp:meta_value>
		</wp:postmeta>
		<wp:postmeta>
			<wp:meta_key><![CDATA[_menu_item_xfn]]></wp:meta_key>
			<wp:meta_value><![CDATA[]]></wp:meta_value>
		</wp:postmeta>
		<wp:postmeta>
			<wp:meta_key><![CDATA[_menu_item_url]]></wp:meta_key>
			<wp:meta_value><![CDATA[]]></wp:meta_value>
		</wp:postmeta>
	</item>
	<item>
		<title>Newsletter</title>
		<link>http://earth-strike.com/nz/newsletter/</link>
		<pubDate>Tue, 01 Jan 2019 18:44:10 +0000</pubDate>
		<dc:creator><![CDATA[hperks]]></dc:creator>
		<guid isPermaLink="false">http://earth-strike.com/nz/newsletter/</guid>
		<description></description>
		<content:encoded><![CDATA[[newsletter]]]></content:encoded>
		<excerpt:encoded><![CDATA[]]></excerpt:encoded>
		<wp:post_id>28</wp:post_id>
		<wp:post_date><![CDATA[2019-01-01 18:44:10]]></wp:post_date>
		<wp:post_date_gmt><![CDATA[2019-01-01 18:44:10]]></wp:post_date_gmt>
		<wp:comment_status><![CDATA[closed]]></wp:comment_status>
		<wp:ping_status><![CDATA[closed]]></wp:ping_status>
		<wp:post_name><![CDATA[newsletter]]></wp:post_name>
		<wp:status><![CDATA[publish]]></wp:status>
		<wp:post_parent>0</wp:post_parent>
		<wp:menu_order>0</wp:menu_order>
		<wp:post_type><![CDATA[page]]></wp:post_type>
		<wp:post_password><![CDATA[]]></wp:post_password>
		<wp:is_sticky>0</wp:is_sticky>
	</item>
</channel>
</rss>
