<?xml version="1.0" encoding="UTF-8" ?>
<!-- This is a WordPress eXtended RSS file generated by WordPress as an export of your site. -->
<!-- It contains information about your site's posts, pages, comments, categories, and other content. -->
<!-- You may use this file to transfer that content from one site to another. -->
<!-- This file is not intended to serve as a complete backup of your site. -->

<!-- To import this information into a WordPress site follow these steps: -->
<!-- 1. Log in to that site as an administrator. -->
<!-- 2. Go to Tools: Import in the WordPress admin panel. -->
<!-- 3. Install the "WordPress" importer from the list. -->
<!-- 4. Activate & Run Importer. -->
<!-- 5. Upload this file using the form provided on that page. -->
<!-- 6. You will first be asked to map the authors in this export file to users -->
<!--    on the site. For each author, you may choose to map to an -->
<!--    existing user on the site or to create a new user. -->
<!-- 7. WordPress will then import each of the posts, pages, comments, categories, etc. -->
<!--    contained in this file into your site. -->

<!-- generator="WordPress/5.0.2" created="2019-01-01 18:42" -->
<rss version="2.0"
	xmlns:excerpt="http://wordpress.org/export/1.2/excerpt/"
	xmlns:content="http://purl.org/rss/1.0/modules/content/"
	xmlns:wfw="http://wellformedweb.org/CommentAPI/"
	xmlns:dc="http://purl.org/dc/elements/1.1/"
	xmlns:wp="http://wordpress.org/export/1.2/"
>

<channel>
	<title>Earth Strike Australia</title>
	<link>http://earth-strike.com/au</link>
	<description>A movement to end climate change - 2019</description>
	<pubDate>Tue, 01 Jan 2019 18:42:49 +0000</pubDate>
	<language>en-AU</language>
	<wp:wxr_version>1.2</wp:wxr_version>
	<wp:base_site_url>http://earth-strike.com/</wp:base_site_url>
	<wp:base_blog_url>http://earth-strike.com/au</wp:base_blog_url>

	<wp:author><wp:author_id>1</wp:author_id><wp:author_login><![CDATA[Aron]]></wp:author_login><wp:author_email><![CDATA[aron@aronvanwilligen.nl]]></wp:author_email><wp:author_display_name><![CDATA[Earth Strike]]></wp:author_display_name><wp:author_first_name><![CDATA[]]></wp:author_first_name><wp:author_last_name><![CDATA[]]></wp:author_last_name></wp:author>
	<wp:author><wp:author_id>13</wp:author_id><wp:author_login><![CDATA[au]]></wp:author_login><wp:author_email><![CDATA[au@earth-strike.com]]></wp:author_email><wp:author_display_name><![CDATA[au]]></wp:author_display_name><wp:author_first_name><![CDATA[]]></wp:author_first_name><wp:author_last_name><![CDATA[]]></wp:author_last_name></wp:author>

	<wp:category>
		<wp:term_id>6</wp:term_id>
		<wp:category_nicename><![CDATA[analysis-and-opinion]]></wp:category_nicename>
		<wp:category_parent><![CDATA[]]></wp:category_parent>
		<wp:cat_name><![CDATA[Analysis and Opinion]]></wp:cat_name>
	</wp:category>
	<wp:category>
		<wp:term_id>4</wp:term_id>
		<wp:category_nicename><![CDATA[demands-and-goals]]></wp:category_nicename>
		<wp:category_parent><![CDATA[]]></wp:category_parent>
		<wp:cat_name><![CDATA[Demands and Goals]]></wp:cat_name>
	</wp:category>
	<wp:category>
		<wp:term_id>3</wp:term_id>
		<wp:category_nicename><![CDATA[getting-involved]]></wp:category_nicename>
		<wp:category_parent><![CDATA[]]></wp:category_parent>
		<wp:cat_name><![CDATA[Getting Involved]]></wp:cat_name>
	</wp:category>
	<wp:category>
		<wp:term_id>5</wp:term_id>
		<wp:category_nicename><![CDATA[news]]></wp:category_nicename>
		<wp:category_parent><![CDATA[]]></wp:category_parent>
		<wp:cat_name><![CDATA[News]]></wp:cat_name>
	</wp:category>
	<wp:category>
		<wp:term_id>1</wp:term_id>
		<wp:category_nicename><![CDATA[uncategorized]]></wp:category_nicename>
		<wp:category_parent><![CDATA[]]></wp:category_parent>
		<wp:cat_name><![CDATA[Uncategorized]]></wp:cat_name>
	</wp:category>
	<wp:tag>
		<wp:term_id>7</wp:term_id>
		<wp:tag_slug><![CDATA[labor]]></wp:tag_slug>
		<wp:tag_name><![CDATA[Labor]]></wp:tag_name>
	</wp:tag>
	<wp:term><wp:term_id>2</wp:term_id><wp:term_taxonomy>nav_menu</wp:term_taxonomy><wp:term_slug><![CDATA[main-menu]]></wp:term_slug><wp:term_name><![CDATA[Main Menu]]></wp:term_name>
</wp:term>

	<generator>https://wordpress.org/?v=5.0.2</generator>

<image>
	<url>https://earth-strike.com/au/wp-content/uploads/sites/9/2018/11/cropped-earth-strike-logo-resized-32x32.png</url>
	<title>Earth Strike Australia</title>
	<link>http://earth-strike.com/au</link>
	<width>32</width>
	<height>32</height>
</image> 

	<item>
		<title>Earth Strike</title>
		<link>http://earth-strike.com/au/earth-strike/</link>
		<pubDate>Mon, 12 Nov 2018 09:25:40 +0000</pubDate>
		<dc:creator><![CDATA[]]></dc:creator>
		<guid isPermaLink="false">http://earth-strike.com/australia/?page_id=2</guid>
		<description></description>
		<content:encoded><![CDATA[]]></content:encoded>
		<excerpt:encoded><![CDATA[]]></excerpt:encoded>
		<wp:post_id>2</wp:post_id>
		<wp:post_date><![CDATA[2018-11-12 09:25:40]]></wp:post_date>
		<wp:post_date_gmt><![CDATA[2018-11-12 09:25:40]]></wp:post_date_gmt>
		<wp:comment_status><![CDATA[closed]]></wp:comment_status>
		<wp:ping_status><![CDATA[closed]]></wp:ping_status>
		<wp:post_name><![CDATA[earth-strike]]></wp:post_name>
		<wp:status><![CDATA[publish]]></wp:status>
		<wp:post_parent>0</wp:post_parent>
		<wp:menu_order>0</wp:menu_order>
		<wp:post_type><![CDATA[page]]></wp:post_type>
		<wp:post_password><![CDATA[]]></wp:post_password>
		<wp:is_sticky>0</wp:is_sticky>
		<wp:postmeta>
			<wp:meta_key><![CDATA[_wp_page_template]]></wp:meta_key>
			<wp:meta_value><![CDATA[default]]></wp:meta_value>
		</wp:postmeta>
		<wp:postmeta>
			<wp:meta_key><![CDATA[_customify_content_layout]]></wp:meta_key>
			<wp:meta_value><![CDATA[]]></wp:meta_value>
		</wp:postmeta>
		<wp:postmeta>
			<wp:meta_key><![CDATA[_customify_sidebar]]></wp:meta_key>
			<wp:meta_value><![CDATA[]]></wp:meta_value>
		</wp:postmeta>
		<wp:postmeta>
			<wp:meta_key><![CDATA[_customify_disable_header]]></wp:meta_key>
			<wp:meta_value><![CDATA[]]></wp:meta_value>
		</wp:postmeta>
		<wp:postmeta>
			<wp:meta_key><![CDATA[_customify_disable_page_title]]></wp:meta_key>
			<wp:meta_value><![CDATA[]]></wp:meta_value>
		</wp:postmeta>
		<wp:postmeta>
			<wp:meta_key><![CDATA[_customify_disable_footer_main]]></wp:meta_key>
			<wp:meta_value><![CDATA[]]></wp:meta_value>
		</wp:postmeta>
		<wp:postmeta>
			<wp:meta_key><![CDATA[_customify_disable_footer_bottom]]></wp:meta_key>
			<wp:meta_value><![CDATA[]]></wp:meta_value>
		</wp:postmeta>
		<wp:postmeta>
			<wp:meta_key><![CDATA[_customify_page_header_display]]></wp:meta_key>
			<wp:meta_value><![CDATA[default]]></wp:meta_value>
		</wp:postmeta>
	</item>
	<item>
		<title>Mission</title>
		<link>http://earth-strike.com/au/mission/</link>
		<pubDate>Mon, 12 Nov 2018 09:33:22 +0000</pubDate>
		<dc:creator><![CDATA[Aron]]></dc:creator>
		<guid isPermaLink="false">http://earth-strike.com/australia/?page_id=5</guid>
		<description></description>
		<content:encoded><![CDATA[<!-- wp:paragraph -->
<p>The world’s leading climate scientists have warned us that we have 
until 2030 to prevent temperature increases from exceeding 1.5 degrees 
Celsius. That’s a little over twelve years – by environmental standards,
 the blink of an eye. If we let the world’s temperature rise by a little
 over 2 degrees Celsius, the results will be catastrophic – sea levels 
will rise to untenable levels, heatwaves will become far more common, 
freshwater will become even more scarce, and many more effects besides. </p>
<!-- /wp:paragraph -->

<!-- wp:paragraph -->
<p>The time to act is now, before it’s too late. According to the CDP’s 
Carbon Majors Report of 2017, 71% of the world’s global industrial 
greenhouse gas emissions come from just 100 companies. It is clear that 
the interests of big business no longer drive the prosperity of the 
human race. As a society, we need to change our course. </p>
<!-- /wp:paragraph -->

<!-- wp:paragraph -->
<p>For this reason, we will organize worldwide actions, culminating in a
 global strike. We need to make the world’s governments and the world’s 
businesses listen to the people, and the best way to do that is by 
refusing to participate in those businesses and governments. There will 
be no banking, no offices full of employees or schools full of children.
 </p>
<!-- /wp:paragraph -->

<!-- wp:paragraph -->
<p>But of course, a strike is nothing without demands. The threat of 
climate change has reached a tipping point despite years of warnings, 
and we need to change course. This will be achieved through the general 
strike and accompanying protests with these international demands:</p>
<!-- /wp:paragraph -->

<!-- wp:list -->
<ul><li>An immediate start on global co-operation to reverse the damage 
done to the earths’ climate, through unambiguous and binding agreements,
 by both world leaders and corporate entities, following IPCC 
projections of halving carbon net emissions by 2030 and zero net 
emissions by 2050;</li><li>International, unambiguous and binding commitments to halt the destruction of rain forests and other wildlife habitats, and</li><li>International,
 unambiguous and binding agreements designed to hold corporations 
accountable for the greenhouse gases they produce.</li></ul>
<!-- /wp:list -->

<!-- wp:paragraph -->
<p>As citizens of this planet, we implore you to work in the best 
interests of our species and work with us to both mitigate and prepare 
for the effects climate change. Spread the word of the protests, 
organize with your community, and take a stand for the future. <strong>The Earth shall go on strike!</strong></p>
<!-- /wp:paragraph -->]]></content:encoded>
		<excerpt:encoded><![CDATA[]]></excerpt:encoded>
		<wp:post_id>5</wp:post_id>
		<wp:post_date><![CDATA[2018-11-12 09:33:22]]></wp:post_date>
		<wp:post_date_gmt><![CDATA[2018-11-12 09:33:22]]></wp:post_date_gmt>
		<wp:comment_status><![CDATA[closed]]></wp:comment_status>
		<wp:ping_status><![CDATA[closed]]></wp:ping_status>
		<wp:post_name><![CDATA[mission]]></wp:post_name>
		<wp:status><![CDATA[publish]]></wp:status>
		<wp:post_parent>0</wp:post_parent>
		<wp:menu_order>0</wp:menu_order>
		<wp:post_type><![CDATA[page]]></wp:post_type>
		<wp:post_password><![CDATA[]]></wp:post_password>
		<wp:is_sticky>0</wp:is_sticky>
		<wp:postmeta>
			<wp:meta_key><![CDATA[_edit_last]]></wp:meta_key>
			<wp:meta_value><![CDATA[1]]></wp:meta_value>
		</wp:postmeta>
		<wp:postmeta>
			<wp:meta_key><![CDATA[_customify_content_layout]]></wp:meta_key>
			<wp:meta_value><![CDATA[]]></wp:meta_value>
		</wp:postmeta>
		<wp:postmeta>
			<wp:meta_key><![CDATA[_customify_sidebar]]></wp:meta_key>
			<wp:meta_value><![CDATA[]]></wp:meta_value>
		</wp:postmeta>
		<wp:postmeta>
			<wp:meta_key><![CDATA[_customify_disable_header]]></wp:meta_key>
			<wp:meta_value><![CDATA[]]></wp:meta_value>
		</wp:postmeta>
		<wp:postmeta>
			<wp:meta_key><![CDATA[_customify_disable_page_title]]></wp:meta_key>
			<wp:meta_value><![CDATA[]]></wp:meta_value>
		</wp:postmeta>
		<wp:postmeta>
			<wp:meta_key><![CDATA[_customify_disable_footer_main]]></wp:meta_key>
			<wp:meta_value><![CDATA[]]></wp:meta_value>
		</wp:postmeta>
		<wp:postmeta>
			<wp:meta_key><![CDATA[_customify_disable_footer_bottom]]></wp:meta_key>
			<wp:meta_value><![CDATA[]]></wp:meta_value>
		</wp:postmeta>
		<wp:postmeta>
			<wp:meta_key><![CDATA[_customify_page_header_display]]></wp:meta_key>
			<wp:meta_value><![CDATA[default]]></wp:meta_value>
		</wp:postmeta>
		<wp:postmeta>
			<wp:meta_key><![CDATA[_yoast_wpseo_content_score]]></wp:meta_key>
			<wp:meta_value><![CDATA[30]]></wp:meta_value>
		</wp:postmeta>
	</item>
	<item>
		<title>Events</title>
		<link>http://earth-strike.com/au/events/</link>
		<pubDate>Mon, 12 Nov 2018 09:33:35 +0000</pubDate>
		<dc:creator><![CDATA[Aron]]></dc:creator>
		<guid isPermaLink="false">http://earth-strike.com/australia/?page_id=6</guid>
		<description></description>
		<content:encoded><![CDATA[<!-- wp:paragraph -->
<p>Tuesday January 15 2019: Kickoff Protest</p>
<!-- /wp:paragraph -->

<!-- wp:paragraph -->
<p>Locations: TBA for each state</p>
<!-- /wp:paragraph -->]]></content:encoded>
		<excerpt:encoded><![CDATA[]]></excerpt:encoded>
		<wp:post_id>6</wp:post_id>
		<wp:post_date><![CDATA[2018-11-12 09:33:35]]></wp:post_date>
		<wp:post_date_gmt><![CDATA[2018-11-12 09:33:35]]></wp:post_date_gmt>
		<wp:comment_status><![CDATA[closed]]></wp:comment_status>
		<wp:ping_status><![CDATA[closed]]></wp:ping_status>
		<wp:post_name><![CDATA[events]]></wp:post_name>
		<wp:status><![CDATA[publish]]></wp:status>
		<wp:post_parent>0</wp:post_parent>
		<wp:menu_order>0</wp:menu_order>
		<wp:post_type><![CDATA[page]]></wp:post_type>
		<wp:post_password><![CDATA[]]></wp:post_password>
		<wp:is_sticky>0</wp:is_sticky>
		<wp:postmeta>
			<wp:meta_key><![CDATA[_edit_last]]></wp:meta_key>
			<wp:meta_value><![CDATA[13]]></wp:meta_value>
		</wp:postmeta>
		<wp:postmeta>
			<wp:meta_key><![CDATA[_customify_content_layout]]></wp:meta_key>
			<wp:meta_value><![CDATA[]]></wp:meta_value>
		</wp:postmeta>
		<wp:postmeta>
			<wp:meta_key><![CDATA[_customify_sidebar]]></wp:meta_key>
			<wp:meta_value><![CDATA[]]></wp:meta_value>
		</wp:postmeta>
		<wp:postmeta>
			<wp:meta_key><![CDATA[_customify_disable_header]]></wp:meta_key>
			<wp:meta_value><![CDATA[]]></wp:meta_value>
		</wp:postmeta>
		<wp:postmeta>
			<wp:meta_key><![CDATA[_customify_disable_page_title]]></wp:meta_key>
			<wp:meta_value><![CDATA[]]></wp:meta_value>
		</wp:postmeta>
		<wp:postmeta>
			<wp:meta_key><![CDATA[_customify_disable_footer_main]]></wp:meta_key>
			<wp:meta_value><![CDATA[]]></wp:meta_value>
		</wp:postmeta>
		<wp:postmeta>
			<wp:meta_key><![CDATA[_customify_disable_footer_bottom]]></wp:meta_key>
			<wp:meta_value><![CDATA[]]></wp:meta_value>
		</wp:postmeta>
		<wp:postmeta>
			<wp:meta_key><![CDATA[_customify_page_header_display]]></wp:meta_key>
			<wp:meta_value><![CDATA[default]]></wp:meta_value>
		</wp:postmeta>
		<wp:postmeta>
			<wp:meta_key><![CDATA[_yoast_wpseo_content_score]]></wp:meta_key>
			<wp:meta_value><![CDATA[60]]></wp:meta_value>
		</wp:postmeta>
	</item>
	<item>
		<title>Resources</title>
		<link>http://earth-strike.com/au/resources/</link>
		<pubDate>Mon, 12 Nov 2018 09:33:44 +0000</pubDate>
		<dc:creator><![CDATA[Aron]]></dc:creator>
		<guid isPermaLink="false">http://earth-strike.com/australia/?page_id=7</guid>
		<description></description>
		<content:encoded><![CDATA[]]></content:encoded>
		<excerpt:encoded><![CDATA[]]></excerpt:encoded>
		<wp:post_id>7</wp:post_id>
		<wp:post_date><![CDATA[2018-11-12 09:33:44]]></wp:post_date>
		<wp:post_date_gmt><![CDATA[2018-11-12 09:33:44]]></wp:post_date_gmt>
		<wp:comment_status><![CDATA[closed]]></wp:comment_status>
		<wp:ping_status><![CDATA[closed]]></wp:ping_status>
		<wp:post_name><![CDATA[resources]]></wp:post_name>
		<wp:status><![CDATA[publish]]></wp:status>
		<wp:post_parent>0</wp:post_parent>
		<wp:menu_order>0</wp:menu_order>
		<wp:post_type><![CDATA[page]]></wp:post_type>
		<wp:post_password><![CDATA[]]></wp:post_password>
		<wp:is_sticky>0</wp:is_sticky>
	</item>
	<item>
		<title>Contact</title>
		<link>http://earth-strike.com/au/contact/</link>
		<pubDate>Mon, 12 Nov 2018 09:34:03 +0000</pubDate>
		<dc:creator><![CDATA[Aron]]></dc:creator>
		<guid isPermaLink="false">http://earth-strike.com/australia/?page_id=8</guid>
		<description></description>
		<content:encoded><![CDATA[<!-- wp:paragraph -->
<p>National organizer:<br>Email: <a href="mailto:au@earth-strike.com">au@earth-strike.com</a></p>
<!-- /wp:paragraph -->]]></content:encoded>
		<excerpt:encoded><![CDATA[]]></excerpt:encoded>
		<wp:post_id>8</wp:post_id>
		<wp:post_date><![CDATA[2018-11-12 09:34:03]]></wp:post_date>
		<wp:post_date_gmt><![CDATA[2018-11-12 09:34:03]]></wp:post_date_gmt>
		<wp:comment_status><![CDATA[closed]]></wp:comment_status>
		<wp:ping_status><![CDATA[closed]]></wp:ping_status>
		<wp:post_name><![CDATA[contact]]></wp:post_name>
		<wp:status><![CDATA[publish]]></wp:status>
		<wp:post_parent>0</wp:post_parent>
		<wp:menu_order>0</wp:menu_order>
		<wp:post_type><![CDATA[page]]></wp:post_type>
		<wp:post_password><![CDATA[]]></wp:post_password>
		<wp:is_sticky>0</wp:is_sticky>
		<wp:postmeta>
			<wp:meta_key><![CDATA[_edit_last]]></wp:meta_key>
			<wp:meta_value><![CDATA[1]]></wp:meta_value>
		</wp:postmeta>
		<wp:postmeta>
			<wp:meta_key><![CDATA[_customify_content_layout]]></wp:meta_key>
			<wp:meta_value><![CDATA[]]></wp:meta_value>
		</wp:postmeta>
		<wp:postmeta>
			<wp:meta_key><![CDATA[_customify_sidebar]]></wp:meta_key>
			<wp:meta_value><![CDATA[]]></wp:meta_value>
		</wp:postmeta>
		<wp:postmeta>
			<wp:meta_key><![CDATA[_customify_disable_header]]></wp:meta_key>
			<wp:meta_value><![CDATA[]]></wp:meta_value>
		</wp:postmeta>
		<wp:postmeta>
			<wp:meta_key><![CDATA[_customify_disable_page_title]]></wp:meta_key>
			<wp:meta_value><![CDATA[]]></wp:meta_value>
		</wp:postmeta>
		<wp:postmeta>
			<wp:meta_key><![CDATA[_customify_disable_footer_main]]></wp:meta_key>
			<wp:meta_value><![CDATA[]]></wp:meta_value>
		</wp:postmeta>
		<wp:postmeta>
			<wp:meta_key><![CDATA[_customify_disable_footer_bottom]]></wp:meta_key>
			<wp:meta_value><![CDATA[]]></wp:meta_value>
		</wp:postmeta>
		<wp:postmeta>
			<wp:meta_key><![CDATA[_customify_page_header_display]]></wp:meta_key>
			<wp:meta_value><![CDATA[default]]></wp:meta_value>
		</wp:postmeta>
	</item>
	<item>
		<title>Get involved!</title>
		<link>http://earth-strike.com/au/get-involved/</link>
		<pubDate>Mon, 12 Nov 2018 09:34:30 +0000</pubDate>
		<dc:creator><![CDATA[Aron]]></dc:creator>
		<guid isPermaLink="false">http://earth-strike.com/australia/?page_id=9</guid>
		<description></description>
		<content:encoded><![CDATA[<!-- wp:paragraph -->
<p>Print fliers and posters (see Resources)</p>
<!-- /wp:paragraph -->

<!-- wp:paragraph -->
<p>Check out events on the Events page. Contact the national organizer (Contact page) to organize your own event</p>
<!-- /wp:paragraph -->

<!-- wp:paragraph -->
<p>Join our <a href="https://discord.gg/JAqJ7tB">Discord</a>.</p>
<!-- /wp:paragraph -->]]></content:encoded>
		<excerpt:encoded><![CDATA[]]></excerpt:encoded>
		<wp:post_id>9</wp:post_id>
		<wp:post_date><![CDATA[2018-11-12 09:34:30]]></wp:post_date>
		<wp:post_date_gmt><![CDATA[2018-11-12 09:34:30]]></wp:post_date_gmt>
		<wp:comment_status><![CDATA[closed]]></wp:comment_status>
		<wp:ping_status><![CDATA[closed]]></wp:ping_status>
		<wp:post_name><![CDATA[get-involved]]></wp:post_name>
		<wp:status><![CDATA[publish]]></wp:status>
		<wp:post_parent>0</wp:post_parent>
		<wp:menu_order>0</wp:menu_order>
		<wp:post_type><![CDATA[page]]></wp:post_type>
		<wp:post_password><![CDATA[]]></wp:post_password>
		<wp:is_sticky>0</wp:is_sticky>
		<wp:postmeta>
			<wp:meta_key><![CDATA[_customify_content_layout]]></wp:meta_key>
			<wp:meta_value><![CDATA[]]></wp:meta_value>
		</wp:postmeta>
		<wp:postmeta>
			<wp:meta_key><![CDATA[_customify_sidebar]]></wp:meta_key>
			<wp:meta_value><![CDATA[]]></wp:meta_value>
		</wp:postmeta>
		<wp:postmeta>
			<wp:meta_key><![CDATA[_customify_disable_header]]></wp:meta_key>
			<wp:meta_value><![CDATA[]]></wp:meta_value>
		</wp:postmeta>
		<wp:postmeta>
			<wp:meta_key><![CDATA[_customify_disable_page_title]]></wp:meta_key>
			<wp:meta_value><![CDATA[]]></wp:meta_value>
		</wp:postmeta>
		<wp:postmeta>
			<wp:meta_key><![CDATA[_customify_disable_footer_main]]></wp:meta_key>
			<wp:meta_value><![CDATA[]]></wp:meta_value>
		</wp:postmeta>
		<wp:postmeta>
			<wp:meta_key><![CDATA[_customify_disable_footer_bottom]]></wp:meta_key>
			<wp:meta_value><![CDATA[]]></wp:meta_value>
		</wp:postmeta>
		<wp:postmeta>
			<wp:meta_key><![CDATA[_customify_page_header_display]]></wp:meta_key>
			<wp:meta_value><![CDATA[default]]></wp:meta_value>
		</wp:postmeta>
	</item>
	<item>
		<title>EarthStrike Logo</title>
		<link>http://earth-strike.com/au/earthstrike-logo/</link>
		<pubDate>Mon, 12 Nov 2018 09:35:43 +0000</pubDate>
		<dc:creator><![CDATA[Aron]]></dc:creator>
		<guid isPermaLink="false">https://earth-strike.com/australia/wp-content/uploads/sites/9/2018/11/EarthStrike-Logo.png</guid>
		<description></description>
		<content:encoded><![CDATA[]]></content:encoded>
		<excerpt:encoded><![CDATA[]]></excerpt:encoded>
		<wp:post_id>10</wp:post_id>
		<wp:post_date><![CDATA[2018-11-12 09:35:43]]></wp:post_date>
		<wp:post_date_gmt><![CDATA[2018-11-12 09:35:43]]></wp:post_date_gmt>
		<wp:comment_status><![CDATA[open]]></wp:comment_status>
		<wp:ping_status><![CDATA[closed]]></wp:ping_status>
		<wp:post_name><![CDATA[earthstrike-logo]]></wp:post_name>
		<wp:status><![CDATA[inherit]]></wp:status>
		<wp:post_parent>0</wp:post_parent>
		<wp:menu_order>0</wp:menu_order>
		<wp:post_type><![CDATA[attachment]]></wp:post_type>
		<wp:post_password><![CDATA[]]></wp:post_password>
		<wp:is_sticky>0</wp:is_sticky>
		<wp:attachment_url><![CDATA[https://earth-strike.com/au/wp-content/uploads/sites/9/2018/11/EarthStrike-Logo.png]]></wp:attachment_url>
		<wp:postmeta>
			<wp:meta_key><![CDATA[_wp_attached_file]]></wp:meta_key>
			<wp:meta_value><![CDATA[2018/11/EarthStrike-Logo.png]]></wp:meta_value>
		</wp:postmeta>
		<wp:postmeta>
			<wp:meta_key><![CDATA[_wp_attachment_metadata]]></wp:meta_key>
			<wp:meta_value><![CDATA[a:5:{s:5:"width";i:1200;s:6:"height";i:1200;s:4:"file";s:28:"2018/11/EarthStrike-Logo.png";s:5:"sizes";a:4:{s:9:"thumbnail";a:4:{s:4:"file";s:28:"EarthStrike-Logo-150x150.png";s:5:"width";i:150;s:6:"height";i:150;s:9:"mime-type";s:9:"image/png";}s:6:"medium";a:4:{s:4:"file";s:28:"EarthStrike-Logo-300x300.png";s:5:"width";i:300;s:6:"height";i:300;s:9:"mime-type";s:9:"image/png";}s:12:"medium_large";a:4:{s:4:"file";s:28:"EarthStrike-Logo-768x768.png";s:5:"width";i:768;s:6:"height";i:768;s:9:"mime-type";s:9:"image/png";}s:5:"large";a:4:{s:4:"file";s:30:"EarthStrike-Logo-1024x1024.png";s:5:"width";i:1024;s:6:"height";i:1024;s:9:"mime-type";s:9:"image/png";}}s:10:"image_meta";a:12:{s:8:"aperture";s:1:"0";s:6:"credit";s:0:"";s:6:"camera";s:0:"";s:7:"caption";s:0:"";s:17:"created_timestamp";s:1:"0";s:9:"copyright";s:0:"";s:12:"focal_length";s:1:"0";s:3:"iso";s:1:"0";s:13:"shutter_speed";s:1:"0";s:5:"title";s:0:"";s:11:"orientation";s:1:"0";s:8:"keywords";a:0:{}}}]]></wp:meta_value>
		</wp:postmeta>
	</item>
	<item>
		<title>cropped-EarthStrike-Logo.png</title>
		<link>http://earth-strike.com/au/cropped-earthstrike-logo-png/</link>
		<pubDate>Mon, 12 Nov 2018 09:36:00 +0000</pubDate>
		<dc:creator><![CDATA[Aron]]></dc:creator>
		<guid isPermaLink="false">https://earth-strike.com/australia/wp-content/uploads/sites/9/2018/11/cropped-EarthStrike-Logo.png</guid>
		<description></description>
		<content:encoded><![CDATA[https://earth-strike.com/australia/wp-content/uploads/sites/9/2018/11/cropped-EarthStrike-Logo.png]]></content:encoded>
		<excerpt:encoded><![CDATA[]]></excerpt:encoded>
		<wp:post_id>11</wp:post_id>
		<wp:post_date><![CDATA[2018-11-12 09:36:00]]></wp:post_date>
		<wp:post_date_gmt><![CDATA[2018-11-12 09:36:00]]></wp:post_date_gmt>
		<wp:comment_status><![CDATA[open]]></wp:comment_status>
		<wp:ping_status><![CDATA[closed]]></wp:ping_status>
		<wp:post_name><![CDATA[cropped-earthstrike-logo-png]]></wp:post_name>
		<wp:status><![CDATA[inherit]]></wp:status>
		<wp:post_parent>0</wp:post_parent>
		<wp:menu_order>0</wp:menu_order>
		<wp:post_type><![CDATA[attachment]]></wp:post_type>
		<wp:post_password><![CDATA[]]></wp:post_password>
		<wp:is_sticky>0</wp:is_sticky>
		<wp:attachment_url><![CDATA[https://earth-strike.com/au/wp-content/uploads/sites/9/2018/11/cropped-EarthStrike-Logo.png]]></wp:attachment_url>
		<wp:postmeta>
			<wp:meta_key><![CDATA[_wp_attached_file]]></wp:meta_key>
			<wp:meta_value><![CDATA[2018/11/cropped-EarthStrike-Logo.png]]></wp:meta_value>
		</wp:postmeta>
		<wp:postmeta>
			<wp:meta_key><![CDATA[_wp_attachment_context]]></wp:meta_key>
			<wp:meta_value><![CDATA[site-icon]]></wp:meta_value>
		</wp:postmeta>
		<wp:postmeta>
			<wp:meta_key><![CDATA[_wp_attachment_metadata]]></wp:meta_key>
			<wp:meta_value><![CDATA[a:5:{s:5:"width";i:512;s:6:"height";i:512;s:4:"file";s:36:"2018/11/cropped-EarthStrike-Logo.png";s:5:"sizes";a:6:{s:9:"thumbnail";a:4:{s:4:"file";s:36:"cropped-EarthStrike-Logo-150x150.png";s:5:"width";i:150;s:6:"height";i:150;s:9:"mime-type";s:9:"image/png";}s:6:"medium";a:4:{s:4:"file";s:36:"cropped-EarthStrike-Logo-300x300.png";s:5:"width";i:300;s:6:"height";i:300;s:9:"mime-type";s:9:"image/png";}s:13:"site_icon-270";a:4:{s:4:"file";s:36:"cropped-EarthStrike-Logo-270x270.png";s:5:"width";i:270;s:6:"height";i:270;s:9:"mime-type";s:9:"image/png";}s:13:"site_icon-192";a:4:{s:4:"file";s:36:"cropped-EarthStrike-Logo-192x192.png";s:5:"width";i:192;s:6:"height";i:192;s:9:"mime-type";s:9:"image/png";}s:13:"site_icon-180";a:4:{s:4:"file";s:36:"cropped-EarthStrike-Logo-180x180.png";s:5:"width";i:180;s:6:"height";i:180;s:9:"mime-type";s:9:"image/png";}s:12:"site_icon-32";a:4:{s:4:"file";s:34:"cropped-EarthStrike-Logo-32x32.png";s:5:"width";i:32;s:6:"height";i:32;s:9:"mime-type";s:9:"image/png";}}s:10:"image_meta";a:12:{s:8:"aperture";s:1:"0";s:6:"credit";s:0:"";s:6:"camera";s:0:"";s:7:"caption";s:0:"";s:17:"created_timestamp";s:1:"0";s:9:"copyright";s:0:"";s:12:"focal_length";s:1:"0";s:3:"iso";s:1:"0";s:13:"shutter_speed";s:1:"0";s:5:"title";s:0:"";s:11:"orientation";s:1:"0";s:8:"keywords";a:0:{}}}]]></wp:meta_value>
		</wp:postmeta>
	</item>
	<item>
		<title></title>
		<link>http://earth-strike.com/au/?p=15</link>
		<pubDate>Mon, 30 Nov -0001 00:00:00 +0000</pubDate>
		<dc:creator><![CDATA[Aron]]></dc:creator>
		<guid isPermaLink="false">http://earth-strike.com/australia/?p=15</guid>
		<description></description>
		<content:encoded><![CDATA[ ]]></content:encoded>
		<excerpt:encoded><![CDATA[]]></excerpt:encoded>
		<wp:post_id>15</wp:post_id>
		<wp:post_date><![CDATA[2018-11-12 09:38:23]]></wp:post_date>
		<wp:post_date_gmt><![CDATA[0000-00-00 00:00:00]]></wp:post_date_gmt>
		<wp:comment_status><![CDATA[closed]]></wp:comment_status>
		<wp:ping_status><![CDATA[closed]]></wp:ping_status>
		<wp:post_name><![CDATA[]]></wp:post_name>
		<wp:status><![CDATA[draft]]></wp:status>
		<wp:post_parent>0</wp:post_parent>
		<wp:menu_order>1</wp:menu_order>
		<wp:post_type><![CDATA[nav_menu_item]]></wp:post_type>
		<wp:post_password><![CDATA[]]></wp:post_password>
		<wp:is_sticky>0</wp:is_sticky>
		<wp:postmeta>
			<wp:meta_key><![CDATA[_menu_item_type]]></wp:meta_key>
			<wp:meta_value><![CDATA[post_type]]></wp:meta_value>
		</wp:postmeta>
		<wp:postmeta>
			<wp:meta_key><![CDATA[_menu_item_menu_item_parent]]></wp:meta_key>
			<wp:meta_value><![CDATA[0]]></wp:meta_value>
		</wp:postmeta>
		<wp:postmeta>
			<wp:meta_key><![CDATA[_menu_item_object_id]]></wp:meta_key>
			<wp:meta_value><![CDATA[2]]></wp:meta_value>
		</wp:postmeta>
		<wp:postmeta>
			<wp:meta_key><![CDATA[_menu_item_object]]></wp:meta_key>
			<wp:meta_value><![CDATA[page]]></wp:meta_value>
		</wp:postmeta>
		<wp:postmeta>
			<wp:meta_key><![CDATA[_menu_item_target]]></wp:meta_key>
			<wp:meta_value><![CDATA[]]></wp:meta_value>
		</wp:postmeta>
		<wp:postmeta>
			<wp:meta_key><![CDATA[_menu_item_classes]]></wp:meta_key>
			<wp:meta_value><![CDATA[a:1:{i:0;s:0:"";}]]></wp:meta_value>
		</wp:postmeta>
		<wp:postmeta>
			<wp:meta_key><![CDATA[_menu_item_xfn]]></wp:meta_key>
			<wp:meta_value><![CDATA[]]></wp:meta_value>
		</wp:postmeta>
		<wp:postmeta>
			<wp:meta_key><![CDATA[_menu_item_url]]></wp:meta_key>
			<wp:meta_value><![CDATA[]]></wp:meta_value>
		</wp:postmeta>
		<wp:postmeta>
			<wp:meta_key><![CDATA[_menu_item_orphaned]]></wp:meta_key>
			<wp:meta_value><![CDATA[1542015503]]></wp:meta_value>
		</wp:postmeta>
	</item>
	<item>
		<title></title>
		<link>http://earth-strike.com/au/16/</link>
		<pubDate>Mon, 12 Nov 2018 09:38:59 +0000</pubDate>
		<dc:creator><![CDATA[Aron]]></dc:creator>
		<guid isPermaLink="false">http://earth-strike.com/australia/?p=16</guid>
		<description></description>
		<content:encoded><![CDATA[ ]]></content:encoded>
		<excerpt:encoded><![CDATA[]]></excerpt:encoded>
		<wp:post_id>16</wp:post_id>
		<wp:post_date><![CDATA[2018-11-12 09:38:59]]></wp:post_date>
		<wp:post_date_gmt><![CDATA[2018-11-12 09:38:59]]></wp:post_date_gmt>
		<wp:comment_status><![CDATA[closed]]></wp:comment_status>
		<wp:ping_status><![CDATA[closed]]></wp:ping_status>
		<wp:post_name><![CDATA[16]]></wp:post_name>
		<wp:status><![CDATA[publish]]></wp:status>
		<wp:post_parent>0</wp:post_parent>
		<wp:menu_order>6</wp:menu_order>
		<wp:post_type><![CDATA[nav_menu_item]]></wp:post_type>
		<wp:post_password><![CDATA[]]></wp:post_password>
		<wp:is_sticky>0</wp:is_sticky>
		<category domain="nav_menu" nicename="main-menu"><![CDATA[Main Menu]]></category>
		<wp:postmeta>
			<wp:meta_key><![CDATA[_menu_item_type]]></wp:meta_key>
			<wp:meta_value><![CDATA[post_type]]></wp:meta_value>
		</wp:postmeta>
		<wp:postmeta>
			<wp:meta_key><![CDATA[_menu_item_menu_item_parent]]></wp:meta_key>
			<wp:meta_value><![CDATA[0]]></wp:meta_value>
		</wp:postmeta>
		<wp:postmeta>
			<wp:meta_key><![CDATA[_menu_item_object_id]]></wp:meta_key>
			<wp:meta_value><![CDATA[8]]></wp:meta_value>
		</wp:postmeta>
		<wp:postmeta>
			<wp:meta_key><![CDATA[_menu_item_object]]></wp:meta_key>
			<wp:meta_value><![CDATA[page]]></wp:meta_value>
		</wp:postmeta>
		<wp:postmeta>
			<wp:meta_key><![CDATA[_menu_item_target]]></wp:meta_key>
			<wp:meta_value><![CDATA[]]></wp:meta_value>
		</wp:postmeta>
		<wp:postmeta>
			<wp:meta_key><![CDATA[_menu_item_classes]]></wp:meta_key>
			<wp:meta_value><![CDATA[a:1:{i:0;s:0:"";}]]></wp:meta_value>
		</wp:postmeta>
		<wp:postmeta>
			<wp:meta_key><![CDATA[_menu_item_xfn]]></wp:meta_key>
			<wp:meta_value><![CDATA[]]></wp:meta_value>
		</wp:postmeta>
		<wp:postmeta>
			<wp:meta_key><![CDATA[_menu_item_url]]></wp:meta_key>
			<wp:meta_value><![CDATA[]]></wp:meta_value>
		</wp:postmeta>
	</item>
	<item>
		<title></title>
		<link>http://earth-strike.com/au/17/</link>
		<pubDate>Mon, 12 Nov 2018 09:38:58 +0000</pubDate>
		<dc:creator><![CDATA[Aron]]></dc:creator>
		<guid isPermaLink="false">http://earth-strike.com/australia/?p=17</guid>
		<description></description>
		<content:encoded><![CDATA[ ]]></content:encoded>
		<excerpt:encoded><![CDATA[]]></excerpt:encoded>
		<wp:post_id>17</wp:post_id>
		<wp:post_date><![CDATA[2018-11-12 09:38:58]]></wp:post_date>
		<wp:post_date_gmt><![CDATA[2018-11-12 09:38:58]]></wp:post_date_gmt>
		<wp:comment_status><![CDATA[closed]]></wp:comment_status>
		<wp:ping_status><![CDATA[closed]]></wp:ping_status>
		<wp:post_name><![CDATA[17]]></wp:post_name>
		<wp:status><![CDATA[publish]]></wp:status>
		<wp:post_parent>0</wp:post_parent>
		<wp:menu_order>1</wp:menu_order>
		<wp:post_type><![CDATA[nav_menu_item]]></wp:post_type>
		<wp:post_password><![CDATA[]]></wp:post_password>
		<wp:is_sticky>0</wp:is_sticky>
		<category domain="nav_menu" nicename="main-menu"><![CDATA[Main Menu]]></category>
		<wp:postmeta>
			<wp:meta_key><![CDATA[_menu_item_type]]></wp:meta_key>
			<wp:meta_value><![CDATA[post_type]]></wp:meta_value>
		</wp:postmeta>
		<wp:postmeta>
			<wp:meta_key><![CDATA[_menu_item_menu_item_parent]]></wp:meta_key>
			<wp:meta_value><![CDATA[0]]></wp:meta_value>
		</wp:postmeta>
		<wp:postmeta>
			<wp:meta_key><![CDATA[_menu_item_object_id]]></wp:meta_key>
			<wp:meta_value><![CDATA[2]]></wp:meta_value>
		</wp:postmeta>
		<wp:postmeta>
			<wp:meta_key><![CDATA[_menu_item_object]]></wp:meta_key>
			<wp:meta_value><![CDATA[page]]></wp:meta_value>
		</wp:postmeta>
		<wp:postmeta>
			<wp:meta_key><![CDATA[_menu_item_target]]></wp:meta_key>
			<wp:meta_value><![CDATA[]]></wp:meta_value>
		</wp:postmeta>
		<wp:postmeta>
			<wp:meta_key><![CDATA[_menu_item_classes]]></wp:meta_key>
			<wp:meta_value><![CDATA[a:1:{i:0;s:0:"";}]]></wp:meta_value>
		</wp:postmeta>
		<wp:postmeta>
			<wp:meta_key><![CDATA[_menu_item_xfn]]></wp:meta_key>
			<wp:meta_value><![CDATA[]]></wp:meta_value>
		</wp:postmeta>
		<wp:postmeta>
			<wp:meta_key><![CDATA[_menu_item_url]]></wp:meta_key>
			<wp:meta_value><![CDATA[]]></wp:meta_value>
		</wp:postmeta>
	</item>
	<item>
		<title></title>
		<link>http://earth-strike.com/au/18/</link>
		<pubDate>Mon, 12 Nov 2018 09:38:59 +0000</pubDate>
		<dc:creator><![CDATA[Aron]]></dc:creator>
		<guid isPermaLink="false">http://earth-strike.com/australia/?p=18</guid>
		<description></description>
		<content:encoded><![CDATA[ ]]></content:encoded>
		<excerpt:encoded><![CDATA[]]></excerpt:encoded>
		<wp:post_id>18</wp:post_id>
		<wp:post_date><![CDATA[2018-11-12 09:38:59]]></wp:post_date>
		<wp:post_date_gmt><![CDATA[2018-11-12 09:38:59]]></wp:post_date_gmt>
		<wp:comment_status><![CDATA[closed]]></wp:comment_status>
		<wp:ping_status><![CDATA[closed]]></wp:ping_status>
		<wp:post_name><![CDATA[18]]></wp:post_name>
		<wp:status><![CDATA[publish]]></wp:status>
		<wp:post_parent>0</wp:post_parent>
		<wp:menu_order>4</wp:menu_order>
		<wp:post_type><![CDATA[nav_menu_item]]></wp:post_type>
		<wp:post_password><![CDATA[]]></wp:post_password>
		<wp:is_sticky>0</wp:is_sticky>
		<category domain="nav_menu" nicename="main-menu"><![CDATA[Main Menu]]></category>
		<wp:postmeta>
			<wp:meta_key><![CDATA[_menu_item_type]]></wp:meta_key>
			<wp:meta_value><![CDATA[post_type]]></wp:meta_value>
		</wp:postmeta>
		<wp:postmeta>
			<wp:meta_key><![CDATA[_menu_item_menu_item_parent]]></wp:meta_key>
			<wp:meta_value><![CDATA[19]]></wp:meta_value>
		</wp:postmeta>
		<wp:postmeta>
			<wp:meta_key><![CDATA[_menu_item_object_id]]></wp:meta_key>
			<wp:meta_value><![CDATA[6]]></wp:meta_value>
		</wp:postmeta>
		<wp:postmeta>
			<wp:meta_key><![CDATA[_menu_item_object]]></wp:meta_key>
			<wp:meta_value><![CDATA[page]]></wp:meta_value>
		</wp:postmeta>
		<wp:postmeta>
			<wp:meta_key><![CDATA[_menu_item_target]]></wp:meta_key>
			<wp:meta_value><![CDATA[]]></wp:meta_value>
		</wp:postmeta>
		<wp:postmeta>
			<wp:meta_key><![CDATA[_menu_item_classes]]></wp:meta_key>
			<wp:meta_value><![CDATA[a:1:{i:0;s:0:"";}]]></wp:meta_value>
		</wp:postmeta>
		<wp:postmeta>
			<wp:meta_key><![CDATA[_menu_item_xfn]]></wp:meta_key>
			<wp:meta_value><![CDATA[]]></wp:meta_value>
		</wp:postmeta>
		<wp:postmeta>
			<wp:meta_key><![CDATA[_menu_item_url]]></wp:meta_key>
			<wp:meta_value><![CDATA[]]></wp:meta_value>
		</wp:postmeta>
	</item>
	<item>
		<title></title>
		<link>http://earth-strike.com/au/19/</link>
		<pubDate>Mon, 12 Nov 2018 09:38:59 +0000</pubDate>
		<dc:creator><![CDATA[Aron]]></dc:creator>
		<guid isPermaLink="false">http://earth-strike.com/australia/?p=19</guid>
		<description></description>
		<content:encoded><![CDATA[ ]]></content:encoded>
		<excerpt:encoded><![CDATA[]]></excerpt:encoded>
		<wp:post_id>19</wp:post_id>
		<wp:post_date><![CDATA[2018-11-12 09:38:59]]></wp:post_date>
		<wp:post_date_gmt><![CDATA[2018-11-12 09:38:59]]></wp:post_date_gmt>
		<wp:comment_status><![CDATA[closed]]></wp:comment_status>
		<wp:ping_status><![CDATA[closed]]></wp:ping_status>
		<wp:post_name><![CDATA[19]]></wp:post_name>
		<wp:status><![CDATA[publish]]></wp:status>
		<wp:post_parent>0</wp:post_parent>
		<wp:menu_order>3</wp:menu_order>
		<wp:post_type><![CDATA[nav_menu_item]]></wp:post_type>
		<wp:post_password><![CDATA[]]></wp:post_password>
		<wp:is_sticky>0</wp:is_sticky>
		<category domain="nav_menu" nicename="main-menu"><![CDATA[Main Menu]]></category>
		<wp:postmeta>
			<wp:meta_key><![CDATA[_menu_item_type]]></wp:meta_key>
			<wp:meta_value><![CDATA[post_type]]></wp:meta_value>
		</wp:postmeta>
		<wp:postmeta>
			<wp:meta_key><![CDATA[_menu_item_menu_item_parent]]></wp:meta_key>
			<wp:meta_value><![CDATA[0]]></wp:meta_value>
		</wp:postmeta>
		<wp:postmeta>
			<wp:meta_key><![CDATA[_menu_item_object_id]]></wp:meta_key>
			<wp:meta_value><![CDATA[9]]></wp:meta_value>
		</wp:postmeta>
		<wp:postmeta>
			<wp:meta_key><![CDATA[_menu_item_object]]></wp:meta_key>
			<wp:meta_value><![CDATA[page]]></wp:meta_value>
		</wp:postmeta>
		<wp:postmeta>
			<wp:meta_key><![CDATA[_menu_item_target]]></wp:meta_key>
			<wp:meta_value><![CDATA[]]></wp:meta_value>
		</wp:postmeta>
		<wp:postmeta>
			<wp:meta_key><![CDATA[_menu_item_classes]]></wp:meta_key>
			<wp:meta_value><![CDATA[a:1:{i:0;s:0:"";}]]></wp:meta_value>
		</wp:postmeta>
		<wp:postmeta>
			<wp:meta_key><![CDATA[_menu_item_xfn]]></wp:meta_key>
			<wp:meta_value><![CDATA[]]></wp:meta_value>
		</wp:postmeta>
		<wp:postmeta>
			<wp:meta_key><![CDATA[_menu_item_url]]></wp:meta_key>
			<wp:meta_value><![CDATA[]]></wp:meta_value>
		</wp:postmeta>
	</item>
	<item>
		<title></title>
		<link>http://earth-strike.com/au/20/</link>
		<pubDate>Mon, 12 Nov 2018 09:38:59 +0000</pubDate>
		<dc:creator><![CDATA[Aron]]></dc:creator>
		<guid isPermaLink="false">http://earth-strike.com/australia/?p=20</guid>
		<description></description>
		<content:encoded><![CDATA[ ]]></content:encoded>
		<excerpt:encoded><![CDATA[]]></excerpt:encoded>
		<wp:post_id>20</wp:post_id>
		<wp:post_date><![CDATA[2018-11-12 09:38:59]]></wp:post_date>
		<wp:post_date_gmt><![CDATA[2018-11-12 09:38:59]]></wp:post_date_gmt>
		<wp:comment_status><![CDATA[closed]]></wp:comment_status>
		<wp:ping_status><![CDATA[closed]]></wp:ping_status>
		<wp:post_name><![CDATA[20]]></wp:post_name>
		<wp:status><![CDATA[publish]]></wp:status>
		<wp:post_parent>0</wp:post_parent>
		<wp:menu_order>2</wp:menu_order>
		<wp:post_type><![CDATA[nav_menu_item]]></wp:post_type>
		<wp:post_password><![CDATA[]]></wp:post_password>
		<wp:is_sticky>0</wp:is_sticky>
		<category domain="nav_menu" nicename="main-menu"><![CDATA[Main Menu]]></category>
		<wp:postmeta>
			<wp:meta_key><![CDATA[_menu_item_type]]></wp:meta_key>
			<wp:meta_value><![CDATA[post_type]]></wp:meta_value>
		</wp:postmeta>
		<wp:postmeta>
			<wp:meta_key><![CDATA[_menu_item_menu_item_parent]]></wp:meta_key>
			<wp:meta_value><![CDATA[0]]></wp:meta_value>
		</wp:postmeta>
		<wp:postmeta>
			<wp:meta_key><![CDATA[_menu_item_object_id]]></wp:meta_key>
			<wp:meta_value><![CDATA[5]]></wp:meta_value>
		</wp:postmeta>
		<wp:postmeta>
			<wp:meta_key><![CDATA[_menu_item_object]]></wp:meta_key>
			<wp:meta_value><![CDATA[page]]></wp:meta_value>
		</wp:postmeta>
		<wp:postmeta>
			<wp:meta_key><![CDATA[_menu_item_target]]></wp:meta_key>
			<wp:meta_value><![CDATA[]]></wp:meta_value>
		</wp:postmeta>
		<wp:postmeta>
			<wp:meta_key><![CDATA[_menu_item_classes]]></wp:meta_key>
			<wp:meta_value><![CDATA[a:1:{i:0;s:0:"";}]]></wp:meta_value>
		</wp:postmeta>
		<wp:postmeta>
			<wp:meta_key><![CDATA[_menu_item_xfn]]></wp:meta_key>
			<wp:meta_value><![CDATA[]]></wp:meta_value>
		</wp:postmeta>
		<wp:postmeta>
			<wp:meta_key><![CDATA[_menu_item_url]]></wp:meta_key>
			<wp:meta_value><![CDATA[]]></wp:meta_value>
		</wp:postmeta>
	</item>
	<item>
		<title></title>
		<link>http://earth-strike.com/au/21/</link>
		<pubDate>Mon, 12 Nov 2018 09:38:59 +0000</pubDate>
		<dc:creator><![CDATA[Aron]]></dc:creator>
		<guid isPermaLink="false">http://earth-strike.com/australia/?p=21</guid>
		<description></description>
		<content:encoded><![CDATA[ ]]></content:encoded>
		<excerpt:encoded><![CDATA[]]></excerpt:encoded>
		<wp:post_id>21</wp:post_id>
		<wp:post_date><![CDATA[2018-11-12 09:38:59]]></wp:post_date>
		<wp:post_date_gmt><![CDATA[2018-11-12 09:38:59]]></wp:post_date_gmt>
		<wp:comment_status><![CDATA[closed]]></wp:comment_status>
		<wp:ping_status><![CDATA[closed]]></wp:ping_status>
		<wp:post_name><![CDATA[21]]></wp:post_name>
		<wp:status><![CDATA[publish]]></wp:status>
		<wp:post_parent>0</wp:post_parent>
		<wp:menu_order>5</wp:menu_order>
		<wp:post_type><![CDATA[nav_menu_item]]></wp:post_type>
		<wp:post_password><![CDATA[]]></wp:post_password>
		<wp:is_sticky>0</wp:is_sticky>
		<category domain="nav_menu" nicename="main-menu"><![CDATA[Main Menu]]></category>
		<wp:postmeta>
			<wp:meta_key><![CDATA[_menu_item_type]]></wp:meta_key>
			<wp:meta_value><![CDATA[post_type]]></wp:meta_value>
		</wp:postmeta>
		<wp:postmeta>
			<wp:meta_key><![CDATA[_menu_item_menu_item_parent]]></wp:meta_key>
			<wp:meta_value><![CDATA[0]]></wp:meta_value>
		</wp:postmeta>
		<wp:postmeta>
			<wp:meta_key><![CDATA[_menu_item_object_id]]></wp:meta_key>
			<wp:meta_value><![CDATA[7]]></wp:meta_value>
		</wp:postmeta>
		<wp:postmeta>
			<wp:meta_key><![CDATA[_menu_item_object]]></wp:meta_key>
			<wp:meta_value><![CDATA[page]]></wp:meta_value>
		</wp:postmeta>
		<wp:postmeta>
			<wp:meta_key><![CDATA[_menu_item_target]]></wp:meta_key>
			<wp:meta_value><![CDATA[]]></wp:meta_value>
		</wp:postmeta>
		<wp:postmeta>
			<wp:meta_key><![CDATA[_menu_item_classes]]></wp:meta_key>
			<wp:meta_value><![CDATA[a:1:{i:0;s:0:"";}]]></wp:meta_value>
		</wp:postmeta>
		<wp:postmeta>
			<wp:meta_key><![CDATA[_menu_item_xfn]]></wp:meta_key>
			<wp:meta_value><![CDATA[]]></wp:meta_value>
		</wp:postmeta>
		<wp:postmeta>
			<wp:meta_key><![CDATA[_menu_item_url]]></wp:meta_key>
			<wp:meta_value><![CDATA[]]></wp:meta_value>
		</wp:postmeta>
	</item>
	<item>
		<title>Australian Climate Demands</title>
		<link>http://earth-strike.com/au/australian-climate-demands/</link>
		<pubDate>Tue, 13 Nov 2018 02:04:50 +0000</pubDate>
		<dc:creator><![CDATA[au]]></dc:creator>
		<guid isPermaLink="false">http://earth-strike.com/au/?p=28</guid>
		<description></description>
		<content:encoded><![CDATA[<!-- wp:heading -->
<h2>Why We’re Demanding Climate Justice</h2>
<!-- /wp:heading -->

<!-- wp:paragraph -->
<p>Australia is the driest inhabited continent on the face of the Earth. In that context, extreme weather events have subsequently been a fact of life for humans trying to eke out a life upon these ancient lands since the Dreamtime - droughts, floods, cyclones, bushfires and more, all ravaging the landscape in destructive and regenerative ways. Changes in climate have transformed Australia in dramatic fashion, with arid zones stretching to northern Tasmania during glacial maxima, to the Eromanga Sea that stretched across the red centre of Australia in prehistoric times. Our existence on this wide brown land is sensitive to changes in climate, and the CSIRO, Bureau of Meteorology and the federal Department of Environment all state that average temperatures are increasing, especially at night, and drying of the nation’s climate is occurring, as well as the bushfire season becoming longer and extreme rain events intensifying in total rainfall, even where average rainfall will decrease.</p>
<!-- /wp:paragraph -->

<!-- wp:paragraph -->
<p>Recent changes in the Australian and global climate are linked to increasing global emissions of greenhouse gases; chiefly, carbon dioxide emissions from economic activity, countering the slight fall or stability in mean global temperatures that natural climate change factors should be forcing. We have less than twelve years to take drastic action for climate justice, less than forty years to completely eliminate greenhouse gas emissions so as to save us from ourselves. The Australian population has demanded action for over a decade, and we have received an orgy of concessions to fossil fuel interests and reactionary climate change deniers in return, culminating in a vast policy vacuum at the federal level of government once the Clean Energy Act was repealed and the Emissions Reduction Fund was depleted.</p>
<!-- /wp:paragraph -->

<!-- wp:paragraph -->
<p>While some states have stepped up in the absence of federal leadership to legislate strong renewable energy targets that reduce fossil fuel energy dependence, most notably South Australia, it is piecemeal and inadequate climate justice action. Thus, we must demand immediate and comprehensive action to transform our society into a zero carbon emissions society, everywhere from Double Bay to Darwin to Dynnyrne to Duncraig. The Zero Carbon Australia Stationary Energy Plan has a comprehensive ten-year roadmap to zero carbon emissions, the ANU has released a study that confirms we can have 100% renewable energy by the early 2030s if we maintain current installation rates, we already know how to eliminate transport emissions and industry and agriculture can reduce their own greenhouse gas emissions - there is no excuse to maintain status quo economic activities.</p>
<!-- /wp:paragraph -->

<!-- wp:heading -->
<h2>What We Demand for Climate Justice</h2>
<!-- /wp:heading -->

<!-- wp:paragraph -->
<p>Australia has a duty to lead the world in fighting for climate justice. We demand that all federal and state governments step up to legislate and enact the following actions:</p>
<!-- /wp:paragraph -->

<!-- wp:list {"ordered":true} -->
<ol><li>Introduce a carbon emissions fee to halve all carbon and greenhouse gas emissions across the country by 2030, and to achieve zero net emissions by 2050, as well as ending the export of thermal coal and other fossil fuels that create more carbon emissions.</li><li>The immediate proper funding and prioritised improvement of the office of the Threatened Species Commissioner, and all departments of environment and climate change at all levels of government, to implement immediate and comprehensive action on climate justice and ecological justice.</li><li>Unambiguous and comprehensive legislation to hold corporations and private businesses to account for damage to the Australian and international ecosphere.</li></ol>
<!-- /wp:list -->

<!-- wp:paragraph -->
<p>Climate justice has been long ignored for the next dollar. The Australian population will wait no longer for our representatives to fail over and over to find a solution that science and evidence demands we find, before humanity itself is in mortal peril.</p>
<!-- /wp:paragraph -->

<!-- wp:paragraph -->
<p>Updated 30th December 2018</p>
<!-- /wp:paragraph -->]]></content:encoded>
		<excerpt:encoded><![CDATA[]]></excerpt:encoded>
		<wp:post_id>28</wp:post_id>
		<wp:post_date><![CDATA[2018-11-13 10:04:50]]></wp:post_date>
		<wp:post_date_gmt><![CDATA[2018-11-13 02:04:50]]></wp:post_date_gmt>
		<wp:comment_status><![CDATA[closed]]></wp:comment_status>
		<wp:ping_status><![CDATA[closed]]></wp:ping_status>
		<wp:post_name><![CDATA[australian-climate-demands]]></wp:post_name>
		<wp:status><![CDATA[publish]]></wp:status>
		<wp:post_parent>0</wp:post_parent>
		<wp:menu_order>0</wp:menu_order>
		<wp:post_type><![CDATA[post]]></wp:post_type>
		<wp:post_password><![CDATA[]]></wp:post_password>
		<wp:is_sticky>0</wp:is_sticky>
		<category domain="category" nicename="demands-and-goals"><![CDATA[Demands and Goals]]></category>
		<wp:postmeta>
			<wp:meta_key><![CDATA[_edit_last]]></wp:meta_key>
			<wp:meta_value><![CDATA[13]]></wp:meta_value>
		</wp:postmeta>
		<wp:postmeta>
			<wp:meta_key><![CDATA[_yoast_wpseo_primary_category]]></wp:meta_key>
			<wp:meta_value><![CDATA[4]]></wp:meta_value>
		</wp:postmeta>
		<wp:postmeta>
			<wp:meta_key><![CDATA[_customify_content_layout]]></wp:meta_key>
			<wp:meta_value><![CDATA[]]></wp:meta_value>
		</wp:postmeta>
		<wp:postmeta>
			<wp:meta_key><![CDATA[_customify_sidebar]]></wp:meta_key>
			<wp:meta_value><![CDATA[]]></wp:meta_value>
		</wp:postmeta>
		<wp:postmeta>
			<wp:meta_key><![CDATA[_customify_disable_header]]></wp:meta_key>
			<wp:meta_value><![CDATA[]]></wp:meta_value>
		</wp:postmeta>
		<wp:postmeta>
			<wp:meta_key><![CDATA[_customify_disable_page_title]]></wp:meta_key>
			<wp:meta_value><![CDATA[]]></wp:meta_value>
		</wp:postmeta>
		<wp:postmeta>
			<wp:meta_key><![CDATA[_customify_disable_footer_main]]></wp:meta_key>
			<wp:meta_value><![CDATA[]]></wp:meta_value>
		</wp:postmeta>
		<wp:postmeta>
			<wp:meta_key><![CDATA[_customify_disable_footer_bottom]]></wp:meta_key>
			<wp:meta_value><![CDATA[]]></wp:meta_value>
		</wp:postmeta>
		<wp:postmeta>
			<wp:meta_key><![CDATA[_customify_page_header_display]]></wp:meta_key>
			<wp:meta_value><![CDATA[default]]></wp:meta_value>
		</wp:postmeta>
		<wp:postmeta>
			<wp:meta_key><![CDATA[_yoast_wpseo_content_score]]></wp:meta_key>
			<wp:meta_value><![CDATA[30]]></wp:meta_value>
		</wp:postmeta>
	</item>
	<item>
		<title>Big School Walkout. Nov 30th</title>
		<link>http://earth-strike.com/au/big-school-walkout-nov-30th/</link>
		<pubDate>Tue, 13 Nov 2018 06:51:55 +0000</pubDate>
		<dc:creator><![CDATA[au]]></dc:creator>
		<guid isPermaLink="false">http://earth-strike.com/au/?p=31</guid>
		<description></description>
		<content:encoded><![CDATA[<!-- wp:paragraph -->
<p>On November 30th, we'll join with kids across the country to strike together as part of the Big School Walk Out. In this doc are the posters for your location.</p>
<!-- /wp:paragraph -->

<!-- wp:embed {"url":"https://drive.google.com/drive/folders/157sLs1joBr8xKMBcj01HUjeBwsazcYWr?fbclid=IwAR1c-hDttvOys28NDG6EDxms0tN03KS0X-2xKDiP_Pct-XCx0HLFbW7Eh_s"} -->
<figure class="wp-block-embed"><div class="wp-block-embed__wrapper">
https://drive.google.com/drive/folders/157sLs1joBr8xKMBcj01HUjeBwsazcYWr?fbclid=IwAR1c-hDttvOys28NDG6EDxms0tN03KS0X-2xKDiP_Pct-XCx0HLFbW7Eh_s
</div></figure>
<!-- /wp:embed -->]]></content:encoded>
		<excerpt:encoded><![CDATA[]]></excerpt:encoded>
		<wp:post_id>31</wp:post_id>
		<wp:post_date><![CDATA[2018-11-13 14:51:55]]></wp:post_date>
		<wp:post_date_gmt><![CDATA[2018-11-13 06:51:55]]></wp:post_date_gmt>
		<wp:comment_status><![CDATA[closed]]></wp:comment_status>
		<wp:ping_status><![CDATA[closed]]></wp:ping_status>
		<wp:post_name><![CDATA[big-school-walkout-nov-30th]]></wp:post_name>
		<wp:status><![CDATA[publish]]></wp:status>
		<wp:post_parent>0</wp:post_parent>
		<wp:menu_order>0</wp:menu_order>
		<wp:post_type><![CDATA[post]]></wp:post_type>
		<wp:post_password><![CDATA[]]></wp:post_password>
		<wp:is_sticky>0</wp:is_sticky>
		<category domain="category" nicename="news"><![CDATA[News]]></category>
		<wp:postmeta>
			<wp:meta_key><![CDATA[_oembed_36f8e170c2ba9c32c56ed4ec8699720f]]></wp:meta_key>
			<wp:meta_value><![CDATA[{{unknown}}]]></wp:meta_value>
		</wp:postmeta>
		<wp:postmeta>
			<wp:meta_key><![CDATA[_oembed_4a08572ca7b779c7e23fe5408bce1ac8]]></wp:meta_key>
			<wp:meta_value><![CDATA[{{unknown}}]]></wp:meta_value>
		</wp:postmeta>
		<wp:postmeta>
			<wp:meta_key><![CDATA[_edit_last]]></wp:meta_key>
			<wp:meta_value><![CDATA[13]]></wp:meta_value>
		</wp:postmeta>
		<wp:postmeta>
			<wp:meta_key><![CDATA[_yoast_wpseo_primary_category]]></wp:meta_key>
			<wp:meta_value><![CDATA[5]]></wp:meta_value>
		</wp:postmeta>
		<wp:postmeta>
			<wp:meta_key><![CDATA[_customify_content_layout]]></wp:meta_key>
			<wp:meta_value><![CDATA[]]></wp:meta_value>
		</wp:postmeta>
		<wp:postmeta>
			<wp:meta_key><![CDATA[_customify_sidebar]]></wp:meta_key>
			<wp:meta_value><![CDATA[]]></wp:meta_value>
		</wp:postmeta>
		<wp:postmeta>
			<wp:meta_key><![CDATA[_customify_disable_header]]></wp:meta_key>
			<wp:meta_value><![CDATA[]]></wp:meta_value>
		</wp:postmeta>
		<wp:postmeta>
			<wp:meta_key><![CDATA[_customify_disable_page_title]]></wp:meta_key>
			<wp:meta_value><![CDATA[]]></wp:meta_value>
		</wp:postmeta>
		<wp:postmeta>
			<wp:meta_key><![CDATA[_customify_disable_footer_main]]></wp:meta_key>
			<wp:meta_value><![CDATA[]]></wp:meta_value>
		</wp:postmeta>
		<wp:postmeta>
			<wp:meta_key><![CDATA[_customify_disable_footer_bottom]]></wp:meta_key>
			<wp:meta_value><![CDATA[]]></wp:meta_value>
		</wp:postmeta>
		<wp:postmeta>
			<wp:meta_key><![CDATA[_customify_page_header_display]]></wp:meta_key>
			<wp:meta_value><![CDATA[default]]></wp:meta_value>
		</wp:postmeta>
		<wp:postmeta>
			<wp:meta_key><![CDATA[_yoast_wpseo_content_score]]></wp:meta_key>
			<wp:meta_value><![CDATA[60]]></wp:meta_value>
		</wp:postmeta>
	</item>
	<item>
		<title>earth-strike-logo-resized</title>
		<link>http://earth-strike.com/au/earth-strike-logo-resized/</link>
		<pubDate>Fri, 16 Nov 2018 07:39:11 +0000</pubDate>
		<dc:creator><![CDATA[Aron]]></dc:creator>
		<guid isPermaLink="false">https://earth-strike.com/au/wp-content/uploads/sites/9/2018/11/earth-strike-logo-resized.png</guid>
		<description></description>
		<content:encoded><![CDATA[]]></content:encoded>
		<excerpt:encoded><![CDATA[]]></excerpt:encoded>
		<wp:post_id>34</wp:post_id>
		<wp:post_date><![CDATA[2018-11-16 15:39:11]]></wp:post_date>
		<wp:post_date_gmt><![CDATA[2018-11-16 07:39:11]]></wp:post_date_gmt>
		<wp:comment_status><![CDATA[closed]]></wp:comment_status>
		<wp:ping_status><![CDATA[closed]]></wp:ping_status>
		<wp:post_name><![CDATA[earth-strike-logo-resized]]></wp:post_name>
		<wp:status><![CDATA[inherit]]></wp:status>
		<wp:post_parent>0</wp:post_parent>
		<wp:menu_order>0</wp:menu_order>
		<wp:post_type><![CDATA[attachment]]></wp:post_type>
		<wp:post_password><![CDATA[]]></wp:post_password>
		<wp:is_sticky>0</wp:is_sticky>
		<wp:attachment_url><![CDATA[https://earth-strike.com/au/wp-content/uploads/sites/9/2018/11/earth-strike-logo-resized.png]]></wp:attachment_url>
		<wp:postmeta>
			<wp:meta_key><![CDATA[_wp_attached_file]]></wp:meta_key>
			<wp:meta_value><![CDATA[2018/11/earth-strike-logo-resized.png]]></wp:meta_value>
		</wp:postmeta>
		<wp:postmeta>
			<wp:meta_key><![CDATA[_wp_attachment_metadata]]></wp:meta_key>
			<wp:meta_value><![CDATA[a:5:{s:5:"width";i:480;s:6:"height";i:480;s:4:"file";s:37:"2018/11/earth-strike-logo-resized.png";s:5:"sizes";a:2:{s:9:"thumbnail";a:4:{s:4:"file";s:37:"earth-strike-logo-resized-150x150.png";s:5:"width";i:150;s:6:"height";i:150;s:9:"mime-type";s:9:"image/png";}s:6:"medium";a:4:{s:4:"file";s:37:"earth-strike-logo-resized-300x300.png";s:5:"width";i:300;s:6:"height";i:300;s:9:"mime-type";s:9:"image/png";}}s:10:"image_meta";a:12:{s:8:"aperture";s:1:"0";s:6:"credit";s:0:"";s:6:"camera";s:0:"";s:7:"caption";s:0:"";s:17:"created_timestamp";s:1:"0";s:9:"copyright";s:0:"";s:12:"focal_length";s:1:"0";s:3:"iso";s:1:"0";s:13:"shutter_speed";s:1:"0";s:5:"title";s:0:"";s:11:"orientation";s:1:"0";s:8:"keywords";a:0:{}}}]]></wp:meta_value>
		</wp:postmeta>
	</item>
	<item>
		<title>cropped-earth-strike-logo-resized.png</title>
		<link>http://earth-strike.com/au/cropped-earth-strike-logo-resized-png/</link>
		<pubDate>Fri, 16 Nov 2018 07:39:21 +0000</pubDate>
		<dc:creator><![CDATA[Aron]]></dc:creator>
		<guid isPermaLink="false">https://earth-strike.com/au/wp-content/uploads/sites/9/2018/11/cropped-earth-strike-logo-resized.png</guid>
		<description></description>
		<content:encoded><![CDATA[https://earth-strike.com/au/wp-content/uploads/sites/9/2018/11/cropped-earth-strike-logo-resized.png]]></content:encoded>
		<excerpt:encoded><![CDATA[]]></excerpt:encoded>
		<wp:post_id>35</wp:post_id>
		<wp:post_date><![CDATA[2018-11-16 15:39:21]]></wp:post_date>
		<wp:post_date_gmt><![CDATA[2018-11-16 07:39:21]]></wp:post_date_gmt>
		<wp:comment_status><![CDATA[closed]]></wp:comment_status>
		<wp:ping_status><![CDATA[closed]]></wp:ping_status>
		<wp:post_name><![CDATA[cropped-earth-strike-logo-resized-png]]></wp:post_name>
		<wp:status><![CDATA[inherit]]></wp:status>
		<wp:post_parent>0</wp:post_parent>
		<wp:menu_order>0</wp:menu_order>
		<wp:post_type><![CDATA[attachment]]></wp:post_type>
		<wp:post_password><![CDATA[]]></wp:post_password>
		<wp:is_sticky>0</wp:is_sticky>
		<wp:attachment_url><![CDATA[https://earth-strike.com/au/wp-content/uploads/sites/9/2018/11/cropped-earth-strike-logo-resized.png]]></wp:attachment_url>
		<wp:postmeta>
			<wp:meta_key><![CDATA[_wp_attached_file]]></wp:meta_key>
			<wp:meta_value><![CDATA[2018/11/cropped-earth-strike-logo-resized.png]]></wp:meta_value>
		</wp:postmeta>
		<wp:postmeta>
			<wp:meta_key><![CDATA[_wp_attachment_context]]></wp:meta_key>
			<wp:meta_value><![CDATA[site-icon]]></wp:meta_value>
		</wp:postmeta>
		<wp:postmeta>
			<wp:meta_key><![CDATA[_wp_attachment_metadata]]></wp:meta_key>
			<wp:meta_value><![CDATA[a:5:{s:5:"width";i:512;s:6:"height";i:512;s:4:"file";s:45:"2018/11/cropped-earth-strike-logo-resized.png";s:5:"sizes";a:6:{s:9:"thumbnail";a:4:{s:4:"file";s:45:"cropped-earth-strike-logo-resized-150x150.png";s:5:"width";i:150;s:6:"height";i:150;s:9:"mime-type";s:9:"image/png";}s:6:"medium";a:4:{s:4:"file";s:45:"cropped-earth-strike-logo-resized-300x300.png";s:5:"width";i:300;s:6:"height";i:300;s:9:"mime-type";s:9:"image/png";}s:13:"site_icon-270";a:4:{s:4:"file";s:45:"cropped-earth-strike-logo-resized-270x270.png";s:5:"width";i:270;s:6:"height";i:270;s:9:"mime-type";s:9:"image/png";}s:13:"site_icon-192";a:4:{s:4:"file";s:45:"cropped-earth-strike-logo-resized-192x192.png";s:5:"width";i:192;s:6:"height";i:192;s:9:"mime-type";s:9:"image/png";}s:13:"site_icon-180";a:4:{s:4:"file";s:45:"cropped-earth-strike-logo-resized-180x180.png";s:5:"width";i:180;s:6:"height";i:180;s:9:"mime-type";s:9:"image/png";}s:12:"site_icon-32";a:4:{s:4:"file";s:43:"cropped-earth-strike-logo-resized-32x32.png";s:5:"width";i:32;s:6:"height";i:32;s:9:"mime-type";s:9:"image/png";}}s:10:"image_meta";a:12:{s:8:"aperture";s:1:"0";s:6:"credit";s:0:"";s:6:"camera";s:0:"";s:7:"caption";s:0:"";s:17:"created_timestamp";s:1:"0";s:9:"copyright";s:0:"";s:12:"focal_length";s:1:"0";s:3:"iso";s:1:"0";s:13:"shutter_speed";s:1:"0";s:5:"title";s:0:"";s:11:"orientation";s:1:"0";s:8:"keywords";a:0:{}}}]]></wp:meta_value>
		</wp:postmeta>
	</item>
	<item>
		<title>Newsletter</title>
		<link>http://earth-strike.com/au/newsletter/</link>
		<pubDate>Fri, 30 Nov 2018 08:31:40 +0000</pubDate>
		<dc:creator><![CDATA[au]]></dc:creator>
		<guid isPermaLink="false">http://earth-strike.com/au/newsletter/</guid>
		<description></description>
		<content:encoded><![CDATA[[newsletter]]]></content:encoded>
		<excerpt:encoded><![CDATA[]]></excerpt:encoded>
		<wp:post_id>38</wp:post_id>
		<wp:post_date><![CDATA[2018-11-30 16:31:40]]></wp:post_date>
		<wp:post_date_gmt><![CDATA[2018-11-30 08:31:40]]></wp:post_date_gmt>
		<wp:comment_status><![CDATA[closed]]></wp:comment_status>
		<wp:ping_status><![CDATA[closed]]></wp:ping_status>
		<wp:post_name><![CDATA[newsletter]]></wp:post_name>
		<wp:status><![CDATA[publish]]></wp:status>
		<wp:post_parent>0</wp:post_parent>
		<wp:menu_order>0</wp:menu_order>
		<wp:post_type><![CDATA[page]]></wp:post_type>
		<wp:post_password><![CDATA[]]></wp:post_password>
		<wp:is_sticky>0</wp:is_sticky>
	</item>
	<item>
		<title>Organise a protest in your state!</title>
		<link>http://earth-strike.com/au/organise-a-protest-in-your-state/</link>
		<pubDate>Mon, 03 Dec 2018 02:37:33 +0000</pubDate>
		<dc:creator><![CDATA[au]]></dc:creator>
		<guid isPermaLink="false">http://earth-strike.com/au/?p=40</guid>
		<description></description>
		<content:encoded><![CDATA[<!-- wp:paragraph -->
<p>Earth Strike Australia needs organisers in each state to put together a great demonstration that catches the eyes of the country, and the targets of our actions - governments and polluting corporations and businesses. Send an email to au@earth-strike.com to get involved in mobilising the people in your state, city or town to take action for climate justice. If you want to signal your interest in attending or helping in some way, feel free to send an email too.</p>
<!-- /wp:paragraph -->

<!-- wp:paragraph -->
<p>Demand climate justice for Australia now!</p>
<!-- /wp:paragraph -->]]></content:encoded>
		<excerpt:encoded><![CDATA[]]></excerpt:encoded>
		<wp:post_id>40</wp:post_id>
		<wp:post_date><![CDATA[2018-12-03 10:37:33]]></wp:post_date>
		<wp:post_date_gmt><![CDATA[2018-12-03 02:37:33]]></wp:post_date_gmt>
		<wp:comment_status><![CDATA[closed]]></wp:comment_status>
		<wp:ping_status><![CDATA[closed]]></wp:ping_status>
		<wp:post_name><![CDATA[organise-a-protest-in-your-state]]></wp:post_name>
		<wp:status><![CDATA[publish]]></wp:status>
		<wp:post_parent>0</wp:post_parent>
		<wp:menu_order>0</wp:menu_order>
		<wp:post_type><![CDATA[post]]></wp:post_type>
		<wp:post_password><![CDATA[]]></wp:post_password>
		<wp:is_sticky>0</wp:is_sticky>
		<category domain="category" nicename="getting-involved"><![CDATA[Getting Involved]]></category>
		<wp:postmeta>
			<wp:meta_key><![CDATA[_edit_last]]></wp:meta_key>
			<wp:meta_value><![CDATA[13]]></wp:meta_value>
		</wp:postmeta>
		<wp:postmeta>
			<wp:meta_key><![CDATA[_yoast_wpseo_primary_category]]></wp:meta_key>
			<wp:meta_value><![CDATA[]]></wp:meta_value>
		</wp:postmeta>
		<wp:postmeta>
			<wp:meta_key><![CDATA[_customify_content_layout]]></wp:meta_key>
			<wp:meta_value><![CDATA[]]></wp:meta_value>
		</wp:postmeta>
		<wp:postmeta>
			<wp:meta_key><![CDATA[_customify_sidebar]]></wp:meta_key>
			<wp:meta_value><![CDATA[]]></wp:meta_value>
		</wp:postmeta>
		<wp:postmeta>
			<wp:meta_key><![CDATA[_customify_disable_header]]></wp:meta_key>
			<wp:meta_value><![CDATA[]]></wp:meta_value>
		</wp:postmeta>
		<wp:postmeta>
			<wp:meta_key><![CDATA[_customify_disable_page_title]]></wp:meta_key>
			<wp:meta_value><![CDATA[]]></wp:meta_value>
		</wp:postmeta>
		<wp:postmeta>
			<wp:meta_key><![CDATA[_customify_disable_footer_main]]></wp:meta_key>
			<wp:meta_value><![CDATA[]]></wp:meta_value>
		</wp:postmeta>
		<wp:postmeta>
			<wp:meta_key><![CDATA[_customify_disable_footer_bottom]]></wp:meta_key>
			<wp:meta_value><![CDATA[]]></wp:meta_value>
		</wp:postmeta>
		<wp:postmeta>
			<wp:meta_key><![CDATA[_customify_page_header_display]]></wp:meta_key>
			<wp:meta_value><![CDATA[default]]></wp:meta_value>
		</wp:postmeta>
		<wp:postmeta>
			<wp:meta_key><![CDATA[_yoast_wpseo_content_score]]></wp:meta_key>
			<wp:meta_value><![CDATA[30]]></wp:meta_value>
		</wp:postmeta>
	</item>
	<item>
		<title>The Australian Labor Party is not our green friend</title>
		<link>http://earth-strike.com/au/the-australian-labor-party-is-not-our-green-friend/</link>
		<pubDate>Sun, 30 Dec 2018 06:36:29 +0000</pubDate>
		<dc:creator><![CDATA[au]]></dc:creator>
		<guid isPermaLink="false">http://earth-strike.com/au/?p=43</guid>
		<description></description>
		<content:encoded><![CDATA[<!-- wp:paragraph -->
<p>By phyllicanderer, EarthStrike Australian National Organiser</p>
<!-- /wp:paragraph -->

<!-- wp:paragraph -->
<p>Edited by snuffles<br></p>
<!-- /wp:paragraph -->

<!-- wp:paragraph -->
<p>Scott Morrison's Coalition in Canberra is the latest iteration of an irreversibly divided government. The most prominent policy to widen the gaps has, again, been the climate change policy. An intersection between energy, environmental concerns, and the cost of living to Australians, it has proved to be irreconcilable for a parliamentary group consisting of everything from teal Liberals to outright climatological science deniers<sup>[1]</sup>.This has manifested in five years of chaos and confusion in the Environment and Energy portfolios in the government, spitting out “energy” policy after policy to try and placate the right wing of the Coalition, while achieving the Paris Accord targets Australia signed up to under Tony Abbott. From Direct Action to the EIS, CET, and the hilariously-named NEG, none have brought about actual legislation to reduce carbon emissions.<br><br>The “policy paralysis" of the Coalition<sup>[2]</sup> has taken the heat off Labor and Bill Shorten. The ALP were constantly panned during Gillard's Prime Ministership for the Carbon Tax on Everything<sup>[3]</sup>, which carved out large exemptions for agriculture and heavy industry<sup>[4][5]</sup>. Less than 20% of electricity price increases<sup>[6]</sup> came from the carbon tax and green subsidies; a small cost for a successful reduction in Australia's greenhouse gas emissions<sup>[7]</sup>.</p>
<!-- /wp:paragraph -->

<!-- wp:paragraph -->
<p>Following their 2013 defeat, Labor quietly shelved their carbon tax forever. Now, they loudly proclaim their intention to reduce electricity emissions by 45% by 2030<sup>[8] </sup>and achieve zero net emissions by 2050<sup>[9]</sup>. Further, they offered to support every Coalition energy policy<sup>[10][11][12][13]</sup> (with the exception of Direct Action<sup>[14]</sup>) to come up for debate, whilst selling their "just transition" scheme for more renewable energy, and help for displaced fossil fuel workers. This has allowed them to present themselves as the green alternative to undecided voters who care about the environment.<br><br>The question is: If Labor wins the government, will they stand by their pledges? Will they do enough to encourage the rest of the world to take the necessary steps to stop dangerous global warming?</p>
<!-- /wp:paragraph -->

<!-- wp:paragraph -->
<p>Perhaps not, if the contributions to Senate debate by South Australian Senator Alex Gallacher are anything to go by. During a debate on coal mining raised by the Greens<sup>[15][16]</sup>, which was ostensibly focused on the recent news Adani will begin construction of a scaled-down version of its controversial<sup>[17]</sup> Carmichael Mine before Christmas<sup>[18]</sup>, Senator Gallacher had the following the say:</p>
<!-- /wp:paragraph -->

<!-- wp:paragraph -->
<p><i>“I do agree with Senator Macdonald's contribution with respect to where this coal may end up and what it may do. There are still 31 million Indian homes without electricity. Base-load power is nuclear, hydro or coal. They're the three cheapest alternatives. It's probable that in a large country like India they've got a bit of nuclear and a bit of hydro, but they look to be needing a lot of coal. As a base-load power generator it's cheap. It's 50 per cent cheaper than gas. If Australia's investment in coal-fired power stations is falling—because they're all antiquated, would cost too much to revamp and people are looking at new technology in gas-fired plants—so be it. The market will make that decision.”<sup>[15]</sup></i></p>
<!-- /wp:paragraph -->

<!-- wp:paragraph -->
<p>Whilst Gallacher repudiated just about everything else Senator Ian MacDonald said—a well-known Liberal climate sceptic<sup>[19]</sup> and cheerleader for the coal industry<sup>[20]</sup> —there is a worrying trend of Labor politicians talking about the economics of energy investment to justify allowing Adani to keep their environmental approvals for the Carmichael mine and to allow for new coal mining investments. The figures for coal exports have been dragged out—$54.3 billion worth in 2016-17—in an effort to emphasise our reliance on coal being dug up and shipped off to be burnt overseas.<br></p>
<!-- /wp:paragraph -->

<!-- wp:paragraph -->
<p>Unfortunately, this kind of thinking is also rampant in the state Labor Government and the local councillors in Queensland. The Palaszczuk Government has returned to an operating fiscal surplus off the back of increased royalties<sup>[21]</sup>, and has been apparently happy to cosy up to Adani to help get their mine going. They passed a special law allowing Adani unlimited groundwater for their operations<sup>[22]</sup> and signed a royalty deferral deal that will cost the State millions of dollars<sup>[23]</sup>. Further, they have failed to take any meaningful action on the pollution of the Caley Valley Wetlands during Cyclone Debbie, caused when Adani discharged coal dust-laden water directly into the estuary from the Abbot Point terminal<sup>[24]</sup>, until Adani challenged a $12,000 fine for the incident. The matter remains in court. Townsville Labor Mayor, Jenny Hill, and Rockhampton Labor Mayor, Margaret Strelow, have supported the project vocally and promised money for various elements of the construction of the Carmichael Mine—excusing it in the name of jobs for their regions.<br></p>
<!-- /wp:paragraph -->

<!-- wp:paragraph -->
<p>This is especially problematic if the world is trying to stop emitting more carbon dioxide. In 2015, Australia' emitted 1.24% of the world's total fossil fuel emissions<sup>[25]</sup>. We exported 44 tonnes of carbon dioxide equivalent emissions, per person, according to the 2018 SDG Index<sup>[26]</sup>—more than Saudi Arabia's 35.5t per capita. Our coal exports already contribute to over 3% of world annual emissions as of 2012<sup>[27]</sup>, and turns our problem with carbon emissions from "slightly oversized" to "positively horrendous".<br><br>The fact is, we help belch out over 4% of all annual fossil fuel emissions despite having only 0.03% of the world's population. We have a material interest in making money by encouraging developing countries to buy our gas and coal, adding to the global emissions problem.</p>
<!-- /wp:paragraph -->

<!-- wp:paragraph -->
<p>The statements made by various members of Labor around coal mining (and the Carmichael Mine specifically) indicate they are unwilling to stop big businesses from ripping more thermal coal out of the ground; a far cry from their tone when speaking to Australians far from the coal fields. Stuck between their mantra of "Jobs, jobs, jobs!", trade balance and revenue considerations, and legitimate environmental issues, Labor have attempted to talk out both sides of their mouth when it comes to coal mining. However, the reality of their decisions are clear: They will not ban new thermal mines and appear unwilling to add any proviso in the Environmental Protection and Biodiversity Conservation Act to mandate consideration to the effects any application will have on climate change.</p>
<!-- /wp:paragraph -->

<!-- wp:paragraph -->
<p>This is important to remember when we go to a Federal Election this year. Labor's policy on addressing dangerous global warming is superior to the Coalition's, however, a powerful element of the Labor Party wants to see more coal mining investment in the hopes it will create more jobs in regional Australia—especially Queensland—where they hope to pick up a host of seats to form a government. Environmentally conscious Australians should not reward any Party that promises action and delivers inaction by making them their first preference. Instead, those Australians should send a message with their ballot by voting for candidates and Parties who do not support new coal mines. They should get out on the streets to voice their displeasure.</p>
<!-- /wp:paragraph -->

<!-- wp:paragraph -->
<p>The #StopAdani campaign and School Strike 4 Climate protests have shone a light on the major parties and their climate change policies. It is up to us to support these campaigns, to add our voices to the chorus of others, and to create an undeniable force that cannot be dismissed. The continued existence of humanity depends on it, and the Australian Labor Party won't do what is required until the cacophony of discontent demands they must.<br><br></p>
<!-- /wp:paragraph -->

<!-- wp:paragraph -->
<p>——————<br></p>
<!-- /wp:paragraph -->

<!-- wp:paragraph -->
<p>Sources<br></p>
<!-- /wp:paragraph -->

<!-- wp:paragraph -->
<p>[1] <a href="https://www.theguardian.com/australia-news/2018/aug/24/turnbull-warns-against-politics-of-race-and-says-climate-policy-very-hard-for-coalition">https://www.theguardian.com/australia-news/2018/aug/24/turnbull-warns-against-politics-of-race-and-says-climate-policy-very-hard-for-coalition</a><br></p>
<!-- /wp:paragraph -->

<!-- wp:paragraph -->
<p>[2] <a href="https://www.theage.com.au/politics/federal/pm-shuffle-does-not-end-policy-paralysis-20180824-p4zznt.html">https://www.theage.com.au/politics/federal/pm-shuffle-does-not-end-policy-paralysis-20180824-p4zznt.html</a><br></p>
<!-- /wp:paragraph -->

<!-- wp:paragraph -->
<p>[3] <a href="https://www.theguardian.com/australia-news/2015/jul/15/tony-abbott-revives-anti-carbon-tax-campaign-as-labor-recommits-to-ets">https://www.theguardian.com/australia-news/2015/jul/15/tony-abbott-revives-anti-carbon-tax-campaign-as-labor-recommits-to-ets</a><br></p>
<!-- /wp:paragraph -->

<!-- wp:paragraph -->
<p>[4] <a href="https://www.abc.net.au/news/2011-07-10/gillard-reveals-carbon-price-scheme/2788842">https://www.abc.net.au/news/2011-07-10/gillard-reveals-carbon-price-scheme/2788842</a><br></p>
<!-- /wp:paragraph -->

<!-- wp:paragraph -->
<p>[5] <a href="https://www.aph.gov.au/Parliamentary_Business/Bills_Legislation/Bills_Search_Results/Result?bId=r4653">https://www.aph.gov.au/Parliamentary_Business/Bills_Legislation/Bills_Search_Results/Result?bId=r4653</a><br></p>
<!-- /wp:paragraph -->

<!-- wp:paragraph -->
<p>[6] <a href="https://arena.gov.au/blog/energy-prices/">https://arena.gov.au/blog/energy-prices/</a><br></p>
<!-- /wp:paragraph -->

<!-- wp:paragraph -->
<p>[7] <a href="https://www.smh.com.au/national/aust-co2-emissions-hit-10-year-low-20130411-2hnnq.html">https://www.smh.com.au/national/aust-co2-emissions-hit-10-year-low-20130411-2hnnq.html</a><br></p>
<!-- /wp:paragraph -->

<!-- wp:paragraph -->
<p>[8] <a href="https://www.afr.com/news/politics/biggest-manufacturers-face-emission-restrictions-under-labor-20181122-h186t0">https://www.afr.com/news/politics/biggest-manufacturers-face-emission-restrictions-under-labor-20181122-h186t0</a><br></p>
<!-- /wp:paragraph -->

<!-- wp:paragraph -->
<p>[9] <a href="http://www.billshorten.com.au/labor-commits-to-net-zero-pollution-by-2050">http://www.billshorten.com.au/labor-commits-to-net-zero-pollution-by-2050</a><br></p>
<!-- /wp:paragraph -->

<!-- wp:paragraph -->
<p>[10] <a href="https://www.theaustralian.com.au/national-affairs/josh-frydenberg-set-to-dump-clean-energy-target/news-story/1907744fcc26ed4cf113b59314c33406">https://www.theaustralian.com.au/national-affairs/josh-frydenberg-set-to-dump-clean-energy-target/news-story/1907744fcc26ed4cf113b59314c33406</a><br></p>
<!-- /wp:paragraph -->

<!-- wp:paragraph -->
<p>[11] <a href="https://www.afr.com/news/politics/political-mess-sends-power-price-up-20180910-h155n7">https://www.afr.com/news/politics/political-mess-sends-power-price-up-20180910-h155n7</a><br></p>
<!-- /wp:paragraph -->

<!-- wp:paragraph -->
<p>[12] <a href="https://www.markbutler.net.au/news/media-releases/pollution-rising-under-turnbull-s-watch/">https://www.markbutler.net.au/news/media-releases/pollution-rising-under-turnbull-s-watch/</a><br></p>
<!-- /wp:paragraph -->

<!-- wp:paragraph -->
<p>[13] <a href="https://www.abc.net.au/news/2016-12-07/frydenberg-denies-backtrack-on-emissions-intensity-scheme/8099250">https://www.abc.net.au/news/2016-12-07/frydenberg-denies-backtrack-on-emissions-intensity-scheme/8099250</a><br></p>
<!-- /wp:paragraph -->

<!-- wp:paragraph -->
<p>[14] <a href="https://www.theaustralian.com.au/business/business-spectator/news-story/7e1541cd88daa02345c56dd1478e54f4?utm_source=exact&amp;utm_medium=email&amp;utm_content=1519532&amp;utm_campaign=cs_daily&amp;modapt=">https://www.theaustralian.com.au/business/business-spectator/news-story/7e1541cd88daa02345c56dd1478e54f4?utm_source=exact&amp;utm_medium=email&amp;utm_content=1519532&amp;utm_campaign=cs_daily&amp;modapt=</a><br></p>
<!-- /wp:paragraph -->

<!-- wp:paragraph -->
<p>[15] <a href="https://www.aph.gov.au/Parliamentary_Business/Hansard/Hansard_Display?bid=chamber/hansards/ff07e01d-cd6d-4be6-bff6-f867d1054a78/&amp;sid=0279">https://www.aph.gov.au/Parliamentary_Business/Hansard/Hansard_Display?bid=chamber/hansards/ff07e01d-cd6d-4be6-bff6-f867d1054a78/&amp;sid=0279</a><br></p>
<!-- /wp:paragraph -->

<!-- wp:paragraph -->
<p>[16] <a href="http://parlview.aph.gov.au/mediaPlayer.php?videoID=428688&amp;action=backFromDownload&amp;operation_mode=parlview&amp;position=15901">http://parlview.aph.gov.au/mediaPlayer.php?videoID=428688&amp;action=backFromDownload&amp;operation_mode=parlview&amp;position=15901</a><br></p>
<!-- /wp:paragraph -->

<!-- wp:paragraph -->
<p>[17] <a href="https://www.theguardian.com/environment/2017/oct/07/most-australians-oppose-adani-mine-poll-shows-amid-national-protests">https://www.theguardian.com/environment/2017/oct/07/most-australians-oppose-adani-mine-poll-shows-amid-national-protests</a><br></p>
<!-- /wp:paragraph -->

<!-- wp:paragraph -->
<p>[18] <a href="https://www.abc.net.au/news/2018-11-29/adani-carmichael-coal-mine-go-ahead-plans-to-self-fund/10567848c">https://www.abc.net.au/news/2018-11-29/adani-carmichael-coal-mine-go-ahead-plans-to-self-fund/10567848c</a><br></p>
<!-- /wp:paragraph -->

<!-- wp:paragraph -->
<p>[19] <a href="https://theconversation.com/how-climate-denial-gained-a-foothold-in-the-liberal-party-and-why-it-still-wont-go-away-56013">https://theconversation.com/how-climate-denial-gained-a-foothold-in-the-liberal-party-and-why-it-still-wont-go-away-56013</a><br></p>
<!-- /wp:paragraph -->

<!-- wp:paragraph -->
<p>[20] <a href="https://www.pedestrian.tv/news/ian-macdonald-big-earring-big-dickhead/">https://www.pedestrian.tv/news/ian-macdonald-big-earring-big-dickhead/</a><br></p>
<!-- /wp:paragraph -->

<!-- wp:paragraph -->
<p>[21] <a href="https://www.abc.net.au/news/2018-06-12/queensland-budget-surplus-boosted-1b-due-higher-coal-royalties/9859298">https://www.abc.net.au/news/2018-06-12/queensland-budget-surplus-boosted-1b-due-higher-coal-royalties/9859298</a><br></p>
<!-- /wp:paragraph -->

<!-- wp:paragraph -->
<p>[22] <a href="http://www.findlaw.com.au/articles/6123/underground-water-laws-passed-by-queensland-parlia.aspx">http://www.findlaw.com.au/articles/6123/underground-water-laws-passed-by-queensland-parlia.aspx</a><br></p>
<!-- /wp:paragraph -->

<!-- wp:paragraph -->
<p>[23] <a href="https://www.theguardian.com/environment/2018/nov/03/adani-yet-to-sign-royalties-deal-despite-claiming-to-be-close-to-financing-mine">https://www.theguardian.com/environment/2018/nov/03/adani-yet-to-sign-royalties-deal-despite-claiming-to-be-close-to-financing-mine</a><br></p>
<!-- /wp:paragraph -->

<!-- wp:paragraph -->
<p>[24] <a href="https://www.edoqld.org.au/abbot_point_caley_valley_wetlands_legal_situation">https://www.edoqld.org.au/abbot_point_caley_valley_wetlands_legal_situation</a><br></p>
<!-- /wp:paragraph -->

<!-- wp:paragraph -->
<p>[25] <a href="http://edgar.jrc.ec.europa.eu/overview.php?v=CO2ts1990-2015">http://edgar.jrc.ec.europa.eu/overview.php?v=CO2ts1990-2015</a><br></p>
<!-- /wp:paragraph -->

<!-- wp:paragraph -->
<p>[26] <a href="http://sdgindex.org/reports/2018/">http://sdgindex.org/reports/2018/</a></p>
<!-- /wp:paragraph -->

<!-- wp:paragraph -->
<p>[27] <a href="https://theconversation.com/why-australia-must-stop-exporting-coal-9698">https://theconversation.com/why-australia-must-stop-exporting-coal-9698</a></p>
<!-- /wp:paragraph -->]]></content:encoded>
		<excerpt:encoded><![CDATA[]]></excerpt:encoded>
		<wp:post_id>43</wp:post_id>
		<wp:post_date><![CDATA[2018-12-30 14:36:29]]></wp:post_date>
		<wp:post_date_gmt><![CDATA[2018-12-30 06:36:29]]></wp:post_date_gmt>
		<wp:comment_status><![CDATA[closed]]></wp:comment_status>
		<wp:ping_status><![CDATA[closed]]></wp:ping_status>
		<wp:post_name><![CDATA[the-australian-labor-party-is-not-our-green-friend]]></wp:post_name>
		<wp:status><![CDATA[publish]]></wp:status>
		<wp:post_parent>0</wp:post_parent>
		<wp:menu_order>0</wp:menu_order>
		<wp:post_type><![CDATA[post]]></wp:post_type>
		<wp:post_password><![CDATA[]]></wp:post_password>
		<wp:is_sticky>0</wp:is_sticky>
		<category domain="category" nicename="analysis-and-opinion"><![CDATA[Analysis and Opinion]]></category>
		<category domain="post_tag" nicename="labor"><![CDATA[Labor]]></category>
		<wp:postmeta>
			<wp:meta_key><![CDATA[_edit_last]]></wp:meta_key>
			<wp:meta_value><![CDATA[13]]></wp:meta_value>
		</wp:postmeta>
		<wp:postmeta>
			<wp:meta_key><![CDATA[_yoast_wpseo_primary_category]]></wp:meta_key>
			<wp:meta_value><![CDATA[6]]></wp:meta_value>
		</wp:postmeta>
		<wp:postmeta>
			<wp:meta_key><![CDATA[_customify_content_layout]]></wp:meta_key>
			<wp:meta_value><![CDATA[]]></wp:meta_value>
		</wp:postmeta>
		<wp:postmeta>
			<wp:meta_key><![CDATA[_customify_sidebar]]></wp:meta_key>
			<wp:meta_value><![CDATA[]]></wp:meta_value>
		</wp:postmeta>
		<wp:postmeta>
			<wp:meta_key><![CDATA[_customify_disable_header]]></wp:meta_key>
			<wp:meta_value><![CDATA[]]></wp:meta_value>
		</wp:postmeta>
		<wp:postmeta>
			<wp:meta_key><![CDATA[_customify_disable_page_title]]></wp:meta_key>
			<wp:meta_value><![CDATA[]]></wp:meta_value>
		</wp:postmeta>
		<wp:postmeta>
			<wp:meta_key><![CDATA[_customify_disable_footer_main]]></wp:meta_key>
			<wp:meta_value><![CDATA[]]></wp:meta_value>
		</wp:postmeta>
		<wp:postmeta>
			<wp:meta_key><![CDATA[_customify_disable_footer_bottom]]></wp:meta_key>
			<wp:meta_value><![CDATA[]]></wp:meta_value>
		</wp:postmeta>
		<wp:postmeta>
			<wp:meta_key><![CDATA[_customify_page_header_display]]></wp:meta_key>
			<wp:meta_value><![CDATA[default]]></wp:meta_value>
		</wp:postmeta>
		<wp:postmeta>
			<wp:meta_key><![CDATA[_yoast_wpseo_content_score]]></wp:meta_key>
			<wp:meta_value><![CDATA[30]]></wp:meta_value>
		</wp:postmeta>
	</item>
</channel>
</rss>
