<?xml version="1.0" encoding="UTF-8" ?>
<!-- This is a WordPress eXtended RSS file generated by WordPress as an export of your site. -->
<!-- It contains information about your site's posts, pages, comments, categories, and other content. -->
<!-- You may use this file to transfer that content from one site to another. -->
<!-- This file is not intended to serve as a complete backup of your site. -->

<!-- To import this information into a WordPress site follow these steps: -->
<!-- 1. Log in to that site as an administrator. -->
<!-- 2. Go to Tools: Import in the WordPress admin panel. -->
<!-- 3. Install the "WordPress" importer from the list. -->
<!-- 4. Activate & Run Importer. -->
<!-- 5. Upload this file using the form provided on that page. -->
<!-- 6. You will first be asked to map the authors in this export file to users -->
<!--    on the site. For each author, you may choose to map to an -->
<!--    existing user on the site or to create a new user. -->
<!-- 7. WordPress will then import each of the posts, pages, comments, categories, etc. -->
<!--    contained in this file into your site. -->

<!-- generator="WordPress/5.0.2" created="2019-01-01 18:45" -->
<rss version="2.0"
	xmlns:excerpt="http://wordpress.org/export/1.2/excerpt/"
	xmlns:content="http://purl.org/rss/1.0/modules/content/"
	xmlns:wfw="http://wellformedweb.org/CommentAPI/"
	xmlns:dc="http://purl.org/dc/elements/1.1/"
	xmlns:wp="http://wordpress.org/export/1.2/"
>

<channel>
	<title>Earth Strike Chicago</title>
	<link>http://earth-strike.com/uschicago</link>
	<description>A movement to end climate change - 2019</description>
	<pubDate>Tue, 01 Jan 2019 18:45:45 +0000</pubDate>
	<language>en-US</language>
	<wp:wxr_version>1.2</wp:wxr_version>
	<wp:base_site_url>http://earth-strike.com/</wp:base_site_url>
	<wp:base_blog_url>http://earth-strike.com/uschicago</wp:base_blog_url>

	<wp:author><wp:author_id>1</wp:author_id><wp:author_login><![CDATA[Aron]]></wp:author_login><wp:author_email><![CDATA[aron@aronvanwilligen.nl]]></wp:author_email><wp:author_display_name><![CDATA[Earth Strike]]></wp:author_display_name><wp:author_first_name><![CDATA[]]></wp:author_first_name><wp:author_last_name><![CDATA[]]></wp:author_last_name></wp:author>
	<wp:author><wp:author_id>22</wp:author_id><wp:author_login><![CDATA[hperks]]></wp:author_login><wp:author_email><![CDATA[om8zen@gmail.com]]></wp:author_email><wp:author_display_name><![CDATA[hPerks]]></wp:author_display_name><wp:author_first_name><![CDATA[Owen]]></wp:author_first_name><wp:author_last_name><![CDATA[Maitzen]]></wp:author_last_name></wp:author>
	<wp:author><wp:author_id>32</wp:author_id><wp:author_login><![CDATA[us.chicago]]></wp:author_login><wp:author_email><![CDATA[us.chicago@earth-strike.com]]></wp:author_email><wp:author_display_name><![CDATA[us.chicago]]></wp:author_display_name><wp:author_first_name><![CDATA[]]></wp:author_first_name><wp:author_last_name><![CDATA[]]></wp:author_last_name></wp:author>

	<wp:category>
		<wp:term_id>1</wp:term_id>
		<wp:category_nicename><![CDATA[uncategorized]]></wp:category_nicename>
		<wp:category_parent><![CDATA[]]></wp:category_parent>
		<wp:cat_name><![CDATA[Uncategorized]]></wp:cat_name>
	</wp:category>
	<wp:term><wp:term_id>2</wp:term_id><wp:term_taxonomy>nav_menu</wp:term_taxonomy><wp:term_slug><![CDATA[menu-1]]></wp:term_slug><wp:term_name><![CDATA[Menu 1]]></wp:term_name>
</wp:term>

	<generator>https://wordpress.org/?v=5.0.2</generator>

<image>
	<url>https://earth-strike.com/uschicago/wp-content/uploads/sites/33/2018/11/cropped-EarthStrike-Logo-32x32.png</url>
	<title>Earth Strike Chicago</title>
	<link>http://earth-strike.com/uschicago</link>
	<width>32</width>
	<height>32</height>
</image> 

	<item>
		<title>Earth Strike</title>
		<link>http://earth-strike.com/uschicago/</link>
		<pubDate>Sun, 11 Nov 2018 19:15:16 +0000</pubDate>
		<dc:creator><![CDATA[Aron]]></dc:creator>
		<guid isPermaLink="false">http://earth-strike.com/earth-strike-2/?page_id=6</guid>
		<description></description>
		<content:encoded><![CDATA[<!-- wp:paragraph -->
<p>Climate change impacts all parts of the United States. The number of hurricanes hitting the eastern seaboard is increasing. The western states are suffering from increasing number of fires. If the temperature keeps rising it will only get worse.&nbsp;</p>
<!-- /wp:paragraph -->

<!-- wp:paragraph -->
<p>The United States - arguably the world's greatest financial and military power - is <strong>directly responsible </strong>for about 14% of global CO2 emissions (see <a href="https://www.eia.gov/todayinenergy/detail.php?id=34872">EIA</a>) and additional CO2 is used to produce goods and transport them to the United States from other countries.&nbsp;</p>
<!-- /wp:paragraph -->

<!-- wp:core-embed/youtube {"url":"https://www.youtube.com/watch?v=bxffxnrQDiE","type":"video","providerNameSlug":"youtube","className":"wp-embed-aspect-16-9 wp-has-aspect-ratio"} -->
<figure class="wp-block-embed-youtube wp-block-embed is-type-video is-provider-youtube wp-embed-aspect-16-9 wp-has-aspect-ratio"><div class="wp-block-embed__wrapper">
https://www.youtube.com/watch?v=bxffxnrQDiE
</div></figure>
<!-- /wp:core-embed/youtube -->

<!-- wp:paragraph -->
<p>Please get the word out:</p>
<!-- /wp:paragraph -->

<!-- wp:list {"ordered":true} -->
<ol><li><strong>January 15, 2019</strong>&nbsp;–&nbsp;<strong>Earth Strike Kickoff Protest</strong><ul><li>the first world-wide event allows all national and local organizers to engage their communities &amp; begin organizing groups of people on the ground to see the movement through to the strike</li></ul></li><li><strong>April 27, 2019</strong>&nbsp;–&nbsp;<strong>Halfway Earth Day Protest</strong><ul><li>held the weekend after Earth Day, to symbolize the halfway mark to the Earth Strike</li><li>organizers and protesters will use the build-up to May Day to form closer ties with local unions who will be integral to gathering yet more widespread support for the strike</li></ul></li><li><strong>August 1, 2019</strong>&nbsp;–&nbsp;<strong>Final Pre-Strike Protest</strong><ul><li>held on Earth Overshoot Day</li><li>final protest just before the strike, for those who need one last wake-up call</li></ul></li><li><strong>September 27, 2019</strong>&nbsp;–&nbsp;<strong>Earth Strike</strong>&nbsp;<ul><li>On the 57th anniversary of Silent Spring, the book that kick-started the environmentalist movement, we will hold the General Strike to Save the Planet: Silent Spring Strike</li></ul></li></ol>
<!-- /wp:list -->]]></content:encoded>
		<excerpt:encoded><![CDATA[]]></excerpt:encoded>
		<wp:post_id>6</wp:post_id>
		<wp:post_date><![CDATA[2018-11-11 19:15:16]]></wp:post_date>
		<wp:post_date_gmt><![CDATA[2018-11-11 19:15:16]]></wp:post_date_gmt>
		<wp:comment_status><![CDATA[closed]]></wp:comment_status>
		<wp:ping_status><![CDATA[closed]]></wp:ping_status>
		<wp:post_name><![CDATA[earth-strike]]></wp:post_name>
		<wp:status><![CDATA[publish]]></wp:status>
		<wp:post_parent>0</wp:post_parent>
		<wp:menu_order>0</wp:menu_order>
		<wp:post_type><![CDATA[page]]></wp:post_type>
		<wp:post_password><![CDATA[]]></wp:post_password>
		<wp:is_sticky>0</wp:is_sticky>
		<wp:postmeta>
			<wp:meta_key><![CDATA[_customify_content_layout]]></wp:meta_key>
			<wp:meta_value><![CDATA[]]></wp:meta_value>
		</wp:postmeta>
		<wp:postmeta>
			<wp:meta_key><![CDATA[_customify_sidebar]]></wp:meta_key>
			<wp:meta_value><![CDATA[]]></wp:meta_value>
		</wp:postmeta>
		<wp:postmeta>
			<wp:meta_key><![CDATA[_customify_disable_header]]></wp:meta_key>
			<wp:meta_value><![CDATA[]]></wp:meta_value>
		</wp:postmeta>
		<wp:postmeta>
			<wp:meta_key><![CDATA[_customify_disable_page_title]]></wp:meta_key>
			<wp:meta_value><![CDATA[]]></wp:meta_value>
		</wp:postmeta>
		<wp:postmeta>
			<wp:meta_key><![CDATA[_customify_disable_footer_main]]></wp:meta_key>
			<wp:meta_value><![CDATA[]]></wp:meta_value>
		</wp:postmeta>
		<wp:postmeta>
			<wp:meta_key><![CDATA[_customify_disable_footer_bottom]]></wp:meta_key>
			<wp:meta_value><![CDATA[]]></wp:meta_value>
		</wp:postmeta>
		<wp:postmeta>
			<wp:meta_key><![CDATA[_customify_page_header_display]]></wp:meta_key>
			<wp:meta_value><![CDATA[default]]></wp:meta_value>
		</wp:postmeta>
		<wp:postmeta>
			<wp:meta_key><![CDATA[_yoast_wpseo_content_score]]></wp:meta_key>
			<wp:meta_value><![CDATA[60]]></wp:meta_value>
		</wp:postmeta>
		<wp:postmeta>
			<wp:meta_key><![CDATA[_oembed_8d77e1000e7cbdc97181803669d82d04]]></wp:meta_key>
			<wp:meta_value><![CDATA[<a class="twitter-timeline" data-width="843" data-height="1000" data-dnt="true" href="https://twitter.com/EarthstrikeL?ref_src=twsrc%5Etfw">Tweets by EarthstrikeL</a><script async src="https://platform.twitter.com/widgets.js" charset="utf-8"></script>]]></wp:meta_value>
		</wp:postmeta>
		<wp:postmeta>
			<wp:meta_key><![CDATA[_oembed_time_8d77e1000e7cbdc97181803669d82d04]]></wp:meta_key>
			<wp:meta_value><![CDATA[1544834547]]></wp:meta_value>
		</wp:postmeta>
		<wp:postmeta>
			<wp:meta_key><![CDATA[_edit_last]]></wp:meta_key>
			<wp:meta_value><![CDATA[32]]></wp:meta_value>
		</wp:postmeta>
		<wp:postmeta>
			<wp:meta_key><![CDATA[_yoast_wpseo_metadesc]]></wp:meta_key>
			<wp:meta_value><![CDATA[%%sitedesc%% %%sep%% %%sitename%%]]></wp:meta_value>
		</wp:postmeta>
		<wp:postmeta>
			<wp:meta_key><![CDATA[_oembed_e4ebc2ac27a9265bae397e1e953297e6]]></wp:meta_key>
			<wp:meta_value><![CDATA[<iframe width="843" height="474" src="https://www.youtube.com/embed/bxffxnrQDiE?feature=oembed" frameborder="0" allow="accelerometer; autoplay; encrypted-media; gyroscope; picture-in-picture" allowfullscreen></iframe>]]></wp:meta_value>
		</wp:postmeta>
		<wp:postmeta>
			<wp:meta_key><![CDATA[_oembed_time_e4ebc2ac27a9265bae397e1e953297e6]]></wp:meta_key>
			<wp:meta_value><![CDATA[1544834546]]></wp:meta_value>
		</wp:postmeta>
	</item>
	<item>
		<title>EarthStrike Logo</title>
		<link>http://earth-strike.com/uschicago/earthstrike-logo/</link>
		<pubDate>Sun, 11 Nov 2018 19:16:14 +0000</pubDate>
		<dc:creator><![CDATA[Aron]]></dc:creator>
		<guid isPermaLink="false">https://earth-strike.com/earth-strike-2/wp-content/uploads/sites/33/2018/11/EarthStrike-Logo.png</guid>
		<description></description>
		<content:encoded><![CDATA[]]></content:encoded>
		<excerpt:encoded><![CDATA[]]></excerpt:encoded>
		<wp:post_id>7</wp:post_id>
		<wp:post_date><![CDATA[2018-11-11 19:16:14]]></wp:post_date>
		<wp:post_date_gmt><![CDATA[2018-11-11 19:16:14]]></wp:post_date_gmt>
		<wp:comment_status><![CDATA[open]]></wp:comment_status>
		<wp:ping_status><![CDATA[closed]]></wp:ping_status>
		<wp:post_name><![CDATA[earthstrike-logo]]></wp:post_name>
		<wp:status><![CDATA[inherit]]></wp:status>
		<wp:post_parent>0</wp:post_parent>
		<wp:menu_order>0</wp:menu_order>
		<wp:post_type><![CDATA[attachment]]></wp:post_type>
		<wp:post_password><![CDATA[]]></wp:post_password>
		<wp:is_sticky>0</wp:is_sticky>
		<wp:attachment_url><![CDATA[https://earth-strike.com/uschicago/wp-content/uploads/sites/33/2018/11/EarthStrike-Logo.png]]></wp:attachment_url>
		<wp:postmeta>
			<wp:meta_key><![CDATA[_wp_attached_file]]></wp:meta_key>
			<wp:meta_value><![CDATA[2018/11/EarthStrike-Logo.png]]></wp:meta_value>
		</wp:postmeta>
		<wp:postmeta>
			<wp:meta_key><![CDATA[_wp_attachment_metadata]]></wp:meta_key>
			<wp:meta_value><![CDATA[a:5:{s:5:"width";i:1200;s:6:"height";i:1200;s:4:"file";s:28:"2018/11/EarthStrike-Logo.png";s:5:"sizes";a:4:{s:9:"thumbnail";a:4:{s:4:"file";s:28:"EarthStrike-Logo-150x150.png";s:5:"width";i:150;s:6:"height";i:150;s:9:"mime-type";s:9:"image/png";}s:6:"medium";a:4:{s:4:"file";s:28:"EarthStrike-Logo-300x300.png";s:5:"width";i:300;s:6:"height";i:300;s:9:"mime-type";s:9:"image/png";}s:12:"medium_large";a:4:{s:4:"file";s:28:"EarthStrike-Logo-768x768.png";s:5:"width";i:768;s:6:"height";i:768;s:9:"mime-type";s:9:"image/png";}s:5:"large";a:4:{s:4:"file";s:30:"EarthStrike-Logo-1024x1024.png";s:5:"width";i:1024;s:6:"height";i:1024;s:9:"mime-type";s:9:"image/png";}}s:10:"image_meta";a:12:{s:8:"aperture";s:1:"0";s:6:"credit";s:0:"";s:6:"camera";s:0:"";s:7:"caption";s:0:"";s:17:"created_timestamp";s:1:"0";s:9:"copyright";s:0:"";s:12:"focal_length";s:1:"0";s:3:"iso";s:1:"0";s:13:"shutter_speed";s:1:"0";s:5:"title";s:0:"";s:11:"orientation";s:1:"0";s:8:"keywords";a:0:{}}}]]></wp:meta_value>
		</wp:postmeta>
	</item>
	<item>
		<title>cropped-EarthStrike-Logo.png</title>
		<link>http://earth-strike.com/uschicago/cropped-earthstrike-logo-png/</link>
		<pubDate>Sun, 11 Nov 2018 19:16:24 +0000</pubDate>
		<dc:creator><![CDATA[Aron]]></dc:creator>
		<guid isPermaLink="false">https://earth-strike.com/earth-strike-2/wp-content/uploads/sites/33/2018/11/cropped-EarthStrike-Logo.png</guid>
		<description></description>
		<content:encoded><![CDATA[https://earth-strike.com/earth-strike-2/wp-content/uploads/sites/33/2018/11/cropped-EarthStrike-Logo.png]]></content:encoded>
		<excerpt:encoded><![CDATA[]]></excerpt:encoded>
		<wp:post_id>8</wp:post_id>
		<wp:post_date><![CDATA[2018-11-11 19:16:24]]></wp:post_date>
		<wp:post_date_gmt><![CDATA[2018-11-11 19:16:24]]></wp:post_date_gmt>
		<wp:comment_status><![CDATA[open]]></wp:comment_status>
		<wp:ping_status><![CDATA[closed]]></wp:ping_status>
		<wp:post_name><![CDATA[cropped-earthstrike-logo-png]]></wp:post_name>
		<wp:status><![CDATA[inherit]]></wp:status>
		<wp:post_parent>0</wp:post_parent>
		<wp:menu_order>0</wp:menu_order>
		<wp:post_type><![CDATA[attachment]]></wp:post_type>
		<wp:post_password><![CDATA[]]></wp:post_password>
		<wp:is_sticky>0</wp:is_sticky>
		<wp:attachment_url><![CDATA[https://earth-strike.com/uschicago/wp-content/uploads/sites/33/2018/11/cropped-EarthStrike-Logo.png]]></wp:attachment_url>
		<wp:postmeta>
			<wp:meta_key><![CDATA[_wp_attached_file]]></wp:meta_key>
			<wp:meta_value><![CDATA[2018/11/cropped-EarthStrike-Logo.png]]></wp:meta_value>
		</wp:postmeta>
		<wp:postmeta>
			<wp:meta_key><![CDATA[_wp_attachment_context]]></wp:meta_key>
			<wp:meta_value><![CDATA[site-icon]]></wp:meta_value>
		</wp:postmeta>
		<wp:postmeta>
			<wp:meta_key><![CDATA[_wp_attachment_metadata]]></wp:meta_key>
			<wp:meta_value><![CDATA[a:5:{s:5:"width";i:512;s:6:"height";i:512;s:4:"file";s:36:"2018/11/cropped-EarthStrike-Logo.png";s:5:"sizes";a:6:{s:9:"thumbnail";a:4:{s:4:"file";s:36:"cropped-EarthStrike-Logo-150x150.png";s:5:"width";i:150;s:6:"height";i:150;s:9:"mime-type";s:9:"image/png";}s:6:"medium";a:4:{s:4:"file";s:36:"cropped-EarthStrike-Logo-300x300.png";s:5:"width";i:300;s:6:"height";i:300;s:9:"mime-type";s:9:"image/png";}s:13:"site_icon-270";a:4:{s:4:"file";s:36:"cropped-EarthStrike-Logo-270x270.png";s:5:"width";i:270;s:6:"height";i:270;s:9:"mime-type";s:9:"image/png";}s:13:"site_icon-192";a:4:{s:4:"file";s:36:"cropped-EarthStrike-Logo-192x192.png";s:5:"width";i:192;s:6:"height";i:192;s:9:"mime-type";s:9:"image/png";}s:13:"site_icon-180";a:4:{s:4:"file";s:36:"cropped-EarthStrike-Logo-180x180.png";s:5:"width";i:180;s:6:"height";i:180;s:9:"mime-type";s:9:"image/png";}s:12:"site_icon-32";a:4:{s:4:"file";s:34:"cropped-EarthStrike-Logo-32x32.png";s:5:"width";i:32;s:6:"height";i:32;s:9:"mime-type";s:9:"image/png";}}s:10:"image_meta";a:12:{s:8:"aperture";s:1:"0";s:6:"credit";s:0:"";s:6:"camera";s:0:"";s:7:"caption";s:0:"";s:17:"created_timestamp";s:1:"0";s:9:"copyright";s:0:"";s:12:"focal_length";s:1:"0";s:3:"iso";s:1:"0";s:13:"shutter_speed";s:1:"0";s:5:"title";s:0:"";s:11:"orientation";s:1:"0";s:8:"keywords";a:0:{}}}]]></wp:meta_value>
		</wp:postmeta>
	</item>
	<item>
		<title>Mission</title>
		<link>http://earth-strike.com/uschicago/mission/</link>
		<pubDate>Mon, 12 Nov 2018 10:21:39 +0000</pubDate>
		<dc:creator><![CDATA[Aron]]></dc:creator>
		<guid isPermaLink="false">http://earth-strike.com/earth-strike-2/?page_id=10</guid>
		<description></description>
		<content:encoded><![CDATA[<!-- wp:paragraph -->
<p>We, the people of the world, are striking to save the Planet.<br></p>
<!-- /wp:paragraph -->

<!-- wp:paragraph -->
<p>Our planet is being destroyed by environmental pollution and destruction. If that does not change very soon, we will not be able to live on this planet much longer.<br></p>
<!-- /wp:paragraph -->

<!-- wp:paragraph -->
<p>Our demands are:<br></p>
<!-- /wp:paragraph -->

<!-- wp:list -->
<ul><li>Nationalize and wind down all fossil fuel extraction.</li><li>End all pipeline projects, especially those that exploit native land.<br></li><li> End lobbying that funds fossil fuel expansion.<br></li><li>End the construction of new oil wells and the practice of fracking.<br></li><li>Create a tax on industrial carbon emitters with all tax revenue funding renewable energy subsidies.<br></li><li>Transition to 100% renewable energy by 2035. <br></li><li>Sign the Paris Climate Accords.</li><li>End subsidies to oil and natural gas companies.</li><li>Regulate large scale agriculture to reduce methane emissions, limit hazardous runoff, and preserve biodiversity.</li><li>Mindfully manage potable water resources, and the inclusion of rainwater into irrigation and waste systems. <br></li><li>Aid communities displaced by climate disasters with a focus on rebuilding renewable infrastructure, including providing state level aid to Puerto Rico for natural disasters.<br></li><li>End all subsidies to meat with further research and development on addressing dairy and other animal agriculture related environmental concerns.<br></li><li>Redirect automaker subsidies towards building and maintaining green public transportation.<br></li><li>Repeal the Taft-Hartley Act</li></ul>
<!-- /wp:list -->]]></content:encoded>
		<excerpt:encoded><![CDATA[]]></excerpt:encoded>
		<wp:post_id>10</wp:post_id>
		<wp:post_date><![CDATA[2018-11-12 10:21:39]]></wp:post_date>
		<wp:post_date_gmt><![CDATA[2018-11-12 10:21:39]]></wp:post_date_gmt>
		<wp:comment_status><![CDATA[closed]]></wp:comment_status>
		<wp:ping_status><![CDATA[closed]]></wp:ping_status>
		<wp:post_name><![CDATA[mission]]></wp:post_name>
		<wp:status><![CDATA[publish]]></wp:status>
		<wp:post_parent>0</wp:post_parent>
		<wp:menu_order>0</wp:menu_order>
		<wp:post_type><![CDATA[page]]></wp:post_type>
		<wp:post_password><![CDATA[]]></wp:post_password>
		<wp:is_sticky>0</wp:is_sticky>
		<wp:postmeta>
			<wp:meta_key><![CDATA[_customify_content_layout]]></wp:meta_key>
			<wp:meta_value><![CDATA[]]></wp:meta_value>
		</wp:postmeta>
		<wp:postmeta>
			<wp:meta_key><![CDATA[_customify_sidebar]]></wp:meta_key>
			<wp:meta_value><![CDATA[]]></wp:meta_value>
		</wp:postmeta>
		<wp:postmeta>
			<wp:meta_key><![CDATA[_customify_disable_header]]></wp:meta_key>
			<wp:meta_value><![CDATA[]]></wp:meta_value>
		</wp:postmeta>
		<wp:postmeta>
			<wp:meta_key><![CDATA[_customify_disable_page_title]]></wp:meta_key>
			<wp:meta_value><![CDATA[]]></wp:meta_value>
		</wp:postmeta>
		<wp:postmeta>
			<wp:meta_key><![CDATA[_customify_disable_footer_main]]></wp:meta_key>
			<wp:meta_value><![CDATA[]]></wp:meta_value>
		</wp:postmeta>
		<wp:postmeta>
			<wp:meta_key><![CDATA[_customify_disable_footer_bottom]]></wp:meta_key>
			<wp:meta_value><![CDATA[]]></wp:meta_value>
		</wp:postmeta>
		<wp:postmeta>
			<wp:meta_key><![CDATA[_customify_page_header_display]]></wp:meta_key>
			<wp:meta_value><![CDATA[default]]></wp:meta_value>
		</wp:postmeta>
		<wp:postmeta>
			<wp:meta_key><![CDATA[_yoast_wpseo_content_score]]></wp:meta_key>
			<wp:meta_value><![CDATA[30]]></wp:meta_value>
		</wp:postmeta>
	</item>
	<item>
		<title>Get involved!</title>
		<link>http://earth-strike.com/uschicago/get-involved/</link>
		<pubDate>Mon, 12 Nov 2018 10:21:48 +0000</pubDate>
		<dc:creator><![CDATA[Aron]]></dc:creator>
		<guid isPermaLink="false">http://earth-strike.com/earth-strike-2/?page_id=11</guid>
		<description></description>
		<content:encoded><![CDATA[<!-- wp:paragraph -->
<p>We meet weekly. Send us an email letting us know you're interested and we'll send you the details.</p>
<!-- /wp:paragraph -->

<!-- wp:paragraph -->
<p>While you wait for us to respond, check this stuff out (<em>ctrl+click to open in a new tab)</em>:</p>
<!-- /wp:paragraph -->

<!-- wp:paragraph -->
<p><a href="https://earth-strike.com/mission/">EarthStrike Mission Statement</a></p>
<!-- /wp:paragraph -->

<!-- wp:paragraph -->
<p><a href="http://www.risingtidechicago.org/?fbclid=IwAR2uJ0dhrVBPJn97HYWk6wt3kvtpSW0gDPJbs99cDJKDHc92H9Pu5XzOv_c">Rising Tide Chicago</a></p>
<!-- /wp:paragraph -->

<!-- wp:paragraph -->
<p><a href="https://xrebellion.org/">Extinction Rebellion</a></p>
<!-- /wp:paragraph -->

<!-- wp:paragraph -->
<p><a href="https://6fefcbb86e61af1b2fc4-c70d8ead6ced550b4d987d7c03fcdd1d.ssl.cf3.rackcdn.com/cms/reports/documents/000/002/327/original/Carbon-Majors-Report-2017.pdf?1501833772">The Carbon Majors Report</a></p>
<!-- /wp:paragraph -->

<!-- wp:paragraph -->
<p><a href="https://www.sunrisemovement.org/gnd">Sunrise Movement #GreenNewDeal</a></p>
<!-- /wp:paragraph -->

<!-- wp:paragraph -->
<p><a href="https://sraproject.org/">Socially Responsible Agriculture Project</a></p>
<!-- /wp:paragraph -->

<!-- wp:paragraph -->
<p><a href="http://lvejo.org/?fbclid=IwAR32jtye-WdLtoPbBktCXQoLMBHcL74gkhwNbYqc1ceccAoNrf2VT2IRndg">Little Village Environmental Justice Organization</a></p>
<!-- /wp:paragraph -->

<!-- wp:paragraph -->
<p><a href="https://report.ipcc.ch/sr15/pdf/sr15_spm_final.pdf">The IPCC Report</a></p>
<!-- /wp:paragraph -->

<!-- wp:paragraph -->
<p><a href="http://saveourillinoisland.org">Save Our Illinois Land</a></p>
<!-- /wp:paragraph -->

<!-- wp:image {"id":132} -->
<figure class="wp-block-image"><img src="https://earth-strike.com/uschicago/wp-content/uploads/sites/33/2018/12/MOSHED-2018-12-7-22-6-43-1024x636.jpg" alt="" class="wp-image-132" /><figcaption>things don't have to be this way</figcaption></figure>
<!-- /wp:image -->]]></content:encoded>
		<excerpt:encoded><![CDATA[]]></excerpt:encoded>
		<wp:post_id>11</wp:post_id>
		<wp:post_date><![CDATA[2018-11-12 10:21:48]]></wp:post_date>
		<wp:post_date_gmt><![CDATA[2018-11-12 10:21:48]]></wp:post_date_gmt>
		<wp:comment_status><![CDATA[closed]]></wp:comment_status>
		<wp:ping_status><![CDATA[closed]]></wp:ping_status>
		<wp:post_name><![CDATA[get-involved]]></wp:post_name>
		<wp:status><![CDATA[publish]]></wp:status>
		<wp:post_parent>0</wp:post_parent>
		<wp:menu_order>0</wp:menu_order>
		<wp:post_type><![CDATA[page]]></wp:post_type>
		<wp:post_password><![CDATA[]]></wp:post_password>
		<wp:is_sticky>0</wp:is_sticky>
		<wp:postmeta>
			<wp:meta_key><![CDATA[_customify_content_layout]]></wp:meta_key>
			<wp:meta_value><![CDATA[]]></wp:meta_value>
		</wp:postmeta>
		<wp:postmeta>
			<wp:meta_key><![CDATA[_customify_sidebar]]></wp:meta_key>
			<wp:meta_value><![CDATA[]]></wp:meta_value>
		</wp:postmeta>
		<wp:postmeta>
			<wp:meta_key><![CDATA[_customify_disable_header]]></wp:meta_key>
			<wp:meta_value><![CDATA[]]></wp:meta_value>
		</wp:postmeta>
		<wp:postmeta>
			<wp:meta_key><![CDATA[_customify_disable_page_title]]></wp:meta_key>
			<wp:meta_value><![CDATA[]]></wp:meta_value>
		</wp:postmeta>
		<wp:postmeta>
			<wp:meta_key><![CDATA[_customify_disable_footer_main]]></wp:meta_key>
			<wp:meta_value><![CDATA[]]></wp:meta_value>
		</wp:postmeta>
		<wp:postmeta>
			<wp:meta_key><![CDATA[_customify_disable_footer_bottom]]></wp:meta_key>
			<wp:meta_value><![CDATA[]]></wp:meta_value>
		</wp:postmeta>
		<wp:postmeta>
			<wp:meta_key><![CDATA[_customify_page_header_display]]></wp:meta_key>
			<wp:meta_value><![CDATA[default]]></wp:meta_value>
		</wp:postmeta>
		<wp:postmeta>
			<wp:meta_key><![CDATA[_edit_last]]></wp:meta_key>
			<wp:meta_value><![CDATA[32]]></wp:meta_value>
		</wp:postmeta>
		<wp:postmeta>
			<wp:meta_key><![CDATA[_yoast_wpseo_content_score]]></wp:meta_key>
			<wp:meta_value><![CDATA[60]]></wp:meta_value>
		</wp:postmeta>
		<wp:postmeta>
			<wp:meta_key><![CDATA[_thumbnail_id]]></wp:meta_key>
			<wp:meta_value><![CDATA[132]]></wp:meta_value>
		</wp:postmeta>
	</item>
	<item>
		<title>Contact</title>
		<link>http://earth-strike.com/uschicago/contact/</link>
		<pubDate>Mon, 12 Nov 2018 10:22:17 +0000</pubDate>
		<dc:creator><![CDATA[Aron]]></dc:creator>
		<guid isPermaLink="false">http://earth-strike.com/earth-strike-2/?page_id=12</guid>
		<description></description>
		<content:encoded><![CDATA[<!-- wp:paragraph -->
<p>Local<br><a href="mailto:us.chicago@earth-strike.com">us.chicago@earth-strike.com</a></p>
<!-- /wp:paragraph -->

<!-- wp:paragraph -->
<p>National<br><a href="mailto:us@earth-strike.com">us@earth-strike.com</a></p>
<!-- /wp:paragraph -->

<!-- wp:paragraph -->
<p>International<br><a href="mailto:info@earth-strike.com">info@earth-strike.com</a></p>
<!-- /wp:paragraph -->

<!-- wp:paragraph -->
<p></p>
<!-- /wp:paragraph -->]]></content:encoded>
		<excerpt:encoded><![CDATA[]]></excerpt:encoded>
		<wp:post_id>12</wp:post_id>
		<wp:post_date><![CDATA[2018-11-12 10:22:17]]></wp:post_date>
		<wp:post_date_gmt><![CDATA[2018-11-12 10:22:17]]></wp:post_date_gmt>
		<wp:comment_status><![CDATA[closed]]></wp:comment_status>
		<wp:ping_status><![CDATA[closed]]></wp:ping_status>
		<wp:post_name><![CDATA[contact]]></wp:post_name>
		<wp:status><![CDATA[publish]]></wp:status>
		<wp:post_parent>0</wp:post_parent>
		<wp:menu_order>0</wp:menu_order>
		<wp:post_type><![CDATA[page]]></wp:post_type>
		<wp:post_password><![CDATA[]]></wp:post_password>
		<wp:is_sticky>0</wp:is_sticky>
		<wp:postmeta>
			<wp:meta_key><![CDATA[_customify_content_layout]]></wp:meta_key>
			<wp:meta_value><![CDATA[]]></wp:meta_value>
		</wp:postmeta>
		<wp:postmeta>
			<wp:meta_key><![CDATA[_customify_sidebar]]></wp:meta_key>
			<wp:meta_value><![CDATA[]]></wp:meta_value>
		</wp:postmeta>
		<wp:postmeta>
			<wp:meta_key><![CDATA[_customify_disable_header]]></wp:meta_key>
			<wp:meta_value><![CDATA[]]></wp:meta_value>
		</wp:postmeta>
		<wp:postmeta>
			<wp:meta_key><![CDATA[_customify_disable_page_title]]></wp:meta_key>
			<wp:meta_value><![CDATA[]]></wp:meta_value>
		</wp:postmeta>
		<wp:postmeta>
			<wp:meta_key><![CDATA[_customify_disable_footer_main]]></wp:meta_key>
			<wp:meta_value><![CDATA[]]></wp:meta_value>
		</wp:postmeta>
		<wp:postmeta>
			<wp:meta_key><![CDATA[_customify_disable_footer_bottom]]></wp:meta_key>
			<wp:meta_value><![CDATA[]]></wp:meta_value>
		</wp:postmeta>
		<wp:postmeta>
			<wp:meta_key><![CDATA[_customify_page_header_display]]></wp:meta_key>
			<wp:meta_value><![CDATA[default]]></wp:meta_value>
		</wp:postmeta>
		<wp:postmeta>
			<wp:meta_key><![CDATA[_edit_last]]></wp:meta_key>
			<wp:meta_value><![CDATA[32]]></wp:meta_value>
		</wp:postmeta>
		<wp:postmeta>
			<wp:meta_key><![CDATA[_yoast_wpseo_content_score]]></wp:meta_key>
			<wp:meta_value><![CDATA[60]]></wp:meta_value>
		</wp:postmeta>
	</item>
	<item>
		<title>Resources</title>
		<link>http://earth-strike.com/uschicago/resources/</link>
		<pubDate>Mon, 12 Nov 2018 10:22:28 +0000</pubDate>
		<dc:creator><![CDATA[Aron]]></dc:creator>
		<guid isPermaLink="false">http://earth-strike.com/earth-strike-2/?page_id=13</guid>
		<description></description>
		<content:encoded><![CDATA[<!-- wp:list -->
<ul><li><a href="http://web.stanford.edu/group/efmh/jacobson/Articles/I/WWS-50-USState-plans.html">50 state plan for 100% renewable energy</a></li><li><a href="http://www.ipcc.ch/">IPCC</a> has reports on the state of climate change and impacts</li></ul>
<!-- /wp:list -->

<!-- wp:paragraph -->
<p></p>
<!-- /wp:paragraph -->]]></content:encoded>
		<excerpt:encoded><![CDATA[]]></excerpt:encoded>
		<wp:post_id>13</wp:post_id>
		<wp:post_date><![CDATA[2018-11-12 10:22:28]]></wp:post_date>
		<wp:post_date_gmt><![CDATA[2018-11-12 10:22:28]]></wp:post_date_gmt>
		<wp:comment_status><![CDATA[closed]]></wp:comment_status>
		<wp:ping_status><![CDATA[closed]]></wp:ping_status>
		<wp:post_name><![CDATA[resources]]></wp:post_name>
		<wp:status><![CDATA[publish]]></wp:status>
		<wp:post_parent>0</wp:post_parent>
		<wp:menu_order>0</wp:menu_order>
		<wp:post_type><![CDATA[page]]></wp:post_type>
		<wp:post_password><![CDATA[]]></wp:post_password>
		<wp:is_sticky>0</wp:is_sticky>
		<wp:postmeta>
			<wp:meta_key><![CDATA[_customify_content_layout]]></wp:meta_key>
			<wp:meta_value><![CDATA[]]></wp:meta_value>
		</wp:postmeta>
		<wp:postmeta>
			<wp:meta_key><![CDATA[_customify_sidebar]]></wp:meta_key>
			<wp:meta_value><![CDATA[]]></wp:meta_value>
		</wp:postmeta>
		<wp:postmeta>
			<wp:meta_key><![CDATA[_customify_disable_header]]></wp:meta_key>
			<wp:meta_value><![CDATA[]]></wp:meta_value>
		</wp:postmeta>
		<wp:postmeta>
			<wp:meta_key><![CDATA[_customify_disable_page_title]]></wp:meta_key>
			<wp:meta_value><![CDATA[]]></wp:meta_value>
		</wp:postmeta>
		<wp:postmeta>
			<wp:meta_key><![CDATA[_customify_disable_footer_main]]></wp:meta_key>
			<wp:meta_value><![CDATA[]]></wp:meta_value>
		</wp:postmeta>
		<wp:postmeta>
			<wp:meta_key><![CDATA[_customify_disable_footer_bottom]]></wp:meta_key>
			<wp:meta_value><![CDATA[]]></wp:meta_value>
		</wp:postmeta>
		<wp:postmeta>
			<wp:meta_key><![CDATA[_customify_page_header_display]]></wp:meta_key>
			<wp:meta_value><![CDATA[default]]></wp:meta_value>
		</wp:postmeta>
		<wp:postmeta>
			<wp:meta_key><![CDATA[_yoast_wpseo_content_score]]></wp:meta_key>
			<wp:meta_value><![CDATA[90]]></wp:meta_value>
		</wp:postmeta>
	</item>
	<item>
		<title>Events</title>
		<link>http://earth-strike.com/uschicago/events/</link>
		<pubDate>Mon, 12 Nov 2018 10:22:40 +0000</pubDate>
		<dc:creator><![CDATA[Aron]]></dc:creator>
		<guid isPermaLink="false">http://earth-strike.com/earth-strike-2/?page_id=14</guid>
		<description></description>
		<content:encoded><![CDATA[<!-- wp:paragraph -->
<p><strong>January 15, 2019</strong>&nbsp;–&nbsp;<strong><em>Earth Strike Kickoff Protest</em></strong><br>The first world-wide event will allow all our national and local organizers to engage their communities and begin the process of organizing groups of people on the ground to see the movement through to the strike.</p>
<!-- /wp:paragraph -->

<!-- wp:paragraph -->
<p><strong>April 27, 2019</strong>&nbsp;–&nbsp;<strong><em>Halfway Earth Day Protest</em></strong>, which will be held in the weekend after Earth Day, to symbolize the halfway mark to the Earth Strike. Organizers and protesters will use the build-up to May Day to form closer ties with local unions who will be integral to gathering yet more widespread support for the strike.</p>
<!-- /wp:paragraph -->

<!-- wp:paragraph -->
<p><strong>August 1, 2019</strong>&nbsp;–&nbsp;<strong><em>Final Pre-Strike Protest</em></strong>, held on the Earth Overshoot Day of 2018. A final protest just before the strike, to serve as a final wake-up call for those that have not yet joined in.</p>
<!-- /wp:paragraph -->

<!-- wp:paragraph -->
<p><strong>September 27, 2019</strong>&nbsp;–&nbsp;<strong><em>Earth Strike!</em></strong>&nbsp;On the 57th anniversary of Silent Spring, the book that kick-started the environmentalist movement, we will hold the General Strike to Save the Planet, or the Silent Spring Strike!</p>
<!-- /wp:paragraph -->

<!-- wp:paragraph -->
<p></p>
<!-- /wp:paragraph -->

<!-- wp:html /-->]]></content:encoded>
		<excerpt:encoded><![CDATA[]]></excerpt:encoded>
		<wp:post_id>14</wp:post_id>
		<wp:post_date><![CDATA[2018-11-12 10:22:40]]></wp:post_date>
		<wp:post_date_gmt><![CDATA[2018-11-12 10:22:40]]></wp:post_date_gmt>
		<wp:comment_status><![CDATA[closed]]></wp:comment_status>
		<wp:ping_status><![CDATA[closed]]></wp:ping_status>
		<wp:post_name><![CDATA[events]]></wp:post_name>
		<wp:status><![CDATA[publish]]></wp:status>
		<wp:post_parent>0</wp:post_parent>
		<wp:menu_order>0</wp:menu_order>
		<wp:post_type><![CDATA[page]]></wp:post_type>
		<wp:post_password><![CDATA[]]></wp:post_password>
		<wp:is_sticky>0</wp:is_sticky>
		<wp:postmeta>
			<wp:meta_key><![CDATA[_customify_content_layout]]></wp:meta_key>
			<wp:meta_value><![CDATA[]]></wp:meta_value>
		</wp:postmeta>
		<wp:postmeta>
			<wp:meta_key><![CDATA[_customify_sidebar]]></wp:meta_key>
			<wp:meta_value><![CDATA[]]></wp:meta_value>
		</wp:postmeta>
		<wp:postmeta>
			<wp:meta_key><![CDATA[_customify_disable_header]]></wp:meta_key>
			<wp:meta_value><![CDATA[]]></wp:meta_value>
		</wp:postmeta>
		<wp:postmeta>
			<wp:meta_key><![CDATA[_customify_disable_page_title]]></wp:meta_key>
			<wp:meta_value><![CDATA[]]></wp:meta_value>
		</wp:postmeta>
		<wp:postmeta>
			<wp:meta_key><![CDATA[_customify_disable_footer_main]]></wp:meta_key>
			<wp:meta_value><![CDATA[]]></wp:meta_value>
		</wp:postmeta>
		<wp:postmeta>
			<wp:meta_key><![CDATA[_customify_disable_footer_bottom]]></wp:meta_key>
			<wp:meta_value><![CDATA[]]></wp:meta_value>
		</wp:postmeta>
		<wp:postmeta>
			<wp:meta_key><![CDATA[_customify_page_header_display]]></wp:meta_key>
			<wp:meta_value><![CDATA[default]]></wp:meta_value>
		</wp:postmeta>
		<wp:postmeta>
			<wp:meta_key><![CDATA[_yoast_wpseo_content_score]]></wp:meta_key>
			<wp:meta_value><![CDATA[30]]></wp:meta_value>
		</wp:postmeta>
		<wp:postmeta>
			<wp:meta_key><![CDATA[_oembed_8d77e1000e7cbdc97181803669d82d04]]></wp:meta_key>
			<wp:meta_value><![CDATA[<a class="twitter-timeline" data-width="843" data-height="1000" data-dnt="true" href="https://twitter.com/EarthstrikeL?ref_src=twsrc%5Etfw">Tweets by EarthstrikeL</a><script async src="https://platform.twitter.com/widgets.js" charset="utf-8"></script>]]></wp:meta_value>
		</wp:postmeta>
		<wp:postmeta>
			<wp:meta_key><![CDATA[_oembed_time_8d77e1000e7cbdc97181803669d82d04]]></wp:meta_key>
			<wp:meta_value><![CDATA[1544207436]]></wp:meta_value>
		</wp:postmeta>
		<wp:postmeta>
			<wp:meta_key><![CDATA[_edit_last]]></wp:meta_key>
			<wp:meta_value><![CDATA[32]]></wp:meta_value>
		</wp:postmeta>
		<wp:postmeta>
			<wp:meta_key><![CDATA[_yoast_wpseo_metadesc]]></wp:meta_key>
			<wp:meta_value><![CDATA[%%sitename%%]]></wp:meta_value>
		</wp:postmeta>
	</item>
	<item>
		<title></title>
		<link>http://earth-strike.com/uschicago/2018/11/12/15/</link>
		<pubDate>Mon, 12 Nov 2018 10:23:01 +0000</pubDate>
		<dc:creator><![CDATA[Aron]]></dc:creator>
		<guid isPermaLink="false">http://earth-strike.com/earth-strike-2/?p=15</guid>
		<description></description>
		<content:encoded><![CDATA[ ]]></content:encoded>
		<excerpt:encoded><![CDATA[]]></excerpt:encoded>
		<wp:post_id>15</wp:post_id>
		<wp:post_date><![CDATA[2018-11-12 10:23:01]]></wp:post_date>
		<wp:post_date_gmt><![CDATA[2018-11-12 10:23:01]]></wp:post_date_gmt>
		<wp:comment_status><![CDATA[closed]]></wp:comment_status>
		<wp:ping_status><![CDATA[closed]]></wp:ping_status>
		<wp:post_name><![CDATA[15]]></wp:post_name>
		<wp:status><![CDATA[publish]]></wp:status>
		<wp:post_parent>0</wp:post_parent>
		<wp:menu_order>1</wp:menu_order>
		<wp:post_type><![CDATA[nav_menu_item]]></wp:post_type>
		<wp:post_password><![CDATA[]]></wp:post_password>
		<wp:is_sticky>0</wp:is_sticky>
		<category domain="nav_menu" nicename="menu-1"><![CDATA[Menu 1]]></category>
		<wp:postmeta>
			<wp:meta_key><![CDATA[_menu_item_type]]></wp:meta_key>
			<wp:meta_value><![CDATA[post_type]]></wp:meta_value>
		</wp:postmeta>
		<wp:postmeta>
			<wp:meta_key><![CDATA[_menu_item_menu_item_parent]]></wp:meta_key>
			<wp:meta_value><![CDATA[0]]></wp:meta_value>
		</wp:postmeta>
		<wp:postmeta>
			<wp:meta_key><![CDATA[_menu_item_object_id]]></wp:meta_key>
			<wp:meta_value><![CDATA[6]]></wp:meta_value>
		</wp:postmeta>
		<wp:postmeta>
			<wp:meta_key><![CDATA[_menu_item_object]]></wp:meta_key>
			<wp:meta_value><![CDATA[page]]></wp:meta_value>
		</wp:postmeta>
		<wp:postmeta>
			<wp:meta_key><![CDATA[_menu_item_target]]></wp:meta_key>
			<wp:meta_value><![CDATA[]]></wp:meta_value>
		</wp:postmeta>
		<wp:postmeta>
			<wp:meta_key><![CDATA[_menu_item_classes]]></wp:meta_key>
			<wp:meta_value><![CDATA[a:1:{i:0;s:0:"";}]]></wp:meta_value>
		</wp:postmeta>
		<wp:postmeta>
			<wp:meta_key><![CDATA[_menu_item_xfn]]></wp:meta_key>
			<wp:meta_value><![CDATA[]]></wp:meta_value>
		</wp:postmeta>
		<wp:postmeta>
			<wp:meta_key><![CDATA[_menu_item_url]]></wp:meta_key>
			<wp:meta_value><![CDATA[]]></wp:meta_value>
		</wp:postmeta>
	</item>
	<item>
		<title></title>
		<link>http://earth-strike.com/uschicago/2018/11/12/16/</link>
		<pubDate>Mon, 12 Nov 2018 10:23:01 +0000</pubDate>
		<dc:creator><![CDATA[Aron]]></dc:creator>
		<guid isPermaLink="false">http://earth-strike.com/earth-strike-2/?p=16</guid>
		<description></description>
		<content:encoded><![CDATA[ ]]></content:encoded>
		<excerpt:encoded><![CDATA[]]></excerpt:encoded>
		<wp:post_id>16</wp:post_id>
		<wp:post_date><![CDATA[2018-11-12 10:23:01]]></wp:post_date>
		<wp:post_date_gmt><![CDATA[2018-11-12 10:23:01]]></wp:post_date_gmt>
		<wp:comment_status><![CDATA[closed]]></wp:comment_status>
		<wp:ping_status><![CDATA[closed]]></wp:ping_status>
		<wp:post_name><![CDATA[16]]></wp:post_name>
		<wp:status><![CDATA[publish]]></wp:status>
		<wp:post_parent>0</wp:post_parent>
		<wp:menu_order>6</wp:menu_order>
		<wp:post_type><![CDATA[nav_menu_item]]></wp:post_type>
		<wp:post_password><![CDATA[]]></wp:post_password>
		<wp:is_sticky>0</wp:is_sticky>
		<category domain="nav_menu" nicename="menu-1"><![CDATA[Menu 1]]></category>
		<wp:postmeta>
			<wp:meta_key><![CDATA[_menu_item_type]]></wp:meta_key>
			<wp:meta_value><![CDATA[post_type]]></wp:meta_value>
		</wp:postmeta>
		<wp:postmeta>
			<wp:meta_key><![CDATA[_menu_item_menu_item_parent]]></wp:meta_key>
			<wp:meta_value><![CDATA[0]]></wp:meta_value>
		</wp:postmeta>
		<wp:postmeta>
			<wp:meta_key><![CDATA[_menu_item_object_id]]></wp:meta_key>
			<wp:meta_value><![CDATA[12]]></wp:meta_value>
		</wp:postmeta>
		<wp:postmeta>
			<wp:meta_key><![CDATA[_menu_item_object]]></wp:meta_key>
			<wp:meta_value><![CDATA[page]]></wp:meta_value>
		</wp:postmeta>
		<wp:postmeta>
			<wp:meta_key><![CDATA[_menu_item_target]]></wp:meta_key>
			<wp:meta_value><![CDATA[]]></wp:meta_value>
		</wp:postmeta>
		<wp:postmeta>
			<wp:meta_key><![CDATA[_menu_item_classes]]></wp:meta_key>
			<wp:meta_value><![CDATA[a:1:{i:0;s:0:"";}]]></wp:meta_value>
		</wp:postmeta>
		<wp:postmeta>
			<wp:meta_key><![CDATA[_menu_item_xfn]]></wp:meta_key>
			<wp:meta_value><![CDATA[]]></wp:meta_value>
		</wp:postmeta>
		<wp:postmeta>
			<wp:meta_key><![CDATA[_menu_item_url]]></wp:meta_key>
			<wp:meta_value><![CDATA[]]></wp:meta_value>
		</wp:postmeta>
	</item>
	<item>
		<title></title>
		<link>http://earth-strike.com/uschicago/?p=17</link>
		<pubDate>Mon, 30 Nov -0001 00:00:00 +0000</pubDate>
		<dc:creator><![CDATA[Aron]]></dc:creator>
		<guid isPermaLink="false">http://earth-strike.com/earth-strike-2/?p=17</guid>
		<description></description>
		<content:encoded><![CDATA[ ]]></content:encoded>
		<excerpt:encoded><![CDATA[]]></excerpt:encoded>
		<wp:post_id>17</wp:post_id>
		<wp:post_date><![CDATA[2018-11-12 10:22:46]]></wp:post_date>
		<wp:post_date_gmt><![CDATA[0000-00-00 00:00:00]]></wp:post_date_gmt>
		<wp:comment_status><![CDATA[closed]]></wp:comment_status>
		<wp:ping_status><![CDATA[closed]]></wp:ping_status>
		<wp:post_name><![CDATA[]]></wp:post_name>
		<wp:status><![CDATA[draft]]></wp:status>
		<wp:post_parent>0</wp:post_parent>
		<wp:menu_order>1</wp:menu_order>
		<wp:post_type><![CDATA[nav_menu_item]]></wp:post_type>
		<wp:post_password><![CDATA[]]></wp:post_password>
		<wp:is_sticky>0</wp:is_sticky>
		<wp:postmeta>
			<wp:meta_key><![CDATA[_menu_item_type]]></wp:meta_key>
			<wp:meta_value><![CDATA[post_type]]></wp:meta_value>
		</wp:postmeta>
		<wp:postmeta>
			<wp:meta_key><![CDATA[_menu_item_menu_item_parent]]></wp:meta_key>
			<wp:meta_value><![CDATA[0]]></wp:meta_value>
		</wp:postmeta>
		<wp:postmeta>
			<wp:meta_key><![CDATA[_menu_item_object_id]]></wp:meta_key>
			<wp:meta_value><![CDATA[6]]></wp:meta_value>
		</wp:postmeta>
		<wp:postmeta>
			<wp:meta_key><![CDATA[_menu_item_object]]></wp:meta_key>
			<wp:meta_value><![CDATA[page]]></wp:meta_value>
		</wp:postmeta>
		<wp:postmeta>
			<wp:meta_key><![CDATA[_menu_item_target]]></wp:meta_key>
			<wp:meta_value><![CDATA[]]></wp:meta_value>
		</wp:postmeta>
		<wp:postmeta>
			<wp:meta_key><![CDATA[_menu_item_classes]]></wp:meta_key>
			<wp:meta_value><![CDATA[a:1:{i:0;s:0:"";}]]></wp:meta_value>
		</wp:postmeta>
		<wp:postmeta>
			<wp:meta_key><![CDATA[_menu_item_xfn]]></wp:meta_key>
			<wp:meta_value><![CDATA[]]></wp:meta_value>
		</wp:postmeta>
		<wp:postmeta>
			<wp:meta_key><![CDATA[_menu_item_url]]></wp:meta_key>
			<wp:meta_value><![CDATA[]]></wp:meta_value>
		</wp:postmeta>
		<wp:postmeta>
			<wp:meta_key><![CDATA[_menu_item_orphaned]]></wp:meta_key>
			<wp:meta_value><![CDATA[1542018166]]></wp:meta_value>
		</wp:postmeta>
	</item>
	<item>
		<title></title>
		<link>http://earth-strike.com/uschicago/2018/11/12/18/</link>
		<pubDate>Mon, 12 Nov 2018 10:23:01 +0000</pubDate>
		<dc:creator><![CDATA[Aron]]></dc:creator>
		<guid isPermaLink="false">http://earth-strike.com/earth-strike-2/?p=18</guid>
		<description></description>
		<content:encoded><![CDATA[ ]]></content:encoded>
		<excerpt:encoded><![CDATA[]]></excerpt:encoded>
		<wp:post_id>18</wp:post_id>
		<wp:post_date><![CDATA[2018-11-12 10:23:01]]></wp:post_date>
		<wp:post_date_gmt><![CDATA[2018-11-12 10:23:01]]></wp:post_date_gmt>
		<wp:comment_status><![CDATA[closed]]></wp:comment_status>
		<wp:ping_status><![CDATA[closed]]></wp:ping_status>
		<wp:post_name><![CDATA[18]]></wp:post_name>
		<wp:status><![CDATA[publish]]></wp:status>
		<wp:post_parent>0</wp:post_parent>
		<wp:menu_order>4</wp:menu_order>
		<wp:post_type><![CDATA[nav_menu_item]]></wp:post_type>
		<wp:post_password><![CDATA[]]></wp:post_password>
		<wp:is_sticky>0</wp:is_sticky>
		<category domain="nav_menu" nicename="menu-1"><![CDATA[Menu 1]]></category>
		<wp:postmeta>
			<wp:meta_key><![CDATA[_menu_item_type]]></wp:meta_key>
			<wp:meta_value><![CDATA[post_type]]></wp:meta_value>
		</wp:postmeta>
		<wp:postmeta>
			<wp:meta_key><![CDATA[_menu_item_menu_item_parent]]></wp:meta_key>
			<wp:meta_value><![CDATA[19]]></wp:meta_value>
		</wp:postmeta>
		<wp:postmeta>
			<wp:meta_key><![CDATA[_menu_item_object_id]]></wp:meta_key>
			<wp:meta_value><![CDATA[14]]></wp:meta_value>
		</wp:postmeta>
		<wp:postmeta>
			<wp:meta_key><![CDATA[_menu_item_object]]></wp:meta_key>
			<wp:meta_value><![CDATA[page]]></wp:meta_value>
		</wp:postmeta>
		<wp:postmeta>
			<wp:meta_key><![CDATA[_menu_item_target]]></wp:meta_key>
			<wp:meta_value><![CDATA[]]></wp:meta_value>
		</wp:postmeta>
		<wp:postmeta>
			<wp:meta_key><![CDATA[_menu_item_classes]]></wp:meta_key>
			<wp:meta_value><![CDATA[a:1:{i:0;s:0:"";}]]></wp:meta_value>
		</wp:postmeta>
		<wp:postmeta>
			<wp:meta_key><![CDATA[_menu_item_xfn]]></wp:meta_key>
			<wp:meta_value><![CDATA[]]></wp:meta_value>
		</wp:postmeta>
		<wp:postmeta>
			<wp:meta_key><![CDATA[_menu_item_url]]></wp:meta_key>
			<wp:meta_value><![CDATA[]]></wp:meta_value>
		</wp:postmeta>
	</item>
	<item>
		<title></title>
		<link>http://earth-strike.com/uschicago/2018/11/12/19/</link>
		<pubDate>Mon, 12 Nov 2018 10:23:01 +0000</pubDate>
		<dc:creator><![CDATA[Aron]]></dc:creator>
		<guid isPermaLink="false">http://earth-strike.com/earth-strike-2/?p=19</guid>
		<description></description>
		<content:encoded><![CDATA[ ]]></content:encoded>
		<excerpt:encoded><![CDATA[]]></excerpt:encoded>
		<wp:post_id>19</wp:post_id>
		<wp:post_date><![CDATA[2018-11-12 10:23:01]]></wp:post_date>
		<wp:post_date_gmt><![CDATA[2018-11-12 10:23:01]]></wp:post_date_gmt>
		<wp:comment_status><![CDATA[closed]]></wp:comment_status>
		<wp:ping_status><![CDATA[closed]]></wp:ping_status>
		<wp:post_name><![CDATA[19]]></wp:post_name>
		<wp:status><![CDATA[publish]]></wp:status>
		<wp:post_parent>0</wp:post_parent>
		<wp:menu_order>3</wp:menu_order>
		<wp:post_type><![CDATA[nav_menu_item]]></wp:post_type>
		<wp:post_password><![CDATA[]]></wp:post_password>
		<wp:is_sticky>0</wp:is_sticky>
		<category domain="nav_menu" nicename="menu-1"><![CDATA[Menu 1]]></category>
		<wp:postmeta>
			<wp:meta_key><![CDATA[_menu_item_type]]></wp:meta_key>
			<wp:meta_value><![CDATA[post_type]]></wp:meta_value>
		</wp:postmeta>
		<wp:postmeta>
			<wp:meta_key><![CDATA[_menu_item_menu_item_parent]]></wp:meta_key>
			<wp:meta_value><![CDATA[0]]></wp:meta_value>
		</wp:postmeta>
		<wp:postmeta>
			<wp:meta_key><![CDATA[_menu_item_object_id]]></wp:meta_key>
			<wp:meta_value><![CDATA[11]]></wp:meta_value>
		</wp:postmeta>
		<wp:postmeta>
			<wp:meta_key><![CDATA[_menu_item_object]]></wp:meta_key>
			<wp:meta_value><![CDATA[page]]></wp:meta_value>
		</wp:postmeta>
		<wp:postmeta>
			<wp:meta_key><![CDATA[_menu_item_target]]></wp:meta_key>
			<wp:meta_value><![CDATA[]]></wp:meta_value>
		</wp:postmeta>
		<wp:postmeta>
			<wp:meta_key><![CDATA[_menu_item_classes]]></wp:meta_key>
			<wp:meta_value><![CDATA[a:1:{i:0;s:0:"";}]]></wp:meta_value>
		</wp:postmeta>
		<wp:postmeta>
			<wp:meta_key><![CDATA[_menu_item_xfn]]></wp:meta_key>
			<wp:meta_value><![CDATA[]]></wp:meta_value>
		</wp:postmeta>
		<wp:postmeta>
			<wp:meta_key><![CDATA[_menu_item_url]]></wp:meta_key>
			<wp:meta_value><![CDATA[]]></wp:meta_value>
		</wp:postmeta>
	</item>
	<item>
		<title></title>
		<link>http://earth-strike.com/uschicago/2018/11/12/20/</link>
		<pubDate>Mon, 12 Nov 2018 10:23:01 +0000</pubDate>
		<dc:creator><![CDATA[Aron]]></dc:creator>
		<guid isPermaLink="false">http://earth-strike.com/earth-strike-2/?p=20</guid>
		<description></description>
		<content:encoded><![CDATA[ ]]></content:encoded>
		<excerpt:encoded><![CDATA[]]></excerpt:encoded>
		<wp:post_id>20</wp:post_id>
		<wp:post_date><![CDATA[2018-11-12 10:23:01]]></wp:post_date>
		<wp:post_date_gmt><![CDATA[2018-11-12 10:23:01]]></wp:post_date_gmt>
		<wp:comment_status><![CDATA[closed]]></wp:comment_status>
		<wp:ping_status><![CDATA[closed]]></wp:ping_status>
		<wp:post_name><![CDATA[20]]></wp:post_name>
		<wp:status><![CDATA[publish]]></wp:status>
		<wp:post_parent>0</wp:post_parent>
		<wp:menu_order>2</wp:menu_order>
		<wp:post_type><![CDATA[nav_menu_item]]></wp:post_type>
		<wp:post_password><![CDATA[]]></wp:post_password>
		<wp:is_sticky>0</wp:is_sticky>
		<category domain="nav_menu" nicename="menu-1"><![CDATA[Menu 1]]></category>
		<wp:postmeta>
			<wp:meta_key><![CDATA[_menu_item_type]]></wp:meta_key>
			<wp:meta_value><![CDATA[post_type]]></wp:meta_value>
		</wp:postmeta>
		<wp:postmeta>
			<wp:meta_key><![CDATA[_menu_item_menu_item_parent]]></wp:meta_key>
			<wp:meta_value><![CDATA[0]]></wp:meta_value>
		</wp:postmeta>
		<wp:postmeta>
			<wp:meta_key><![CDATA[_menu_item_object_id]]></wp:meta_key>
			<wp:meta_value><![CDATA[10]]></wp:meta_value>
		</wp:postmeta>
		<wp:postmeta>
			<wp:meta_key><![CDATA[_menu_item_object]]></wp:meta_key>
			<wp:meta_value><![CDATA[page]]></wp:meta_value>
		</wp:postmeta>
		<wp:postmeta>
			<wp:meta_key><![CDATA[_menu_item_target]]></wp:meta_key>
			<wp:meta_value><![CDATA[]]></wp:meta_value>
		</wp:postmeta>
		<wp:postmeta>
			<wp:meta_key><![CDATA[_menu_item_classes]]></wp:meta_key>
			<wp:meta_value><![CDATA[a:1:{i:0;s:0:"";}]]></wp:meta_value>
		</wp:postmeta>
		<wp:postmeta>
			<wp:meta_key><![CDATA[_menu_item_xfn]]></wp:meta_key>
			<wp:meta_value><![CDATA[]]></wp:meta_value>
		</wp:postmeta>
		<wp:postmeta>
			<wp:meta_key><![CDATA[_menu_item_url]]></wp:meta_key>
			<wp:meta_value><![CDATA[]]></wp:meta_value>
		</wp:postmeta>
	</item>
	<item>
		<title></title>
		<link>http://earth-strike.com/uschicago/2018/11/12/21/</link>
		<pubDate>Mon, 12 Nov 2018 10:23:01 +0000</pubDate>
		<dc:creator><![CDATA[Aron]]></dc:creator>
		<guid isPermaLink="false">http://earth-strike.com/earth-strike-2/?p=21</guid>
		<description></description>
		<content:encoded><![CDATA[ ]]></content:encoded>
		<excerpt:encoded><![CDATA[]]></excerpt:encoded>
		<wp:post_id>21</wp:post_id>
		<wp:post_date><![CDATA[2018-11-12 10:23:01]]></wp:post_date>
		<wp:post_date_gmt><![CDATA[2018-11-12 10:23:01]]></wp:post_date_gmt>
		<wp:comment_status><![CDATA[closed]]></wp:comment_status>
		<wp:ping_status><![CDATA[closed]]></wp:ping_status>
		<wp:post_name><![CDATA[21]]></wp:post_name>
		<wp:status><![CDATA[publish]]></wp:status>
		<wp:post_parent>0</wp:post_parent>
		<wp:menu_order>5</wp:menu_order>
		<wp:post_type><![CDATA[nav_menu_item]]></wp:post_type>
		<wp:post_password><![CDATA[]]></wp:post_password>
		<wp:is_sticky>0</wp:is_sticky>
		<category domain="nav_menu" nicename="menu-1"><![CDATA[Menu 1]]></category>
		<wp:postmeta>
			<wp:meta_key><![CDATA[_menu_item_type]]></wp:meta_key>
			<wp:meta_value><![CDATA[post_type]]></wp:meta_value>
		</wp:postmeta>
		<wp:postmeta>
			<wp:meta_key><![CDATA[_menu_item_menu_item_parent]]></wp:meta_key>
			<wp:meta_value><![CDATA[0]]></wp:meta_value>
		</wp:postmeta>
		<wp:postmeta>
			<wp:meta_key><![CDATA[_menu_item_object_id]]></wp:meta_key>
			<wp:meta_value><![CDATA[13]]></wp:meta_value>
		</wp:postmeta>
		<wp:postmeta>
			<wp:meta_key><![CDATA[_menu_item_object]]></wp:meta_key>
			<wp:meta_value><![CDATA[page]]></wp:meta_value>
		</wp:postmeta>
		<wp:postmeta>
			<wp:meta_key><![CDATA[_menu_item_target]]></wp:meta_key>
			<wp:meta_value><![CDATA[]]></wp:meta_value>
		</wp:postmeta>
		<wp:postmeta>
			<wp:meta_key><![CDATA[_menu_item_classes]]></wp:meta_key>
			<wp:meta_value><![CDATA[a:1:{i:0;s:0:"";}]]></wp:meta_value>
		</wp:postmeta>
		<wp:postmeta>
			<wp:meta_key><![CDATA[_menu_item_xfn]]></wp:meta_key>
			<wp:meta_value><![CDATA[]]></wp:meta_value>
		</wp:postmeta>
		<wp:postmeta>
			<wp:meta_key><![CDATA[_menu_item_url]]></wp:meta_key>
			<wp:meta_value><![CDATA[]]></wp:meta_value>
		</wp:postmeta>
	</item>
	<item>
		<title>logo_color</title>
		<link>http://earth-strike.com/uschicago/logo_color/</link>
		<pubDate>Sun, 25 Nov 2018 03:05:48 +0000</pubDate>
		<dc:creator><![CDATA[hperks]]></dc:creator>
		<guid isPermaLink="false">https://earth-strike.com/earth-strike-2/wp-content/uploads/sites/33/2018/11/logo_color.png</guid>
		<description></description>
		<content:encoded><![CDATA[]]></content:encoded>
		<excerpt:encoded><![CDATA[]]></excerpt:encoded>
		<wp:post_id>56</wp:post_id>
		<wp:post_date><![CDATA[2018-11-25 03:05:48]]></wp:post_date>
		<wp:post_date_gmt><![CDATA[2018-11-25 03:05:48]]></wp:post_date_gmt>
		<wp:comment_status><![CDATA[closed]]></wp:comment_status>
		<wp:ping_status><![CDATA[closed]]></wp:ping_status>
		<wp:post_name><![CDATA[logo_color]]></wp:post_name>
		<wp:status><![CDATA[inherit]]></wp:status>
		<wp:post_parent>0</wp:post_parent>
		<wp:menu_order>0</wp:menu_order>
		<wp:post_type><![CDATA[attachment]]></wp:post_type>
		<wp:post_password><![CDATA[]]></wp:post_password>
		<wp:is_sticky>0</wp:is_sticky>
		<wp:attachment_url><![CDATA[https://earth-strike.com/uschicago/wp-content/uploads/sites/33/2018/11/logo_color.png]]></wp:attachment_url>
		<wp:postmeta>
			<wp:meta_key><![CDATA[_wp_attached_file]]></wp:meta_key>
			<wp:meta_value><![CDATA[2018/11/logo_color.png]]></wp:meta_value>
		</wp:postmeta>
		<wp:postmeta>
			<wp:meta_key><![CDATA[_wp_attachment_metadata]]></wp:meta_key>
			<wp:meta_value><![CDATA[a:5:{s:5:"width";i:2400;s:6:"height";i:2400;s:4:"file";s:22:"2018/11/logo_color.png";s:5:"sizes";a:4:{s:9:"thumbnail";a:4:{s:4:"file";s:22:"logo_color-150x150.png";s:5:"width";i:150;s:6:"height";i:150;s:9:"mime-type";s:9:"image/png";}s:6:"medium";a:4:{s:4:"file";s:22:"logo_color-300x300.png";s:5:"width";i:300;s:6:"height";i:300;s:9:"mime-type";s:9:"image/png";}s:12:"medium_large";a:4:{s:4:"file";s:22:"logo_color-768x768.png";s:5:"width";i:768;s:6:"height";i:768;s:9:"mime-type";s:9:"image/png";}s:5:"large";a:4:{s:4:"file";s:24:"logo_color-1024x1024.png";s:5:"width";i:1024;s:6:"height";i:1024;s:9:"mime-type";s:9:"image/png";}}s:10:"image_meta";a:12:{s:8:"aperture";s:1:"0";s:6:"credit";s:0:"";s:6:"camera";s:0:"";s:7:"caption";s:0:"";s:17:"created_timestamp";s:1:"0";s:9:"copyright";s:0:"";s:12:"focal_length";s:1:"0";s:3:"iso";s:1:"0";s:13:"shutter_speed";s:1:"0";s:5:"title";s:0:"";s:11:"orientation";s:1:"0";s:8:"keywords";a:0:{}}}]]></wp:meta_value>
		</wp:postmeta>
	</item>
	<item>
		<title>logo_color_nodates</title>
		<link>http://earth-strike.com/uschicago/logo_color_nodates/</link>
		<pubDate>Sun, 25 Nov 2018 03:05:59 +0000</pubDate>
		<dc:creator><![CDATA[hperks]]></dc:creator>
		<guid isPermaLink="false">https://earth-strike.com/earth-strike-2/wp-content/uploads/sites/33/2018/11/logo_color_nodates.png</guid>
		<description></description>
		<content:encoded><![CDATA[]]></content:encoded>
		<excerpt:encoded><![CDATA[]]></excerpt:encoded>
		<wp:post_id>57</wp:post_id>
		<wp:post_date><![CDATA[2018-11-25 03:05:59]]></wp:post_date>
		<wp:post_date_gmt><![CDATA[2018-11-25 03:05:59]]></wp:post_date_gmt>
		<wp:comment_status><![CDATA[closed]]></wp:comment_status>
		<wp:ping_status><![CDATA[closed]]></wp:ping_status>
		<wp:post_name><![CDATA[logo_color_nodates]]></wp:post_name>
		<wp:status><![CDATA[inherit]]></wp:status>
		<wp:post_parent>0</wp:post_parent>
		<wp:menu_order>0</wp:menu_order>
		<wp:post_type><![CDATA[attachment]]></wp:post_type>
		<wp:post_password><![CDATA[]]></wp:post_password>
		<wp:is_sticky>0</wp:is_sticky>
		<wp:attachment_url><![CDATA[https://earth-strike.com/uschicago/wp-content/uploads/sites/33/2018/11/logo_color_nodates.png]]></wp:attachment_url>
		<wp:postmeta>
			<wp:meta_key><![CDATA[_wp_attached_file]]></wp:meta_key>
			<wp:meta_value><![CDATA[2018/11/logo_color_nodates.png]]></wp:meta_value>
		</wp:postmeta>
		<wp:postmeta>
			<wp:meta_key><![CDATA[_wp_attachment_metadata]]></wp:meta_key>
			<wp:meta_value><![CDATA[a:5:{s:5:"width";i:2400;s:6:"height";i:2400;s:4:"file";s:30:"2018/11/logo_color_nodates.png";s:5:"sizes";a:4:{s:9:"thumbnail";a:4:{s:4:"file";s:30:"logo_color_nodates-150x150.png";s:5:"width";i:150;s:6:"height";i:150;s:9:"mime-type";s:9:"image/png";}s:6:"medium";a:4:{s:4:"file";s:30:"logo_color_nodates-300x300.png";s:5:"width";i:300;s:6:"height";i:300;s:9:"mime-type";s:9:"image/png";}s:12:"medium_large";a:4:{s:4:"file";s:30:"logo_color_nodates-768x768.png";s:5:"width";i:768;s:6:"height";i:768;s:9:"mime-type";s:9:"image/png";}s:5:"large";a:4:{s:4:"file";s:32:"logo_color_nodates-1024x1024.png";s:5:"width";i:1024;s:6:"height";i:1024;s:9:"mime-type";s:9:"image/png";}}s:10:"image_meta";a:12:{s:8:"aperture";s:1:"0";s:6:"credit";s:0:"";s:6:"camera";s:0:"";s:7:"caption";s:0:"";s:17:"created_timestamp";s:1:"0";s:9:"copyright";s:0:"";s:12:"focal_length";s:1:"0";s:3:"iso";s:1:"0";s:13:"shutter_speed";s:1:"0";s:5:"title";s:0:"";s:11:"orientation";s:1:"0";s:8:"keywords";a:0:{}}}]]></wp:meta_value>
		</wp:postmeta>
	</item>
	<item>
		<title>Newsletter</title>
		<link>http://earth-strike.com/uschicago/newsletter/</link>
		<pubDate>Sun, 25 Nov 2018 21:29:40 +0000</pubDate>
		<dc:creator><![CDATA[us.chicago]]></dc:creator>
		<guid isPermaLink="false">http://earth-strike.com/uschicago/newsletter/</guid>
		<description></description>
		<content:encoded><![CDATA[[newsletter]]]></content:encoded>
		<excerpt:encoded><![CDATA[]]></excerpt:encoded>
		<wp:post_id>63</wp:post_id>
		<wp:post_date><![CDATA[2018-11-25 21:29:40]]></wp:post_date>
		<wp:post_date_gmt><![CDATA[2018-11-25 21:29:40]]></wp:post_date_gmt>
		<wp:comment_status><![CDATA[closed]]></wp:comment_status>
		<wp:ping_status><![CDATA[closed]]></wp:ping_status>
		<wp:post_name><![CDATA[newsletter]]></wp:post_name>
		<wp:status><![CDATA[publish]]></wp:status>
		<wp:post_parent>0</wp:post_parent>
		<wp:menu_order>0</wp:menu_order>
		<wp:post_type><![CDATA[page]]></wp:post_type>
		<wp:post_password><![CDATA[]]></wp:post_password>
		<wp:is_sticky>0</wp:is_sticky>
	</item>
	<item>
		<title>calendar</title>
		<link>http://earth-strike.com/uschicago/2018/12/08/untitled-reusable-block/</link>
		<pubDate>Sat, 08 Dec 2018 01:17:52 +0000</pubDate>
		<dc:creator><![CDATA[us.chicago]]></dc:creator>
		<guid isPermaLink="false">https://earth-strike.com/uschicago/?wp_block=untitled-reusable-block</guid>
		<description></description>
		<content:encoded><![CDATA[<!-- wp:html -->
<figure></figure>
<!-- /wp:html -->]]></content:encoded>
		<excerpt:encoded><![CDATA[]]></excerpt:encoded>
		<wp:post_id>116</wp:post_id>
		<wp:post_date><![CDATA[2018-12-08 01:17:52]]></wp:post_date>
		<wp:post_date_gmt><![CDATA[2018-12-08 01:17:52]]></wp:post_date_gmt>
		<wp:comment_status><![CDATA[closed]]></wp:comment_status>
		<wp:ping_status><![CDATA[closed]]></wp:ping_status>
		<wp:post_name><![CDATA[untitled-reusable-block]]></wp:post_name>
		<wp:status><![CDATA[publish]]></wp:status>
		<wp:post_parent>0</wp:post_parent>
		<wp:menu_order>0</wp:menu_order>
		<wp:post_type><![CDATA[wp_block]]></wp:post_type>
		<wp:post_password><![CDATA[]]></wp:post_password>
		<wp:is_sticky>0</wp:is_sticky>
	</item>
	<item>
		<title>MOSHED-2018-12-7-22-6-43</title>
		<link>http://earth-strike.com/uschicago/get-involved/moshed-2018-12-7-22-6-43/</link>
		<pubDate>Sat, 15 Dec 2018 01:00:37 +0000</pubDate>
		<dc:creator><![CDATA[us.chicago]]></dc:creator>
		<guid isPermaLink="false">https://earth-strike.com/uschicago/wp-content/uploads/sites/33/2018/12/MOSHED-2018-12-7-22-6-43.jpg</guid>
		<description></description>
		<content:encoded><![CDATA[]]></content:encoded>
		<excerpt:encoded><![CDATA[things don't have to be this way]]></excerpt:encoded>
		<wp:post_id>132</wp:post_id>
		<wp:post_date><![CDATA[2018-12-15 01:00:37]]></wp:post_date>
		<wp:post_date_gmt><![CDATA[2018-12-15 01:00:37]]></wp:post_date_gmt>
		<wp:comment_status><![CDATA[closed]]></wp:comment_status>
		<wp:ping_status><![CDATA[closed]]></wp:ping_status>
		<wp:post_name><![CDATA[moshed-2018-12-7-22-6-43]]></wp:post_name>
		<wp:status><![CDATA[inherit]]></wp:status>
		<wp:post_parent>11</wp:post_parent>
		<wp:menu_order>0</wp:menu_order>
		<wp:post_type><![CDATA[attachment]]></wp:post_type>
		<wp:post_password><![CDATA[]]></wp:post_password>
		<wp:is_sticky>0</wp:is_sticky>
		<wp:attachment_url><![CDATA[https://earth-strike.com/uschicago/wp-content/uploads/sites/33/2018/12/MOSHED-2018-12-7-22-6-43.jpg]]></wp:attachment_url>
		<wp:postmeta>
			<wp:meta_key><![CDATA[_wp_attached_file]]></wp:meta_key>
			<wp:meta_value><![CDATA[2018/12/MOSHED-2018-12-7-22-6-43.jpg]]></wp:meta_value>
		</wp:postmeta>
		<wp:postmeta>
			<wp:meta_key><![CDATA[_wp_attachment_metadata]]></wp:meta_key>
			<wp:meta_value><![CDATA[a:5:{s:5:"width";i:2048;s:6:"height";i:1271;s:4:"file";s:36:"2018/12/MOSHED-2018-12-7-22-6-43.jpg";s:5:"sizes";a:4:{s:9:"thumbnail";a:4:{s:4:"file";s:36:"MOSHED-2018-12-7-22-6-43-150x150.jpg";s:5:"width";i:150;s:6:"height";i:150;s:9:"mime-type";s:10:"image/jpeg";}s:6:"medium";a:4:{s:4:"file";s:36:"MOSHED-2018-12-7-22-6-43-300x186.jpg";s:5:"width";i:300;s:6:"height";i:186;s:9:"mime-type";s:10:"image/jpeg";}s:12:"medium_large";a:4:{s:4:"file";s:36:"MOSHED-2018-12-7-22-6-43-768x477.jpg";s:5:"width";i:768;s:6:"height";i:477;s:9:"mime-type";s:10:"image/jpeg";}s:5:"large";a:4:{s:4:"file";s:37:"MOSHED-2018-12-7-22-6-43-1024x636.jpg";s:5:"width";i:1024;s:6:"height";i:636;s:9:"mime-type";s:10:"image/jpeg";}}s:10:"image_meta";a:12:{s:8:"aperture";s:1:"0";s:6:"credit";s:0:"";s:6:"camera";s:0:"";s:7:"caption";s:0:"";s:17:"created_timestamp";s:1:"0";s:9:"copyright";s:0:"";s:12:"focal_length";s:1:"0";s:3:"iso";s:1:"0";s:13:"shutter_speed";s:1:"0";s:5:"title";s:0:"";s:11:"orientation";s:1:"0";s:8:"keywords";a:0:{}}}]]></wp:meta_value>
		</wp:postmeta>
	</item>
</channel>
</rss>
