<?xml version="1.0" encoding="UTF-8" ?>
<!-- This is a WordPress eXtended RSS file generated by WordPress as an export of your site. -->
<!-- It contains information about your site's posts, pages, comments, categories, and other content. -->
<!-- You may use this file to transfer that content from one site to another. -->
<!-- This file is not intended to serve as a complete backup of your site. -->

<!-- To import this information into a WordPress site follow these steps: -->
<!-- 1. Log in to that site as an administrator. -->
<!-- 2. Go to Tools: Import in the WordPress admin panel. -->
<!-- 3. Install the "WordPress" importer from the list. -->
<!-- 4. Activate & Run Importer. -->
<!-- 5. Upload this file using the form provided on that page. -->
<!-- 6. You will first be asked to map the authors in this export file to users -->
<!--    on the site. For each author, you may choose to map to an -->
<!--    existing user on the site or to create a new user. -->
<!-- 7. WordPress will then import each of the posts, pages, comments, categories, etc. -->
<!--    contained in this file into your site. -->

<!-- generator="WordPress/5.0.2" created="2019-01-01 18:45" -->
<rss version="2.0"
	xmlns:excerpt="http://wordpress.org/export/1.2/excerpt/"
	xmlns:content="http://purl.org/rss/1.0/modules/content/"
	xmlns:wfw="http://wellformedweb.org/CommentAPI/"
	xmlns:dc="http://purl.org/dc/elements/1.1/"
	xmlns:wp="http://wordpress.org/export/1.2/"
>

<channel>
	<title>Earth Strike España</title>
	<link>http://earth-strike.com/es</link>
	<description>Un movimiento transversal para acabar con el cambio climático - 2019</description>
	<pubDate>Tue, 01 Jan 2019 18:45:33 +0000</pubDate>
	<language>es-ES</language>
	<wp:wxr_version>1.2</wp:wxr_version>
	<wp:base_site_url>http://earth-strike.com/</wp:base_site_url>
	<wp:base_blog_url>http://earth-strike.com/es</wp:base_blog_url>

	<wp:author><wp:author_id>1</wp:author_id><wp:author_login><![CDATA[Aron]]></wp:author_login><wp:author_email><![CDATA[aron@aronvanwilligen.nl]]></wp:author_email><wp:author_display_name><![CDATA[Earth Strike]]></wp:author_display_name><wp:author_first_name><![CDATA[]]></wp:author_first_name><wp:author_last_name><![CDATA[]]></wp:author_last_name></wp:author>
	<wp:author><wp:author_id>22</wp:author_id><wp:author_login><![CDATA[hperks]]></wp:author_login><wp:author_email><![CDATA[om8zen@gmail.com]]></wp:author_email><wp:author_display_name><![CDATA[hPerks]]></wp:author_display_name><wp:author_first_name><![CDATA[Owen]]></wp:author_first_name><wp:author_last_name><![CDATA[Maitzen]]></wp:author_last_name></wp:author>

	<wp:category>
		<wp:term_id>1</wp:term_id>
		<wp:category_nicename><![CDATA[uncategorized]]></wp:category_nicename>
		<wp:category_parent><![CDATA[]]></wp:category_parent>
		<wp:cat_name><![CDATA[Uncategorized]]></wp:cat_name>
	</wp:category>
	<wp:term><wp:term_id>2</wp:term_id><wp:term_taxonomy>nav_menu</wp:term_taxonomy><wp:term_slug><![CDATA[main-menu]]></wp:term_slug><wp:term_name><![CDATA[Main Menu]]></wp:term_name>
</wp:term>

	<generator>https://wordpress.org/?v=5.0.2</generator>

<image>
	<url>https://earth-strike.com/es/wp-content/uploads/sites/32/2018/11/cropped-EarthStrike-Logo-32x32.png</url>
	<title>Earth Strike España</title>
	<link>http://earth-strike.com/es</link>
	<width>32</width>
	<height>32</height>
</image> 

	<item>
		<title>Earth Strike</title>
		<link>http://earth-strike.com/es/</link>
		<pubDate>Mon, 12 Nov 2018 09:25:40 +0000</pubDate>
		<dc:creator><![CDATA[]]></dc:creator>
		<guid isPermaLink="false">http://earth-strike.com/earth-strike-2/?page_id=2</guid>
		<description></description>
		<content:encoded><![CDATA[<!-- wp:paragraph -->
<p>Bienvenido a #earthstrike – Huelga General para salvar el Planeta. </p>
<!-- /wp:paragraph -->

<!-- wp:paragraph -->
<p>Earth Strike es un movimiento activista de base que pretende presionar a los gobiernos y corporaciones alrederor del mundo para que tomen acción inmediata para así evitar los efectos irreversibles del cambio climático antes de que sea demasiado tarde, además de concienciar a la población sobre la crítica situación a la que el sistema nos ha llevado. </p>
<!-- /wp:paragraph -->

<!-- wp:paragraph -->
<p><a href="https://earth-strike.com/es/manifiesto/">Lee nuestro manifiesto aquí</a></p>
<!-- /wp:paragraph -->

<!-- wp:heading {"level":3} -->
<h3>Cambio Climático<br></h3>
<!-- /wp:heading -->

<!-- wp:paragraph -->
<p>La comunidad científica cuyo campo de estudio es el clima ha mostrado más allá de cualquiera duda que el clima en nuestro planeta está cambiando y la industria humana es un gran líder de este cambio. Esas tendencias son claramente visibles en varias mediciones climatológicas globales. Numerosos estudios y análisis han sido publicados por prestigiosas organizaciones científicas que muestran, sin lugar a duda, que si no reaccionamos ahora no solo nos compremeteremos a estos efectos del cambio climático que apreciamos hoy, sino que nos comprometeremos – junto a cada humano y animal del planeta – a empeorar esta catástrofe que resultará en una cuasi-exterminio</p>
<!-- /wp:paragraph -->

<!-- wp:heading {"level":3} -->
<h3>Nuestra agenda<br></h3>
<!-- /wp:heading -->

<!-- wp:paragraph -->
<p>El movimiento Earth Strike ha formado un plan de acción abarcando el año 2019 con 4 cuatro eventos internacionales principales. Los organizadores locales están animados a tomar cualquier oportunidad con sus grupos para llevar las protestas a la calle o a eventos locales para que el movimiento gane más reconocimiento.<br></p>
<!-- /wp:paragraph -->

<!-- wp:list {"ordered":true} -->
<ol><li><strong>15 de Enero, 2019&nbsp;</strong>– <strong><em>Protesta inicial de Earth Strike</em></strong>, el primer evento mundial tendrá a nuestros organizadores nacionales y locales involucrando a sus comunidades para comenzar el proceso de unir a grupos de personas en el campo para ver el movimiento avanzar hacia la huelga.</li><li><strong>27 de Abril, 2019</strong> – <strong><em>Protesta de medio camino</em></strong>, que ocurrirá el fin de semana justo después del Día de la Tierra, para simbolizar el la mitad de nuestra marcha hasta la Huelga. Organizantes y protestantes usarán la aproximación al Primero de Mayo para formar lazos más&nbsp; fuertes con sindicatos y organizaciones laborales que serán integrales para la reunión de un apoyo más extendido para la huelga.</li><li><strong>1 de Agosto, 2019</strong> – <strong><em>Protesta final pre-huelga</em></strong>, mantenida en el  Earth Overshoot Day del 2018 (del inglés, Día del Exceso Terrestre). Una protesta final antes del gran evento, que servirá para despertar las conciencias de aquellos que aún no se han unido.</li><li><strong>27 de Septiembre, 2019</strong> – <strong><em>Earth Strike!</em></strong> En el 57º aniversario de la publicación de "Primavera Silenciosa", el libro que inició el movimiento ecologista, celebraremos la Huelga General para Salvar el Planeta, o la Huelga de la Primavera Silenciosa!</li></ol>
<!-- /wp:list -->

<!-- wp:paragraph -->
<p>Para contactarnos, envía un e-mail a <a href="mailto:es@earth-strike.com">es@earth-strike.com</a>. Siquieres ayudar, visita la páigina <a href="https://earth-strike.com/get-involved/">Get involved!</a> .</p>
<!-- /wp:paragraph -->]]></content:encoded>
		<excerpt:encoded><![CDATA[]]></excerpt:encoded>
		<wp:post_id>2</wp:post_id>
		<wp:post_date><![CDATA[2018-11-12 09:25:40]]></wp:post_date>
		<wp:post_date_gmt><![CDATA[2018-11-12 09:25:40]]></wp:post_date_gmt>
		<wp:comment_status><![CDATA[closed]]></wp:comment_status>
		<wp:ping_status><![CDATA[closed]]></wp:ping_status>
		<wp:post_name><![CDATA[earth-strike]]></wp:post_name>
		<wp:status><![CDATA[publish]]></wp:status>
		<wp:post_parent>0</wp:post_parent>
		<wp:menu_order>0</wp:menu_order>
		<wp:post_type><![CDATA[page]]></wp:post_type>
		<wp:post_password><![CDATA[]]></wp:post_password>
		<wp:is_sticky>0</wp:is_sticky>
		<wp:postmeta>
			<wp:meta_key><![CDATA[_wp_page_template]]></wp:meta_key>
			<wp:meta_value><![CDATA[default]]></wp:meta_value>
		</wp:postmeta>
		<wp:postmeta>
			<wp:meta_key><![CDATA[_customify_content_layout]]></wp:meta_key>
			<wp:meta_value><![CDATA[]]></wp:meta_value>
		</wp:postmeta>
		<wp:postmeta>
			<wp:meta_key><![CDATA[_customify_sidebar]]></wp:meta_key>
			<wp:meta_value><![CDATA[]]></wp:meta_value>
		</wp:postmeta>
		<wp:postmeta>
			<wp:meta_key><![CDATA[_customify_disable_header]]></wp:meta_key>
			<wp:meta_value><![CDATA[]]></wp:meta_value>
		</wp:postmeta>
		<wp:postmeta>
			<wp:meta_key><![CDATA[_customify_disable_page_title]]></wp:meta_key>
			<wp:meta_value><![CDATA[]]></wp:meta_value>
		</wp:postmeta>
		<wp:postmeta>
			<wp:meta_key><![CDATA[_customify_disable_footer_main]]></wp:meta_key>
			<wp:meta_value><![CDATA[]]></wp:meta_value>
		</wp:postmeta>
		<wp:postmeta>
			<wp:meta_key><![CDATA[_customify_disable_footer_bottom]]></wp:meta_key>
			<wp:meta_value><![CDATA[]]></wp:meta_value>
		</wp:postmeta>
		<wp:postmeta>
			<wp:meta_key><![CDATA[_customify_page_header_display]]></wp:meta_key>
			<wp:meta_value><![CDATA[default]]></wp:meta_value>
		</wp:postmeta>
		<wp:postmeta>
			<wp:meta_key><![CDATA[_edit_last]]></wp:meta_key>
			<wp:meta_value><![CDATA[31]]></wp:meta_value>
		</wp:postmeta>
		<wp:postmeta>
			<wp:meta_key><![CDATA[_yoast_wpseo_content_score]]></wp:meta_key>
			<wp:meta_value><![CDATA[30]]></wp:meta_value>
		</wp:postmeta>
	</item>
	<item>
		<title>Declaración de Intenciones</title>
		<link>http://earth-strike.com/es/manifiesto/</link>
		<pubDate>Mon, 12 Nov 2018 09:33:22 +0000</pubDate>
		<dc:creator><![CDATA[Aron]]></dc:creator>
		<guid isPermaLink="false">http://earth-strike.com/earth-strike-2/?page_id=5</guid>
		<description></description>
		<content:encoded><![CDATA[<!-- wp:paragraph -->
<p>Los científicos más prestigiosos del mundo en el campo del cambio climático nos advirtieron de que tenemos hasta 2030 para prevenir aumentos de la temperatura media global que excedan los 1.2 grados. Eso es poco más que doce años, que en estándares medioambientales son un abrir y cerrar de ojos. Si dejamos que la temperatura suba por encima de los 2 grados Celsius los resultados serán catastróficos – el nivel del mar llegará a una situación imposible de contener, las olas de calor con sus incendios serán cada vez más comunes, agua potable será cada vez más escasa, siendo estos unos pocos ejemplos de los muchos más efectos devastadores.<br><br>El tiempo de actuar es ahora, antes de que sea demasiado tarde. De acuerdo al CDP’s Carbon Majors Report de 2017, el 71% de las emisiones globales de gases de efecto invernadero provienen de sólo 100 empresas. Está claro que los intereses de los grandes capitales no es el traer prosperidad a la raza humana. Por lo tanto, como una comunidad, debemos cambiar nuestro rumbo.<br><br>Es por esta razón que, el 15 de enero de 2019, celebraremos una huelga general de carácter internacional, y con sus protestas derivadas. Tenemos que hacer que los gobiernos del mundo y las grandes corporaciones se percaten de nuestra firme e inexpugnable determinación por tomar las riendas de un futuro próspero, y la mejor forma de hacerlo es el negarse a participar en los gobiernos y negocios. No habrán servicios bancarios ni oficinas llenas de empleados ni escuelas llenas de niños.<br><br>Pero, por supuesto, una huelga no es nada sin demandas. La amenaza del cambio climático alcanzó un punto de inflexión a pesar de sucesivos años de avisos, y el rumbo ha de ser cambiado. Este cambio será conseguido de la mano de la huelga general y sus protestas con estas demandas internacionales:</p>
<!-- /wp:paragraph -->

<!-- wp:list -->
<ul><li>Un inmediato comienzo en cooperación mundial para revertir el daño ya hecho al clima terrestre, mediante acuerdos inequívocos y vinculantes, por ambos líderes mundiales y entidades corporativas, siguiendo las proyecciones del IPCC de reducir a la mitad las emisiones netas de dióxido de carbono y cero emisiones netas para el 2050;</li><li>Acuerdos internacionales, inequívocos y vinculantes para detener la destrucción de las selvas tropicales y otros hábitats de vida salvaje.</li><li>Acuerdos internacionales, inequívocos y vinculantes diseñados para responsabilizar a las corporaciones de los gases de efecto invernadero que producen.</li></ul>
<!-- /wp:list -->

<!-- wp:paragraph -->
<p>Como ciudadanos de este planeta te pedimos tu participación en nuestro camino hacia los mejores intereses de nuestra especie y trabajar con nosotros para, a la vez, mitigar el daño y prepararnos para los efectos del cambio climático. ¡Promoved la palabra con protestas, organizad vuestra comunidad y luchad por el futuro!<br><br><strong>¡La Tierra deberá hacer huelga!</strong></p>
<!-- /wp:paragraph -->]]></content:encoded>
		<excerpt:encoded><![CDATA[]]></excerpt:encoded>
		<wp:post_id>5</wp:post_id>
		<wp:post_date><![CDATA[2018-11-12 09:33:22]]></wp:post_date>
		<wp:post_date_gmt><![CDATA[2018-11-12 09:33:22]]></wp:post_date_gmt>
		<wp:comment_status><![CDATA[closed]]></wp:comment_status>
		<wp:ping_status><![CDATA[closed]]></wp:ping_status>
		<wp:post_name><![CDATA[manifiesto]]></wp:post_name>
		<wp:status><![CDATA[publish]]></wp:status>
		<wp:post_parent>0</wp:post_parent>
		<wp:menu_order>0</wp:menu_order>
		<wp:post_type><![CDATA[page]]></wp:post_type>
		<wp:post_password><![CDATA[]]></wp:post_password>
		<wp:is_sticky>0</wp:is_sticky>
		<wp:postmeta>
			<wp:meta_key><![CDATA[_customify_content_layout]]></wp:meta_key>
			<wp:meta_value><![CDATA[]]></wp:meta_value>
		</wp:postmeta>
		<wp:postmeta>
			<wp:meta_key><![CDATA[_customify_sidebar]]></wp:meta_key>
			<wp:meta_value><![CDATA[]]></wp:meta_value>
		</wp:postmeta>
		<wp:postmeta>
			<wp:meta_key><![CDATA[_customify_disable_header]]></wp:meta_key>
			<wp:meta_value><![CDATA[]]></wp:meta_value>
		</wp:postmeta>
		<wp:postmeta>
			<wp:meta_key><![CDATA[_customify_disable_page_title]]></wp:meta_key>
			<wp:meta_value><![CDATA[]]></wp:meta_value>
		</wp:postmeta>
		<wp:postmeta>
			<wp:meta_key><![CDATA[_customify_disable_footer_main]]></wp:meta_key>
			<wp:meta_value><![CDATA[]]></wp:meta_value>
		</wp:postmeta>
		<wp:postmeta>
			<wp:meta_key><![CDATA[_customify_disable_footer_bottom]]></wp:meta_key>
			<wp:meta_value><![CDATA[]]></wp:meta_value>
		</wp:postmeta>
		<wp:postmeta>
			<wp:meta_key><![CDATA[_customify_page_header_display]]></wp:meta_key>
			<wp:meta_value><![CDATA[default]]></wp:meta_value>
		</wp:postmeta>
		<wp:postmeta>
			<wp:meta_key><![CDATA[_yoast_wpseo_content_score]]></wp:meta_key>
			<wp:meta_value><![CDATA[30]]></wp:meta_value>
		</wp:postmeta>
		<wp:postmeta>
			<wp:meta_key><![CDATA[_edit_last]]></wp:meta_key>
			<wp:meta_value><![CDATA[31]]></wp:meta_value>
		</wp:postmeta>
	</item>
	<item>
		<title>Events</title>
		<link>http://earth-strike.com/es/events/</link>
		<pubDate>Mon, 12 Nov 2018 09:33:35 +0000</pubDate>
		<dc:creator><![CDATA[Aron]]></dc:creator>
		<guid isPermaLink="false">http://earth-strike.com/earth-strike-2/?page_id=6</guid>
		<description></description>
		<content:encoded><![CDATA[]]></content:encoded>
		<excerpt:encoded><![CDATA[]]></excerpt:encoded>
		<wp:post_id>6</wp:post_id>
		<wp:post_date><![CDATA[2018-11-12 09:33:35]]></wp:post_date>
		<wp:post_date_gmt><![CDATA[2018-11-12 09:33:35]]></wp:post_date_gmt>
		<wp:comment_status><![CDATA[closed]]></wp:comment_status>
		<wp:ping_status><![CDATA[closed]]></wp:ping_status>
		<wp:post_name><![CDATA[events]]></wp:post_name>
		<wp:status><![CDATA[publish]]></wp:status>
		<wp:post_parent>0</wp:post_parent>
		<wp:menu_order>0</wp:menu_order>
		<wp:post_type><![CDATA[page]]></wp:post_type>
		<wp:post_password><![CDATA[]]></wp:post_password>
		<wp:is_sticky>0</wp:is_sticky>
	</item>
	<item>
		<title>Resources</title>
		<link>http://earth-strike.com/es/resources/</link>
		<pubDate>Mon, 12 Nov 2018 09:33:44 +0000</pubDate>
		<dc:creator><![CDATA[Aron]]></dc:creator>
		<guid isPermaLink="false">http://earth-strike.com/earth-strike-2/?page_id=7</guid>
		<description></description>
		<content:encoded><![CDATA[]]></content:encoded>
		<excerpt:encoded><![CDATA[]]></excerpt:encoded>
		<wp:post_id>7</wp:post_id>
		<wp:post_date><![CDATA[2018-11-12 09:33:44]]></wp:post_date>
		<wp:post_date_gmt><![CDATA[2018-11-12 09:33:44]]></wp:post_date_gmt>
		<wp:comment_status><![CDATA[closed]]></wp:comment_status>
		<wp:ping_status><![CDATA[closed]]></wp:ping_status>
		<wp:post_name><![CDATA[resources]]></wp:post_name>
		<wp:status><![CDATA[publish]]></wp:status>
		<wp:post_parent>0</wp:post_parent>
		<wp:menu_order>0</wp:menu_order>
		<wp:post_type><![CDATA[page]]></wp:post_type>
		<wp:post_password><![CDATA[]]></wp:post_password>
		<wp:is_sticky>0</wp:is_sticky>
	</item>
	<item>
		<title>Contact</title>
		<link>http://earth-strike.com/es/contact/</link>
		<pubDate>Mon, 12 Nov 2018 09:34:03 +0000</pubDate>
		<dc:creator><![CDATA[Aron]]></dc:creator>
		<guid isPermaLink="false">http://earth-strike.com/earth-strike-2/?page_id=8</guid>
		<description></description>
		<content:encoded><![CDATA[<!-- wp:paragraph -->
<p>Email: <a href="mailto:es@earth-strike.com">es@earth-strike.com</a></p>
<!-- /wp:paragraph -->]]></content:encoded>
		<excerpt:encoded><![CDATA[]]></excerpt:encoded>
		<wp:post_id>8</wp:post_id>
		<wp:post_date><![CDATA[2018-11-12 09:34:03]]></wp:post_date>
		<wp:post_date_gmt><![CDATA[2018-11-12 09:34:03]]></wp:post_date_gmt>
		<wp:comment_status><![CDATA[closed]]></wp:comment_status>
		<wp:ping_status><![CDATA[closed]]></wp:ping_status>
		<wp:post_name><![CDATA[contact]]></wp:post_name>
		<wp:status><![CDATA[publish]]></wp:status>
		<wp:post_parent>0</wp:post_parent>
		<wp:menu_order>0</wp:menu_order>
		<wp:post_type><![CDATA[page]]></wp:post_type>
		<wp:post_password><![CDATA[]]></wp:post_password>
		<wp:is_sticky>0</wp:is_sticky>
		<wp:postmeta>
			<wp:meta_key><![CDATA[_edit_last]]></wp:meta_key>
			<wp:meta_value><![CDATA[1]]></wp:meta_value>
		</wp:postmeta>
		<wp:postmeta>
			<wp:meta_key><![CDATA[_customify_content_layout]]></wp:meta_key>
			<wp:meta_value><![CDATA[]]></wp:meta_value>
		</wp:postmeta>
		<wp:postmeta>
			<wp:meta_key><![CDATA[_customify_sidebar]]></wp:meta_key>
			<wp:meta_value><![CDATA[]]></wp:meta_value>
		</wp:postmeta>
		<wp:postmeta>
			<wp:meta_key><![CDATA[_customify_disable_header]]></wp:meta_key>
			<wp:meta_value><![CDATA[]]></wp:meta_value>
		</wp:postmeta>
		<wp:postmeta>
			<wp:meta_key><![CDATA[_customify_disable_page_title]]></wp:meta_key>
			<wp:meta_value><![CDATA[]]></wp:meta_value>
		</wp:postmeta>
		<wp:postmeta>
			<wp:meta_key><![CDATA[_customify_disable_footer_main]]></wp:meta_key>
			<wp:meta_value><![CDATA[]]></wp:meta_value>
		</wp:postmeta>
		<wp:postmeta>
			<wp:meta_key><![CDATA[_customify_disable_footer_bottom]]></wp:meta_key>
			<wp:meta_value><![CDATA[]]></wp:meta_value>
		</wp:postmeta>
		<wp:postmeta>
			<wp:meta_key><![CDATA[_customify_page_header_display]]></wp:meta_key>
			<wp:meta_value><![CDATA[default]]></wp:meta_value>
		</wp:postmeta>
		<wp:postmeta>
			<wp:meta_key><![CDATA[_yoast_wpseo_content_score]]></wp:meta_key>
			<wp:meta_value><![CDATA[30]]></wp:meta_value>
		</wp:postmeta>
	</item>
	<item>
		<title>Get involved!</title>
		<link>http://earth-strike.com/es/get-involved/</link>
		<pubDate>Mon, 12 Nov 2018 09:34:30 +0000</pubDate>
		<dc:creator><![CDATA[Aron]]></dc:creator>
		<guid isPermaLink="false">http://earth-strike.com/earth-strike-2/?page_id=9</guid>
		<description></description>
		<content:encoded><![CDATA[<!-- wp:paragraph -->
<p>Print fliers and posters (see Resources)</p>
<!-- /wp:paragraph -->

<!-- wp:paragraph -->
<p>Check out events on the Events page. Contact the national organizer (Contact page) to organize your own event</p>
<!-- /wp:paragraph -->

<!-- wp:paragraph -->
<p>Join our <a href="https://discord.gg/JAqJ7tB">Discord</a>.</p>
<!-- /wp:paragraph -->]]></content:encoded>
		<excerpt:encoded><![CDATA[]]></excerpt:encoded>
		<wp:post_id>9</wp:post_id>
		<wp:post_date><![CDATA[2018-11-12 09:34:30]]></wp:post_date>
		<wp:post_date_gmt><![CDATA[2018-11-12 09:34:30]]></wp:post_date_gmt>
		<wp:comment_status><![CDATA[closed]]></wp:comment_status>
		<wp:ping_status><![CDATA[closed]]></wp:ping_status>
		<wp:post_name><![CDATA[get-involved]]></wp:post_name>
		<wp:status><![CDATA[publish]]></wp:status>
		<wp:post_parent>0</wp:post_parent>
		<wp:menu_order>0</wp:menu_order>
		<wp:post_type><![CDATA[page]]></wp:post_type>
		<wp:post_password><![CDATA[]]></wp:post_password>
		<wp:is_sticky>0</wp:is_sticky>
		<wp:postmeta>
			<wp:meta_key><![CDATA[_customify_content_layout]]></wp:meta_key>
			<wp:meta_value><![CDATA[]]></wp:meta_value>
		</wp:postmeta>
		<wp:postmeta>
			<wp:meta_key><![CDATA[_customify_sidebar]]></wp:meta_key>
			<wp:meta_value><![CDATA[]]></wp:meta_value>
		</wp:postmeta>
		<wp:postmeta>
			<wp:meta_key><![CDATA[_customify_disable_header]]></wp:meta_key>
			<wp:meta_value><![CDATA[]]></wp:meta_value>
		</wp:postmeta>
		<wp:postmeta>
			<wp:meta_key><![CDATA[_customify_disable_page_title]]></wp:meta_key>
			<wp:meta_value><![CDATA[]]></wp:meta_value>
		</wp:postmeta>
		<wp:postmeta>
			<wp:meta_key><![CDATA[_customify_disable_footer_main]]></wp:meta_key>
			<wp:meta_value><![CDATA[]]></wp:meta_value>
		</wp:postmeta>
		<wp:postmeta>
			<wp:meta_key><![CDATA[_customify_disable_footer_bottom]]></wp:meta_key>
			<wp:meta_value><![CDATA[]]></wp:meta_value>
		</wp:postmeta>
		<wp:postmeta>
			<wp:meta_key><![CDATA[_customify_page_header_display]]></wp:meta_key>
			<wp:meta_value><![CDATA[default]]></wp:meta_value>
		</wp:postmeta>
	</item>
	<item>
		<title>EarthStrike Logo</title>
		<link>http://earth-strike.com/es/earthstrike-logo/</link>
		<pubDate>Mon, 12 Nov 2018 09:35:43 +0000</pubDate>
		<dc:creator><![CDATA[Aron]]></dc:creator>
		<guid isPermaLink="false">https://earth-strike.com/earth-strike-2/wp-content/uploads/sites/32/2018/11/EarthStrike-Logo.png</guid>
		<description></description>
		<content:encoded><![CDATA[]]></content:encoded>
		<excerpt:encoded><![CDATA[]]></excerpt:encoded>
		<wp:post_id>10</wp:post_id>
		<wp:post_date><![CDATA[2018-11-12 09:35:43]]></wp:post_date>
		<wp:post_date_gmt><![CDATA[2018-11-12 09:35:43]]></wp:post_date_gmt>
		<wp:comment_status><![CDATA[open]]></wp:comment_status>
		<wp:ping_status><![CDATA[closed]]></wp:ping_status>
		<wp:post_name><![CDATA[earthstrike-logo]]></wp:post_name>
		<wp:status><![CDATA[inherit]]></wp:status>
		<wp:post_parent>0</wp:post_parent>
		<wp:menu_order>0</wp:menu_order>
		<wp:post_type><![CDATA[attachment]]></wp:post_type>
		<wp:post_password><![CDATA[]]></wp:post_password>
		<wp:is_sticky>0</wp:is_sticky>
		<wp:attachment_url><![CDATA[https://earth-strike.com/es/wp-content/uploads/sites/32/2018/11/EarthStrike-Logo.png]]></wp:attachment_url>
		<wp:postmeta>
			<wp:meta_key><![CDATA[_wp_attached_file]]></wp:meta_key>
			<wp:meta_value><![CDATA[2018/11/EarthStrike-Logo.png]]></wp:meta_value>
		</wp:postmeta>
		<wp:postmeta>
			<wp:meta_key><![CDATA[_wp_attachment_metadata]]></wp:meta_key>
			<wp:meta_value><![CDATA[a:5:{s:5:"width";i:1200;s:6:"height";i:1200;s:4:"file";s:28:"2018/11/EarthStrike-Logo.png";s:5:"sizes";a:4:{s:9:"thumbnail";a:4:{s:4:"file";s:28:"EarthStrike-Logo-150x150.png";s:5:"width";i:150;s:6:"height";i:150;s:9:"mime-type";s:9:"image/png";}s:6:"medium";a:4:{s:4:"file";s:28:"EarthStrike-Logo-300x300.png";s:5:"width";i:300;s:6:"height";i:300;s:9:"mime-type";s:9:"image/png";}s:12:"medium_large";a:4:{s:4:"file";s:28:"EarthStrike-Logo-768x768.png";s:5:"width";i:768;s:6:"height";i:768;s:9:"mime-type";s:9:"image/png";}s:5:"large";a:4:{s:4:"file";s:30:"EarthStrike-Logo-1024x1024.png";s:5:"width";i:1024;s:6:"height";i:1024;s:9:"mime-type";s:9:"image/png";}}s:10:"image_meta";a:12:{s:8:"aperture";s:1:"0";s:6:"credit";s:0:"";s:6:"camera";s:0:"";s:7:"caption";s:0:"";s:17:"created_timestamp";s:1:"0";s:9:"copyright";s:0:"";s:12:"focal_length";s:1:"0";s:3:"iso";s:1:"0";s:13:"shutter_speed";s:1:"0";s:5:"title";s:0:"";s:11:"orientation";s:1:"0";s:8:"keywords";a:0:{}}}]]></wp:meta_value>
		</wp:postmeta>
	</item>
	<item>
		<title>cropped-EarthStrike-Logo.png</title>
		<link>http://earth-strike.com/es/cropped-earthstrike-logo-png/</link>
		<pubDate>Mon, 12 Nov 2018 09:36:00 +0000</pubDate>
		<dc:creator><![CDATA[Aron]]></dc:creator>
		<guid isPermaLink="false">https://earth-strike.com/earth-strike-2/wp-content/uploads/sites/32/2018/11/cropped-EarthStrike-Logo.png</guid>
		<description></description>
		<content:encoded><![CDATA[https://earth-strike.com/earth-strike-2/wp-content/uploads/sites/32/2018/11/cropped-EarthStrike-Logo.png]]></content:encoded>
		<excerpt:encoded><![CDATA[]]></excerpt:encoded>
		<wp:post_id>11</wp:post_id>
		<wp:post_date><![CDATA[2018-11-12 09:36:00]]></wp:post_date>
		<wp:post_date_gmt><![CDATA[2018-11-12 09:36:00]]></wp:post_date_gmt>
		<wp:comment_status><![CDATA[open]]></wp:comment_status>
		<wp:ping_status><![CDATA[closed]]></wp:ping_status>
		<wp:post_name><![CDATA[cropped-earthstrike-logo-png]]></wp:post_name>
		<wp:status><![CDATA[inherit]]></wp:status>
		<wp:post_parent>0</wp:post_parent>
		<wp:menu_order>0</wp:menu_order>
		<wp:post_type><![CDATA[attachment]]></wp:post_type>
		<wp:post_password><![CDATA[]]></wp:post_password>
		<wp:is_sticky>0</wp:is_sticky>
		<wp:attachment_url><![CDATA[https://earth-strike.com/es/wp-content/uploads/sites/32/2018/11/cropped-EarthStrike-Logo.png]]></wp:attachment_url>
		<wp:postmeta>
			<wp:meta_key><![CDATA[_wp_attached_file]]></wp:meta_key>
			<wp:meta_value><![CDATA[2018/11/cropped-EarthStrike-Logo.png]]></wp:meta_value>
		</wp:postmeta>
		<wp:postmeta>
			<wp:meta_key><![CDATA[_wp_attachment_context]]></wp:meta_key>
			<wp:meta_value><![CDATA[site-icon]]></wp:meta_value>
		</wp:postmeta>
		<wp:postmeta>
			<wp:meta_key><![CDATA[_wp_attachment_metadata]]></wp:meta_key>
			<wp:meta_value><![CDATA[a:5:{s:5:"width";i:512;s:6:"height";i:512;s:4:"file";s:36:"2018/11/cropped-EarthStrike-Logo.png";s:5:"sizes";a:6:{s:9:"thumbnail";a:4:{s:4:"file";s:36:"cropped-EarthStrike-Logo-150x150.png";s:5:"width";i:150;s:6:"height";i:150;s:9:"mime-type";s:9:"image/png";}s:6:"medium";a:4:{s:4:"file";s:36:"cropped-EarthStrike-Logo-300x300.png";s:5:"width";i:300;s:6:"height";i:300;s:9:"mime-type";s:9:"image/png";}s:13:"site_icon-270";a:4:{s:4:"file";s:36:"cropped-EarthStrike-Logo-270x270.png";s:5:"width";i:270;s:6:"height";i:270;s:9:"mime-type";s:9:"image/png";}s:13:"site_icon-192";a:4:{s:4:"file";s:36:"cropped-EarthStrike-Logo-192x192.png";s:5:"width";i:192;s:6:"height";i:192;s:9:"mime-type";s:9:"image/png";}s:13:"site_icon-180";a:4:{s:4:"file";s:36:"cropped-EarthStrike-Logo-180x180.png";s:5:"width";i:180;s:6:"height";i:180;s:9:"mime-type";s:9:"image/png";}s:12:"site_icon-32";a:4:{s:4:"file";s:34:"cropped-EarthStrike-Logo-32x32.png";s:5:"width";i:32;s:6:"height";i:32;s:9:"mime-type";s:9:"image/png";}}s:10:"image_meta";a:12:{s:8:"aperture";s:1:"0";s:6:"credit";s:0:"";s:6:"camera";s:0:"";s:7:"caption";s:0:"";s:17:"created_timestamp";s:1:"0";s:9:"copyright";s:0:"";s:12:"focal_length";s:1:"0";s:3:"iso";s:1:"0";s:13:"shutter_speed";s:1:"0";s:5:"title";s:0:"";s:11:"orientation";s:1:"0";s:8:"keywords";a:0:{}}}]]></wp:meta_value>
		</wp:postmeta>
	</item>
	<item>
		<title></title>
		<link>http://earth-strike.com/es/?p=15</link>
		<pubDate>Mon, 30 Nov -0001 00:00:00 +0000</pubDate>
		<dc:creator><![CDATA[Aron]]></dc:creator>
		<guid isPermaLink="false">http://earth-strike.com/earth-strike-2/?p=15</guid>
		<description></description>
		<content:encoded><![CDATA[ ]]></content:encoded>
		<excerpt:encoded><![CDATA[]]></excerpt:encoded>
		<wp:post_id>15</wp:post_id>
		<wp:post_date><![CDATA[2018-11-12 09:38:23]]></wp:post_date>
		<wp:post_date_gmt><![CDATA[0000-00-00 00:00:00]]></wp:post_date_gmt>
		<wp:comment_status><![CDATA[closed]]></wp:comment_status>
		<wp:ping_status><![CDATA[closed]]></wp:ping_status>
		<wp:post_name><![CDATA[]]></wp:post_name>
		<wp:status><![CDATA[draft]]></wp:status>
		<wp:post_parent>0</wp:post_parent>
		<wp:menu_order>1</wp:menu_order>
		<wp:post_type><![CDATA[nav_menu_item]]></wp:post_type>
		<wp:post_password><![CDATA[]]></wp:post_password>
		<wp:is_sticky>0</wp:is_sticky>
		<wp:postmeta>
			<wp:meta_key><![CDATA[_menu_item_type]]></wp:meta_key>
			<wp:meta_value><![CDATA[post_type]]></wp:meta_value>
		</wp:postmeta>
		<wp:postmeta>
			<wp:meta_key><![CDATA[_menu_item_menu_item_parent]]></wp:meta_key>
			<wp:meta_value><![CDATA[0]]></wp:meta_value>
		</wp:postmeta>
		<wp:postmeta>
			<wp:meta_key><![CDATA[_menu_item_object_id]]></wp:meta_key>
			<wp:meta_value><![CDATA[2]]></wp:meta_value>
		</wp:postmeta>
		<wp:postmeta>
			<wp:meta_key><![CDATA[_menu_item_object]]></wp:meta_key>
			<wp:meta_value><![CDATA[page]]></wp:meta_value>
		</wp:postmeta>
		<wp:postmeta>
			<wp:meta_key><![CDATA[_menu_item_target]]></wp:meta_key>
			<wp:meta_value><![CDATA[]]></wp:meta_value>
		</wp:postmeta>
		<wp:postmeta>
			<wp:meta_key><![CDATA[_menu_item_classes]]></wp:meta_key>
			<wp:meta_value><![CDATA[a:1:{i:0;s:0:"";}]]></wp:meta_value>
		</wp:postmeta>
		<wp:postmeta>
			<wp:meta_key><![CDATA[_menu_item_xfn]]></wp:meta_key>
			<wp:meta_value><![CDATA[]]></wp:meta_value>
		</wp:postmeta>
		<wp:postmeta>
			<wp:meta_key><![CDATA[_menu_item_url]]></wp:meta_key>
			<wp:meta_value><![CDATA[]]></wp:meta_value>
		</wp:postmeta>
		<wp:postmeta>
			<wp:meta_key><![CDATA[_menu_item_orphaned]]></wp:meta_key>
			<wp:meta_value><![CDATA[1542015503]]></wp:meta_value>
		</wp:postmeta>
	</item>
	<item>
		<title></title>
		<link>http://earth-strike.com/es/2018/11/12/16/</link>
		<pubDate>Mon, 12 Nov 2018 09:38:59 +0000</pubDate>
		<dc:creator><![CDATA[Aron]]></dc:creator>
		<guid isPermaLink="false">http://earth-strike.com/earth-strike-2/?p=16</guid>
		<description></description>
		<content:encoded><![CDATA[ ]]></content:encoded>
		<excerpt:encoded><![CDATA[]]></excerpt:encoded>
		<wp:post_id>16</wp:post_id>
		<wp:post_date><![CDATA[2018-11-12 09:38:59]]></wp:post_date>
		<wp:post_date_gmt><![CDATA[2018-11-12 09:38:59]]></wp:post_date_gmt>
		<wp:comment_status><![CDATA[closed]]></wp:comment_status>
		<wp:ping_status><![CDATA[closed]]></wp:ping_status>
		<wp:post_name><![CDATA[16]]></wp:post_name>
		<wp:status><![CDATA[publish]]></wp:status>
		<wp:post_parent>0</wp:post_parent>
		<wp:menu_order>6</wp:menu_order>
		<wp:post_type><![CDATA[nav_menu_item]]></wp:post_type>
		<wp:post_password><![CDATA[]]></wp:post_password>
		<wp:is_sticky>0</wp:is_sticky>
		<category domain="nav_menu" nicename="main-menu"><![CDATA[Main Menu]]></category>
		<wp:postmeta>
			<wp:meta_key><![CDATA[_menu_item_type]]></wp:meta_key>
			<wp:meta_value><![CDATA[post_type]]></wp:meta_value>
		</wp:postmeta>
		<wp:postmeta>
			<wp:meta_key><![CDATA[_menu_item_menu_item_parent]]></wp:meta_key>
			<wp:meta_value><![CDATA[0]]></wp:meta_value>
		</wp:postmeta>
		<wp:postmeta>
			<wp:meta_key><![CDATA[_menu_item_object_id]]></wp:meta_key>
			<wp:meta_value><![CDATA[8]]></wp:meta_value>
		</wp:postmeta>
		<wp:postmeta>
			<wp:meta_key><![CDATA[_menu_item_object]]></wp:meta_key>
			<wp:meta_value><![CDATA[page]]></wp:meta_value>
		</wp:postmeta>
		<wp:postmeta>
			<wp:meta_key><![CDATA[_menu_item_target]]></wp:meta_key>
			<wp:meta_value><![CDATA[]]></wp:meta_value>
		</wp:postmeta>
		<wp:postmeta>
			<wp:meta_key><![CDATA[_menu_item_classes]]></wp:meta_key>
			<wp:meta_value><![CDATA[a:1:{i:0;s:0:"";}]]></wp:meta_value>
		</wp:postmeta>
		<wp:postmeta>
			<wp:meta_key><![CDATA[_menu_item_xfn]]></wp:meta_key>
			<wp:meta_value><![CDATA[]]></wp:meta_value>
		</wp:postmeta>
		<wp:postmeta>
			<wp:meta_key><![CDATA[_menu_item_url]]></wp:meta_key>
			<wp:meta_value><![CDATA[]]></wp:meta_value>
		</wp:postmeta>
	</item>
	<item>
		<title></title>
		<link>http://earth-strike.com/es/2018/11/12/17/</link>
		<pubDate>Mon, 12 Nov 2018 09:38:58 +0000</pubDate>
		<dc:creator><![CDATA[Aron]]></dc:creator>
		<guid isPermaLink="false">http://earth-strike.com/earth-strike-2/?p=17</guid>
		<description></description>
		<content:encoded><![CDATA[ ]]></content:encoded>
		<excerpt:encoded><![CDATA[]]></excerpt:encoded>
		<wp:post_id>17</wp:post_id>
		<wp:post_date><![CDATA[2018-11-12 09:38:58]]></wp:post_date>
		<wp:post_date_gmt><![CDATA[2018-11-12 09:38:58]]></wp:post_date_gmt>
		<wp:comment_status><![CDATA[closed]]></wp:comment_status>
		<wp:ping_status><![CDATA[closed]]></wp:ping_status>
		<wp:post_name><![CDATA[17]]></wp:post_name>
		<wp:status><![CDATA[publish]]></wp:status>
		<wp:post_parent>0</wp:post_parent>
		<wp:menu_order>1</wp:menu_order>
		<wp:post_type><![CDATA[nav_menu_item]]></wp:post_type>
		<wp:post_password><![CDATA[]]></wp:post_password>
		<wp:is_sticky>0</wp:is_sticky>
		<category domain="nav_menu" nicename="main-menu"><![CDATA[Main Menu]]></category>
		<wp:postmeta>
			<wp:meta_key><![CDATA[_menu_item_type]]></wp:meta_key>
			<wp:meta_value><![CDATA[post_type]]></wp:meta_value>
		</wp:postmeta>
		<wp:postmeta>
			<wp:meta_key><![CDATA[_menu_item_menu_item_parent]]></wp:meta_key>
			<wp:meta_value><![CDATA[0]]></wp:meta_value>
		</wp:postmeta>
		<wp:postmeta>
			<wp:meta_key><![CDATA[_menu_item_object_id]]></wp:meta_key>
			<wp:meta_value><![CDATA[2]]></wp:meta_value>
		</wp:postmeta>
		<wp:postmeta>
			<wp:meta_key><![CDATA[_menu_item_object]]></wp:meta_key>
			<wp:meta_value><![CDATA[page]]></wp:meta_value>
		</wp:postmeta>
		<wp:postmeta>
			<wp:meta_key><![CDATA[_menu_item_target]]></wp:meta_key>
			<wp:meta_value><![CDATA[]]></wp:meta_value>
		</wp:postmeta>
		<wp:postmeta>
			<wp:meta_key><![CDATA[_menu_item_classes]]></wp:meta_key>
			<wp:meta_value><![CDATA[a:1:{i:0;s:0:"";}]]></wp:meta_value>
		</wp:postmeta>
		<wp:postmeta>
			<wp:meta_key><![CDATA[_menu_item_xfn]]></wp:meta_key>
			<wp:meta_value><![CDATA[]]></wp:meta_value>
		</wp:postmeta>
		<wp:postmeta>
			<wp:meta_key><![CDATA[_menu_item_url]]></wp:meta_key>
			<wp:meta_value><![CDATA[]]></wp:meta_value>
		</wp:postmeta>
	</item>
	<item>
		<title></title>
		<link>http://earth-strike.com/es/2018/11/12/18/</link>
		<pubDate>Mon, 12 Nov 2018 09:38:59 +0000</pubDate>
		<dc:creator><![CDATA[Aron]]></dc:creator>
		<guid isPermaLink="false">http://earth-strike.com/earth-strike-2/?p=18</guid>
		<description></description>
		<content:encoded><![CDATA[ ]]></content:encoded>
		<excerpt:encoded><![CDATA[]]></excerpt:encoded>
		<wp:post_id>18</wp:post_id>
		<wp:post_date><![CDATA[2018-11-12 09:38:59]]></wp:post_date>
		<wp:post_date_gmt><![CDATA[2018-11-12 09:38:59]]></wp:post_date_gmt>
		<wp:comment_status><![CDATA[closed]]></wp:comment_status>
		<wp:ping_status><![CDATA[closed]]></wp:ping_status>
		<wp:post_name><![CDATA[18]]></wp:post_name>
		<wp:status><![CDATA[publish]]></wp:status>
		<wp:post_parent>0</wp:post_parent>
		<wp:menu_order>4</wp:menu_order>
		<wp:post_type><![CDATA[nav_menu_item]]></wp:post_type>
		<wp:post_password><![CDATA[]]></wp:post_password>
		<wp:is_sticky>0</wp:is_sticky>
		<category domain="nav_menu" nicename="main-menu"><![CDATA[Main Menu]]></category>
		<wp:postmeta>
			<wp:meta_key><![CDATA[_menu_item_type]]></wp:meta_key>
			<wp:meta_value><![CDATA[post_type]]></wp:meta_value>
		</wp:postmeta>
		<wp:postmeta>
			<wp:meta_key><![CDATA[_menu_item_menu_item_parent]]></wp:meta_key>
			<wp:meta_value><![CDATA[19]]></wp:meta_value>
		</wp:postmeta>
		<wp:postmeta>
			<wp:meta_key><![CDATA[_menu_item_object_id]]></wp:meta_key>
			<wp:meta_value><![CDATA[6]]></wp:meta_value>
		</wp:postmeta>
		<wp:postmeta>
			<wp:meta_key><![CDATA[_menu_item_object]]></wp:meta_key>
			<wp:meta_value><![CDATA[page]]></wp:meta_value>
		</wp:postmeta>
		<wp:postmeta>
			<wp:meta_key><![CDATA[_menu_item_target]]></wp:meta_key>
			<wp:meta_value><![CDATA[]]></wp:meta_value>
		</wp:postmeta>
		<wp:postmeta>
			<wp:meta_key><![CDATA[_menu_item_classes]]></wp:meta_key>
			<wp:meta_value><![CDATA[a:1:{i:0;s:0:"";}]]></wp:meta_value>
		</wp:postmeta>
		<wp:postmeta>
			<wp:meta_key><![CDATA[_menu_item_xfn]]></wp:meta_key>
			<wp:meta_value><![CDATA[]]></wp:meta_value>
		</wp:postmeta>
		<wp:postmeta>
			<wp:meta_key><![CDATA[_menu_item_url]]></wp:meta_key>
			<wp:meta_value><![CDATA[]]></wp:meta_value>
		</wp:postmeta>
	</item>
	<item>
		<title></title>
		<link>http://earth-strike.com/es/2018/11/12/19/</link>
		<pubDate>Mon, 12 Nov 2018 09:38:59 +0000</pubDate>
		<dc:creator><![CDATA[Aron]]></dc:creator>
		<guid isPermaLink="false">http://earth-strike.com/earth-strike-2/?p=19</guid>
		<description></description>
		<content:encoded><![CDATA[ ]]></content:encoded>
		<excerpt:encoded><![CDATA[]]></excerpt:encoded>
		<wp:post_id>19</wp:post_id>
		<wp:post_date><![CDATA[2018-11-12 09:38:59]]></wp:post_date>
		<wp:post_date_gmt><![CDATA[2018-11-12 09:38:59]]></wp:post_date_gmt>
		<wp:comment_status><![CDATA[closed]]></wp:comment_status>
		<wp:ping_status><![CDATA[closed]]></wp:ping_status>
		<wp:post_name><![CDATA[19]]></wp:post_name>
		<wp:status><![CDATA[publish]]></wp:status>
		<wp:post_parent>0</wp:post_parent>
		<wp:menu_order>3</wp:menu_order>
		<wp:post_type><![CDATA[nav_menu_item]]></wp:post_type>
		<wp:post_password><![CDATA[]]></wp:post_password>
		<wp:is_sticky>0</wp:is_sticky>
		<category domain="nav_menu" nicename="main-menu"><![CDATA[Main Menu]]></category>
		<wp:postmeta>
			<wp:meta_key><![CDATA[_menu_item_type]]></wp:meta_key>
			<wp:meta_value><![CDATA[post_type]]></wp:meta_value>
		</wp:postmeta>
		<wp:postmeta>
			<wp:meta_key><![CDATA[_menu_item_menu_item_parent]]></wp:meta_key>
			<wp:meta_value><![CDATA[0]]></wp:meta_value>
		</wp:postmeta>
		<wp:postmeta>
			<wp:meta_key><![CDATA[_menu_item_object_id]]></wp:meta_key>
			<wp:meta_value><![CDATA[9]]></wp:meta_value>
		</wp:postmeta>
		<wp:postmeta>
			<wp:meta_key><![CDATA[_menu_item_object]]></wp:meta_key>
			<wp:meta_value><![CDATA[page]]></wp:meta_value>
		</wp:postmeta>
		<wp:postmeta>
			<wp:meta_key><![CDATA[_menu_item_target]]></wp:meta_key>
			<wp:meta_value><![CDATA[]]></wp:meta_value>
		</wp:postmeta>
		<wp:postmeta>
			<wp:meta_key><![CDATA[_menu_item_classes]]></wp:meta_key>
			<wp:meta_value><![CDATA[a:1:{i:0;s:0:"";}]]></wp:meta_value>
		</wp:postmeta>
		<wp:postmeta>
			<wp:meta_key><![CDATA[_menu_item_xfn]]></wp:meta_key>
			<wp:meta_value><![CDATA[]]></wp:meta_value>
		</wp:postmeta>
		<wp:postmeta>
			<wp:meta_key><![CDATA[_menu_item_url]]></wp:meta_key>
			<wp:meta_value><![CDATA[]]></wp:meta_value>
		</wp:postmeta>
	</item>
	<item>
		<title></title>
		<link>http://earth-strike.com/es/2018/11/12/20/</link>
		<pubDate>Mon, 12 Nov 2018 09:38:59 +0000</pubDate>
		<dc:creator><![CDATA[Aron]]></dc:creator>
		<guid isPermaLink="false">http://earth-strike.com/earth-strike-2/?p=20</guid>
		<description></description>
		<content:encoded><![CDATA[ ]]></content:encoded>
		<excerpt:encoded><![CDATA[]]></excerpt:encoded>
		<wp:post_id>20</wp:post_id>
		<wp:post_date><![CDATA[2018-11-12 09:38:59]]></wp:post_date>
		<wp:post_date_gmt><![CDATA[2018-11-12 09:38:59]]></wp:post_date_gmt>
		<wp:comment_status><![CDATA[closed]]></wp:comment_status>
		<wp:ping_status><![CDATA[closed]]></wp:ping_status>
		<wp:post_name><![CDATA[20]]></wp:post_name>
		<wp:status><![CDATA[publish]]></wp:status>
		<wp:post_parent>0</wp:post_parent>
		<wp:menu_order>2</wp:menu_order>
		<wp:post_type><![CDATA[nav_menu_item]]></wp:post_type>
		<wp:post_password><![CDATA[]]></wp:post_password>
		<wp:is_sticky>0</wp:is_sticky>
		<category domain="nav_menu" nicename="main-menu"><![CDATA[Main Menu]]></category>
		<wp:postmeta>
			<wp:meta_key><![CDATA[_menu_item_type]]></wp:meta_key>
			<wp:meta_value><![CDATA[post_type]]></wp:meta_value>
		</wp:postmeta>
		<wp:postmeta>
			<wp:meta_key><![CDATA[_menu_item_menu_item_parent]]></wp:meta_key>
			<wp:meta_value><![CDATA[0]]></wp:meta_value>
		</wp:postmeta>
		<wp:postmeta>
			<wp:meta_key><![CDATA[_menu_item_object_id]]></wp:meta_key>
			<wp:meta_value><![CDATA[5]]></wp:meta_value>
		</wp:postmeta>
		<wp:postmeta>
			<wp:meta_key><![CDATA[_menu_item_object]]></wp:meta_key>
			<wp:meta_value><![CDATA[page]]></wp:meta_value>
		</wp:postmeta>
		<wp:postmeta>
			<wp:meta_key><![CDATA[_menu_item_target]]></wp:meta_key>
			<wp:meta_value><![CDATA[]]></wp:meta_value>
		</wp:postmeta>
		<wp:postmeta>
			<wp:meta_key><![CDATA[_menu_item_classes]]></wp:meta_key>
			<wp:meta_value><![CDATA[a:1:{i:0;s:0:"";}]]></wp:meta_value>
		</wp:postmeta>
		<wp:postmeta>
			<wp:meta_key><![CDATA[_menu_item_xfn]]></wp:meta_key>
			<wp:meta_value><![CDATA[]]></wp:meta_value>
		</wp:postmeta>
		<wp:postmeta>
			<wp:meta_key><![CDATA[_menu_item_url]]></wp:meta_key>
			<wp:meta_value><![CDATA[]]></wp:meta_value>
		</wp:postmeta>
	</item>
	<item>
		<title></title>
		<link>http://earth-strike.com/es/2018/11/12/21/</link>
		<pubDate>Mon, 12 Nov 2018 09:38:59 +0000</pubDate>
		<dc:creator><![CDATA[Aron]]></dc:creator>
		<guid isPermaLink="false">http://earth-strike.com/earth-strike-2/?p=21</guid>
		<description></description>
		<content:encoded><![CDATA[ ]]></content:encoded>
		<excerpt:encoded><![CDATA[]]></excerpt:encoded>
		<wp:post_id>21</wp:post_id>
		<wp:post_date><![CDATA[2018-11-12 09:38:59]]></wp:post_date>
		<wp:post_date_gmt><![CDATA[2018-11-12 09:38:59]]></wp:post_date_gmt>
		<wp:comment_status><![CDATA[closed]]></wp:comment_status>
		<wp:ping_status><![CDATA[closed]]></wp:ping_status>
		<wp:post_name><![CDATA[21]]></wp:post_name>
		<wp:status><![CDATA[publish]]></wp:status>
		<wp:post_parent>0</wp:post_parent>
		<wp:menu_order>5</wp:menu_order>
		<wp:post_type><![CDATA[nav_menu_item]]></wp:post_type>
		<wp:post_password><![CDATA[]]></wp:post_password>
		<wp:is_sticky>0</wp:is_sticky>
		<category domain="nav_menu" nicename="main-menu"><![CDATA[Main Menu]]></category>
		<wp:postmeta>
			<wp:meta_key><![CDATA[_menu_item_type]]></wp:meta_key>
			<wp:meta_value><![CDATA[post_type]]></wp:meta_value>
		</wp:postmeta>
		<wp:postmeta>
			<wp:meta_key><![CDATA[_menu_item_menu_item_parent]]></wp:meta_key>
			<wp:meta_value><![CDATA[0]]></wp:meta_value>
		</wp:postmeta>
		<wp:postmeta>
			<wp:meta_key><![CDATA[_menu_item_object_id]]></wp:meta_key>
			<wp:meta_value><![CDATA[7]]></wp:meta_value>
		</wp:postmeta>
		<wp:postmeta>
			<wp:meta_key><![CDATA[_menu_item_object]]></wp:meta_key>
			<wp:meta_value><![CDATA[page]]></wp:meta_value>
		</wp:postmeta>
		<wp:postmeta>
			<wp:meta_key><![CDATA[_menu_item_target]]></wp:meta_key>
			<wp:meta_value><![CDATA[]]></wp:meta_value>
		</wp:postmeta>
		<wp:postmeta>
			<wp:meta_key><![CDATA[_menu_item_classes]]></wp:meta_key>
			<wp:meta_value><![CDATA[a:1:{i:0;s:0:"";}]]></wp:meta_value>
		</wp:postmeta>
		<wp:postmeta>
			<wp:meta_key><![CDATA[_menu_item_xfn]]></wp:meta_key>
			<wp:meta_value><![CDATA[]]></wp:meta_value>
		</wp:postmeta>
		<wp:postmeta>
			<wp:meta_key><![CDATA[_menu_item_url]]></wp:meta_key>
			<wp:meta_value><![CDATA[]]></wp:meta_value>
		</wp:postmeta>
	</item>
	<item>
		<title>Newsletter</title>
		<link>http://earth-strike.com/es/newsletter/</link>
		<pubDate>Tue, 01 Jan 2019 18:45:23 +0000</pubDate>
		<dc:creator><![CDATA[hperks]]></dc:creator>
		<guid isPermaLink="false">http://earth-strike.com/es/newsletter/</guid>
		<description></description>
		<content:encoded><![CDATA[[newsletter]]]></content:encoded>
		<excerpt:encoded><![CDATA[]]></excerpt:encoded>
		<wp:post_id>33</wp:post_id>
		<wp:post_date><![CDATA[2019-01-01 18:45:23]]></wp:post_date>
		<wp:post_date_gmt><![CDATA[2019-01-01 18:45:23]]></wp:post_date_gmt>
		<wp:comment_status><![CDATA[closed]]></wp:comment_status>
		<wp:ping_status><![CDATA[closed]]></wp:ping_status>
		<wp:post_name><![CDATA[newsletter]]></wp:post_name>
		<wp:status><![CDATA[publish]]></wp:status>
		<wp:post_parent>0</wp:post_parent>
		<wp:menu_order>0</wp:menu_order>
		<wp:post_type><![CDATA[page]]></wp:post_type>
		<wp:post_password><![CDATA[]]></wp:post_password>
		<wp:is_sticky>0</wp:is_sticky>
	</item>
</channel>
</rss>
