<?xml version="1.0" encoding="UTF-8" ?>
<!-- This is a WordPress eXtended RSS file generated by WordPress as an export of your site. -->
<!-- It contains information about your site's posts, pages, comments, categories, and other content. -->
<!-- You may use this file to transfer that content from one site to another. -->
<!-- This file is not intended to serve as a complete backup of your site. -->

<!-- To import this information into a WordPress site follow these steps: -->
<!-- 1. Log in to that site as an administrator. -->
<!-- 2. Go to Tools: Import in the WordPress admin panel. -->
<!-- 3. Install the "WordPress" importer from the list. -->
<!-- 4. Activate & Run Importer. -->
<!-- 5. Upload this file using the form provided on that page. -->
<!-- 6. You will first be asked to map the authors in this export file to users -->
<!--    on the site. For each author, you may choose to map to an -->
<!--    existing user on the site or to create a new user. -->
<!-- 7. WordPress will then import each of the posts, pages, comments, categories, etc. -->
<!--    contained in this file into your site. -->

<!-- generator="WordPress/5.0.2" created="2019-01-01 18:46" -->
<rss version="2.0"
	xmlns:excerpt="http://wordpress.org/export/1.2/excerpt/"
	xmlns:content="http://purl.org/rss/1.0/modules/content/"
	xmlns:wfw="http://wellformedweb.org/CommentAPI/"
	xmlns:dc="http://purl.org/dc/elements/1.1/"
	xmlns:wp="http://wordpress.org/export/1.2/"
>

<channel>
	<title>Earth Strike Italia</title>
	<link>http://earth-strike.com/it</link>
	<description>Un movimento per fermare il cambiamento climatico - 2019</description>
	<pubDate>Tue, 01 Jan 2019 18:46:20 +0000</pubDate>
	<language>en-US</language>
	<wp:wxr_version>1.2</wp:wxr_version>
	<wp:base_site_url>http://earth-strike.com/</wp:base_site_url>
	<wp:base_blog_url>http://earth-strike.com/it</wp:base_blog_url>

	<wp:author><wp:author_id>1</wp:author_id><wp:author_login><![CDATA[Aron]]></wp:author_login><wp:author_email><![CDATA[aron@aronvanwilligen.nl]]></wp:author_email><wp:author_display_name><![CDATA[Earth Strike]]></wp:author_display_name><wp:author_first_name><![CDATA[]]></wp:author_first_name><wp:author_last_name><![CDATA[]]></wp:author_last_name></wp:author>
	<wp:author><wp:author_id>36</wp:author_id><wp:author_login><![CDATA[it]]></wp:author_login><wp:author_email><![CDATA[it@earth-strike.com]]></wp:author_email><wp:author_display_name><![CDATA[it]]></wp:author_display_name><wp:author_first_name><![CDATA[]]></wp:author_first_name><wp:author_last_name><![CDATA[]]></wp:author_last_name></wp:author>

	<wp:category>
		<wp:term_id>1</wp:term_id>
		<wp:category_nicename><![CDATA[uncategorized]]></wp:category_nicename>
		<wp:category_parent><![CDATA[]]></wp:category_parent>
		<wp:cat_name><![CDATA[Uncategorized]]></wp:cat_name>
	</wp:category>
	<wp:term><wp:term_id>2</wp:term_id><wp:term_taxonomy>nav_menu</wp:term_taxonomy><wp:term_slug><![CDATA[main-menu]]></wp:term_slug><wp:term_name><![CDATA[Main Menu]]></wp:term_name>
</wp:term>

	<generator>https://wordpress.org/?v=5.0.2</generator>

<image>
	<url>https://earth-strike.com/it/wp-content/uploads/sites/38/2018/11/cropped-EarthStrike-Logo-32x32.png</url>
	<title>Earth Strike Italia</title>
	<link>http://earth-strike.com/it</link>
	<width>32</width>
	<height>32</height>
</image> 

	<item>
		<title>Earth Strike</title>
		<link>http://earth-strike.com/it/</link>
		<pubDate>Mon, 12 Nov 2018 09:25:40 +0000</pubDate>
		<dc:creator><![CDATA[]]></dc:creator>
		<guid isPermaLink="false">http://earth-strike.com/earth-strike-2/?page_id=2</guid>
		<description></description>
		<content:encoded><![CDATA[<!-- wp:paragraph -->
<p><em>Benvenuti su Earth Strike – Sciopero Generale per Salvare il Pianeta</em>. Siamo un movimento internazionale contro il cambiamento climatico. Chiediamo un’azione immediata da parte di governi e aziende in tutto il mondo per salvare il pianeta.</p>
<!-- /wp:paragraph -->

<!-- wp:button {"backgroundColor":"vivid-green-cyan","align":"center"} -->
<div class="wp-block-button aligncenter"><a class="wp-block-button__link has-background has-vivid-green-cyan-background-color" href="https://earth-strike.com/it/obiettivi/">I nostri obiettivi</a></div>
<!-- /wp:button -->

<!-- wp:paragraph -->
<p></p>
<!-- /wp:paragraph -->

<!-- wp:heading {"level":3} -->
<h3><strong>La questione più importante del nostro tempo</strong></h3>
<!-- /wp:heading -->

<!-- wp:paragraph -->
<p>La comunità scientifica mondiale ha dimostrato oltre ogni dubbio che il clima della Terra sta cambiando e che l’uomo ne è responsabile. Secondo numerosi studi, questi cambiamenti climatici porteranno ogni essere vivente sul pianeta ad affrontare uno stato di <strong>catastrofe climatica</strong> in continuo peggioramento, salvo azione immediata.<strong>I</strong></p>
<!-- /wp:paragraph -->

<!-- wp:heading {"level":3} -->
<h3>Cosa faremo</h3>
<!-- /wp:heading -->

<!-- wp:paragraph -->
<p>Il movimento Earth Strike (in italiano “Sciopero per la Terra”) ha stabilito un piano di azione per il 2019. In questo modo faremo sentire la nostra voce.&nbsp;Ci saranno&nbsp;&nbsp;include quattro principali eventi internazionali:&nbsp;<br></p>
<!-- /wp:paragraph -->

<!-- wp:list {"ordered":true} -->
<ol><li><strong>15 gennaio 2019 - Protesta iniziale Earth Strike.&nbsp;</strong>Il primo evento mondiale per aiutare i nostri organizzatori locali e nazionali a coinvolgere le proprie comunità. </li><li><strong>27 aprile 2019</strong> – <strong>Protesta Earth Day di Metà Percorso. </strong>Si terrà nel weekend successivo all’Earth Day per simbolizzare il raggiungimento della metà del percorso verso l’Earth Strike.&nbsp;</li><li><strong>1 agosto 2019 - Protesta finale prima dello sciopero.</strong>&nbsp;Per l’<a href="https://it.wikipedia.org/wiki/Earth_Overshoot_Day">Earth Overshoot Day</a> del 2018 ci sarà un'ultima manifestazione. Chiamata finale per coloro che non si siano ancora uniti al movimento.</li><li><strong>27 settembre 2019 </strong>– <strong><em>Earth Strike.&nbsp;Sciopero per la Terra.</em></strong> Nel cinquantasettesimo anniversario di <em>Primavera Silenziosa</em>, il libro che ha dato inizio al movimento ambientalista, terremo uno Sciopero Generale per Salvare il Pianeta.</li></ol>
<!-- /wp:list -->

<!-- wp:paragraph -->
<p>Earth Strike è un movimento nato negli Stati Uniti, ma adesso è presente <a href="https://earth-strike.com/national-campaigns/">in più di dieci paesi</a>, in continuo aumento.</p>
<!-- /wp:paragraph -->

<!-- wp:button {"backgroundColor":"vivid-green-cyan","align":"center"} -->
<div class="wp-block-button aligncenter"><a class="wp-block-button__link has-background has-vivid-green-cyan-background-color" href="https://earth-strike.com/it/partecipa/">Partecipa!</a></div>
<!-- /wp:button -->

<!-- wp:paragraph -->
<p><em>Sito in costruzione</em></p>
<!-- /wp:paragraph -->]]></content:encoded>
		<excerpt:encoded><![CDATA[]]></excerpt:encoded>
		<wp:post_id>2</wp:post_id>
		<wp:post_date><![CDATA[2018-11-12 09:25:40]]></wp:post_date>
		<wp:post_date_gmt><![CDATA[2018-11-12 09:25:40]]></wp:post_date_gmt>
		<wp:comment_status><![CDATA[closed]]></wp:comment_status>
		<wp:ping_status><![CDATA[closed]]></wp:ping_status>
		<wp:post_name><![CDATA[earth-strike]]></wp:post_name>
		<wp:status><![CDATA[publish]]></wp:status>
		<wp:post_parent>0</wp:post_parent>
		<wp:menu_order>0</wp:menu_order>
		<wp:post_type><![CDATA[page]]></wp:post_type>
		<wp:post_password><![CDATA[]]></wp:post_password>
		<wp:is_sticky>0</wp:is_sticky>
		<wp:postmeta>
			<wp:meta_key><![CDATA[_wp_page_template]]></wp:meta_key>
			<wp:meta_value><![CDATA[default]]></wp:meta_value>
		</wp:postmeta>
		<wp:postmeta>
			<wp:meta_key><![CDATA[_customify_content_layout]]></wp:meta_key>
			<wp:meta_value><![CDATA[]]></wp:meta_value>
		</wp:postmeta>
		<wp:postmeta>
			<wp:meta_key><![CDATA[_customify_sidebar]]></wp:meta_key>
			<wp:meta_value><![CDATA[]]></wp:meta_value>
		</wp:postmeta>
		<wp:postmeta>
			<wp:meta_key><![CDATA[_customify_disable_header]]></wp:meta_key>
			<wp:meta_value><![CDATA[]]></wp:meta_value>
		</wp:postmeta>
		<wp:postmeta>
			<wp:meta_key><![CDATA[_customify_disable_page_title]]></wp:meta_key>
			<wp:meta_value><![CDATA[]]></wp:meta_value>
		</wp:postmeta>
		<wp:postmeta>
			<wp:meta_key><![CDATA[_customify_disable_footer_main]]></wp:meta_key>
			<wp:meta_value><![CDATA[]]></wp:meta_value>
		</wp:postmeta>
		<wp:postmeta>
			<wp:meta_key><![CDATA[_customify_disable_footer_bottom]]></wp:meta_key>
			<wp:meta_value><![CDATA[]]></wp:meta_value>
		</wp:postmeta>
		<wp:postmeta>
			<wp:meta_key><![CDATA[_customify_page_header_display]]></wp:meta_key>
			<wp:meta_value><![CDATA[default]]></wp:meta_value>
		</wp:postmeta>
		<wp:postmeta>
			<wp:meta_key><![CDATA[_edit_last]]></wp:meta_key>
			<wp:meta_value><![CDATA[36]]></wp:meta_value>
		</wp:postmeta>
		<wp:postmeta>
			<wp:meta_key><![CDATA[_yoast_wpseo_content_score]]></wp:meta_key>
			<wp:meta_value><![CDATA[60]]></wp:meta_value>
		</wp:postmeta>
		<wp:postmeta>
			<wp:meta_key><![CDATA[_oembed_4086ddbfed24917593fa52e8f992ad91]]></wp:meta_key>
			<wp:meta_value><![CDATA[<blockquote class="wp-embedded-content" data-secret="S6TZi2zMZM"><a href="https://earth-strike.com/it/get-involved/">Get involved!</a></blockquote><iframe class="wp-embedded-content" sandbox="allow-scripts" security="restricted" style="position: absolute; clip: rect(1px, 1px, 1px, 1px);" src="https://earth-strike.com/it/get-involved/embed/#?secret=S6TZi2zMZM" data-secret="S6TZi2zMZM" width="600" height="338" title="&#8220;Get involved!&#8221; &#8212; Earth Strike Italia" frameborder="0" marginwidth="0" marginheight="0" scrolling="no"></iframe>]]></wp:meta_value>
		</wp:postmeta>
		<wp:postmeta>
			<wp:meta_key><![CDATA[_oembed_time_4086ddbfed24917593fa52e8f992ad91]]></wp:meta_key>
			<wp:meta_value><![CDATA[1544792381]]></wp:meta_value>
		</wp:postmeta>
		<wp:postmeta>
			<wp:meta_key><![CDATA[_yoast_wpseo_metadesc]]></wp:meta_key>
			<wp:meta_value><![CDATA[Benvenuti su Earth Strike. Siamo un movimento internazionale contro il cambiamento climatico.]]></wp:meta_value>
		</wp:postmeta>
		<wp:postmeta>
			<wp:meta_key><![CDATA[_yoast_wpseo_focuskw]]></wp:meta_key>
			<wp:meta_value><![CDATA[salvare il pianeta]]></wp:meta_value>
		</wp:postmeta>
		<wp:postmeta>
			<wp:meta_key><![CDATA[_yoast_wpseo_linkdex]]></wp:meta_key>
			<wp:meta_value><![CDATA[73]]></wp:meta_value>
		</wp:postmeta>
	</item>
	<item>
		<title>Cosa vogliamo</title>
		<link>http://earth-strike.com/it/obiettivi/</link>
		<pubDate>Mon, 12 Nov 2018 09:33:22 +0000</pubDate>
		<dc:creator><![CDATA[Aron]]></dc:creator>
		<guid isPermaLink="false">http://earth-strike.com/earth-strike-2/?page_id=5</guid>
		<description></description>
		<content:encoded><![CDATA[<!-- wp:paragraph -->
<p>I più eminenti esperti del clima del mondo ci hanno avvertito che abbiamo tempo fino al 2030 per prevenire l’incremento della temperatura di 1.5 gradi Celsius. Si tratta di poco più di dodici anni, per gli standard ambientali è un battito di ciglia. Se lasciamo che la temperatura superi, anche di poco, i 2 gradi Celsius i risultati saranno catastrofici: il livello del mare si alzerà in maniera insostenibile, le ondate di calore diventeranno molto più ricorrenti e l’acqua dolce diventerà ancora più scarsa e molti altri effetti secondari.<br></p>
<!-- /wp:paragraph -->

<!-- wp:paragraph -->
<p>E’ ora il momento di agire, prima che sia troppo tardi. In accordo con il rapporto dei Carbon Major del 2017, il 71% dell’emissione di gas serra industriali proviene da soli 100 inquinatori. E’ quindi chiaro che l’interesse delle grandi multinazionali non è più indirizzato verso la prosperità della razza umana. Come società dobbiamo cambiare rotta.<br></p>
<!-- /wp:paragraph -->

<!-- wp:paragraph -->
<p>Per questa ragione organizzeremo azioni su scala globale, che sfoceranno in uno sciopero globale. Dobbiamo convincere i governi mondiali e le multinazionali ad ascoltare la gente, il miglior modo per farlo è rifiutarsi di partecipare a queste imprese e a questi governi. Non ci saranno né transazioni bancarie, né uffici pieni di impiegati e nemmeno scuole piene di bambini.<br></p>
<!-- /wp:paragraph -->

<!-- wp:heading {"level":3} -->
<h3>Gli obiettivi internazionali</h3>
<!-- /wp:heading -->

<!-- wp:paragraph -->
<p>Ma sicuramente lo sciopero non serve a niente senza richieste. La minaccia del cambiamento climatico ha raggiunto un punto di non ritorno nonostante anni di avvertimenti, a necessitiamo di cambiare direzione. Raggiungeremo questo obiettivo attraverso lo sciopero generale che sarà accompagnato da proteste con le seguenti rivendicazioni:<br></p>
<!-- /wp:paragraph -->

<!-- wp:list -->
<ul><li><em>Una immediata cooperazione mondiale</em> per rimediare ai danni provocati al clima terrestre, attraverso patti univoci e vincolanti da parte dei leader mondiali e le aziende, seguendo il programma del IPCC di dimezzare le emissioni nette di carbonio per il 2030 e azzerarle per il 2050.</li><li><em>Impegni internazionali, univoci e vincolant</em>i per fermare la distruzione delle foreste pluviali e di altri habitat della fauna selvatica.</li><li><em>Accordi internazionali, univoci e vincolanti</em> stipulati per fare in modo che le aziende siano ritenute responsabili per i gas serra che producono.</li></ul>
<!-- /wp:list -->

<!-- wp:paragraph -->
<p>A queste domande internazionali si aggiungono le nostre domande nazionali, attualmente in fase di elaborazione. <a href="https://earth-strike.com/it/get-involved/">Aiutaci</a> a scriverle!</p>
<!-- /wp:paragraph -->

<!-- wp:paragraph -->
<p>Come cittadini del mondo, vi preghiamo di agire nell’interesse della nostra specie e ad aiutarci sia ad attenuare che a prepararci agli effetti del cambiamento climatico. Spargi la voce della protesta, organizzati con la tua comunità, prendi posizione per il futuro. <strong>La Terra sciopererà!</strong></p>
<!-- /wp:paragraph -->]]></content:encoded>
		<excerpt:encoded><![CDATA[]]></excerpt:encoded>
		<wp:post_id>5</wp:post_id>
		<wp:post_date><![CDATA[2018-11-12 09:33:22]]></wp:post_date>
		<wp:post_date_gmt><![CDATA[2018-11-12 09:33:22]]></wp:post_date_gmt>
		<wp:comment_status><![CDATA[closed]]></wp:comment_status>
		<wp:ping_status><![CDATA[closed]]></wp:ping_status>
		<wp:post_name><![CDATA[obiettivi]]></wp:post_name>
		<wp:status><![CDATA[publish]]></wp:status>
		<wp:post_parent>0</wp:post_parent>
		<wp:menu_order>0</wp:menu_order>
		<wp:post_type><![CDATA[page]]></wp:post_type>
		<wp:post_password><![CDATA[]]></wp:post_password>
		<wp:is_sticky>0</wp:is_sticky>
		<wp:postmeta>
			<wp:meta_key><![CDATA[_customify_content_layout]]></wp:meta_key>
			<wp:meta_value><![CDATA[]]></wp:meta_value>
		</wp:postmeta>
		<wp:postmeta>
			<wp:meta_key><![CDATA[_customify_sidebar]]></wp:meta_key>
			<wp:meta_value><![CDATA[]]></wp:meta_value>
		</wp:postmeta>
		<wp:postmeta>
			<wp:meta_key><![CDATA[_customify_disable_header]]></wp:meta_key>
			<wp:meta_value><![CDATA[]]></wp:meta_value>
		</wp:postmeta>
		<wp:postmeta>
			<wp:meta_key><![CDATA[_customify_disable_page_title]]></wp:meta_key>
			<wp:meta_value><![CDATA[]]></wp:meta_value>
		</wp:postmeta>
		<wp:postmeta>
			<wp:meta_key><![CDATA[_customify_disable_footer_main]]></wp:meta_key>
			<wp:meta_value><![CDATA[]]></wp:meta_value>
		</wp:postmeta>
		<wp:postmeta>
			<wp:meta_key><![CDATA[_customify_disable_footer_bottom]]></wp:meta_key>
			<wp:meta_value><![CDATA[]]></wp:meta_value>
		</wp:postmeta>
		<wp:postmeta>
			<wp:meta_key><![CDATA[_customify_page_header_display]]></wp:meta_key>
			<wp:meta_value><![CDATA[default]]></wp:meta_value>
		</wp:postmeta>
		<wp:postmeta>
			<wp:meta_key><![CDATA[_yoast_wpseo_content_score]]></wp:meta_key>
			<wp:meta_value><![CDATA[30]]></wp:meta_value>
		</wp:postmeta>
		<wp:postmeta>
			<wp:meta_key><![CDATA[_edit_last]]></wp:meta_key>
			<wp:meta_value><![CDATA[36]]></wp:meta_value>
		</wp:postmeta>
		<wp:postmeta>
			<wp:meta_key><![CDATA[_yoast_wpseo_focuskw]]></wp:meta_key>
			<wp:meta_value><![CDATA[domande]]></wp:meta_value>
		</wp:postmeta>
		<wp:postmeta>
			<wp:meta_key><![CDATA[_yoast_wpseo_linkdex]]></wp:meta_key>
			<wp:meta_value><![CDATA[62]]></wp:meta_value>
		</wp:postmeta>
	</item>
	<item>
		<title>Events</title>
		<link>http://earth-strike.com/it/events__trashed/</link>
		<pubDate>Mon, 12 Nov 2018 09:33:35 +0000</pubDate>
		<dc:creator><![CDATA[Aron]]></dc:creator>
		<guid isPermaLink="false">http://earth-strike.com/earth-strike-2/?page_id=6</guid>
		<description></description>
		<content:encoded><![CDATA[]]></content:encoded>
		<excerpt:encoded><![CDATA[]]></excerpt:encoded>
		<wp:post_id>6</wp:post_id>
		<wp:post_date><![CDATA[2018-11-12 09:33:35]]></wp:post_date>
		<wp:post_date_gmt><![CDATA[2018-11-12 09:33:35]]></wp:post_date_gmt>
		<wp:comment_status><![CDATA[closed]]></wp:comment_status>
		<wp:ping_status><![CDATA[closed]]></wp:ping_status>
		<wp:post_name><![CDATA[events__trashed]]></wp:post_name>
		<wp:status><![CDATA[trash]]></wp:status>
		<wp:post_parent>0</wp:post_parent>
		<wp:menu_order>0</wp:menu_order>
		<wp:post_type><![CDATA[page]]></wp:post_type>
		<wp:post_password><![CDATA[]]></wp:post_password>
		<wp:is_sticky>0</wp:is_sticky>
		<wp:postmeta>
			<wp:meta_key><![CDATA[_wp_trash_meta_status]]></wp:meta_key>
			<wp:meta_value><![CDATA[publish]]></wp:meta_value>
		</wp:postmeta>
		<wp:postmeta>
			<wp:meta_key><![CDATA[_wp_trash_meta_time]]></wp:meta_key>
			<wp:meta_value><![CDATA[1544796690]]></wp:meta_value>
		</wp:postmeta>
		<wp:postmeta>
			<wp:meta_key><![CDATA[_wp_desired_post_slug]]></wp:meta_key>
			<wp:meta_value><![CDATA[events]]></wp:meta_value>
		</wp:postmeta>
	</item>
	<item>
		<title>Resources</title>
		<link>http://earth-strike.com/it/resources/</link>
		<pubDate>Mon, 12 Nov 2018 09:33:44 +0000</pubDate>
		<dc:creator><![CDATA[Aron]]></dc:creator>
		<guid isPermaLink="false">http://earth-strike.com/earth-strike-2/?page_id=7</guid>
		<description></description>
		<content:encoded><![CDATA[]]></content:encoded>
		<excerpt:encoded><![CDATA[]]></excerpt:encoded>
		<wp:post_id>7</wp:post_id>
		<wp:post_date><![CDATA[2018-11-12 09:33:44]]></wp:post_date>
		<wp:post_date_gmt><![CDATA[2018-11-12 09:33:44]]></wp:post_date_gmt>
		<wp:comment_status><![CDATA[closed]]></wp:comment_status>
		<wp:ping_status><![CDATA[closed]]></wp:ping_status>
		<wp:post_name><![CDATA[resources]]></wp:post_name>
		<wp:status><![CDATA[publish]]></wp:status>
		<wp:post_parent>0</wp:post_parent>
		<wp:menu_order>0</wp:menu_order>
		<wp:post_type><![CDATA[page]]></wp:post_type>
		<wp:post_password><![CDATA[]]></wp:post_password>
		<wp:is_sticky>0</wp:is_sticky>
	</item>
	<item>
		<title>Contatti</title>
		<link>http://earth-strike.com/it/contact/</link>
		<pubDate>Mon, 12 Nov 2018 09:34:03 +0000</pubDate>
		<dc:creator><![CDATA[Aron]]></dc:creator>
		<guid isPermaLink="false">http://earth-strike.com/earth-strike-2/?page_id=8</guid>
		<description></description>
		<content:encoded><![CDATA[<!-- wp:paragraph -->
<p>Email: <a href="mailto:it@earth-strike.com">it@earth-strike.com</a><br>Facebook: <a rel="noreferrer noopener" href="https://www.facebook.com/earthstrikeitalia" target="_blank">facebook.com/earthstrikeit</a><br>Instagram: <a rel="noreferrer noopener" href="https://www.instagram.com/earthstrikeit/" target="_blank">instagram.com/earthstrikeit/</a><br>Twitter: <a rel="noreferrer noopener" href="https://twitter.com/EarthStrikeIT" target="_blank">twitter.com/EarthStrikeIT</a></p>
<!-- /wp:paragraph -->

<!-- wp:paragraph -->
<p></p>
<!-- /wp:paragraph -->]]></content:encoded>
		<excerpt:encoded><![CDATA[]]></excerpt:encoded>
		<wp:post_id>8</wp:post_id>
		<wp:post_date><![CDATA[2018-11-12 09:34:03]]></wp:post_date>
		<wp:post_date_gmt><![CDATA[2018-11-12 09:34:03]]></wp:post_date_gmt>
		<wp:comment_status><![CDATA[closed]]></wp:comment_status>
		<wp:ping_status><![CDATA[closed]]></wp:ping_status>
		<wp:post_name><![CDATA[contact]]></wp:post_name>
		<wp:status><![CDATA[publish]]></wp:status>
		<wp:post_parent>0</wp:post_parent>
		<wp:menu_order>0</wp:menu_order>
		<wp:post_type><![CDATA[page]]></wp:post_type>
		<wp:post_password><![CDATA[]]></wp:post_password>
		<wp:is_sticky>0</wp:is_sticky>
		<wp:postmeta>
			<wp:meta_key><![CDATA[_edit_last]]></wp:meta_key>
			<wp:meta_value><![CDATA[36]]></wp:meta_value>
		</wp:postmeta>
		<wp:postmeta>
			<wp:meta_key><![CDATA[_customify_content_layout]]></wp:meta_key>
			<wp:meta_value><![CDATA[]]></wp:meta_value>
		</wp:postmeta>
		<wp:postmeta>
			<wp:meta_key><![CDATA[_customify_sidebar]]></wp:meta_key>
			<wp:meta_value><![CDATA[]]></wp:meta_value>
		</wp:postmeta>
		<wp:postmeta>
			<wp:meta_key><![CDATA[_customify_disable_header]]></wp:meta_key>
			<wp:meta_value><![CDATA[]]></wp:meta_value>
		</wp:postmeta>
		<wp:postmeta>
			<wp:meta_key><![CDATA[_customify_disable_page_title]]></wp:meta_key>
			<wp:meta_value><![CDATA[]]></wp:meta_value>
		</wp:postmeta>
		<wp:postmeta>
			<wp:meta_key><![CDATA[_customify_disable_footer_main]]></wp:meta_key>
			<wp:meta_value><![CDATA[]]></wp:meta_value>
		</wp:postmeta>
		<wp:postmeta>
			<wp:meta_key><![CDATA[_customify_disable_footer_bottom]]></wp:meta_key>
			<wp:meta_value><![CDATA[]]></wp:meta_value>
		</wp:postmeta>
		<wp:postmeta>
			<wp:meta_key><![CDATA[_customify_page_header_display]]></wp:meta_key>
			<wp:meta_value><![CDATA[default]]></wp:meta_value>
		</wp:postmeta>
		<wp:postmeta>
			<wp:meta_key><![CDATA[_yoast_wpseo_content_score]]></wp:meta_key>
			<wp:meta_value><![CDATA[60]]></wp:meta_value>
		</wp:postmeta>
	</item>
	<item>
		<title>Partecipa!</title>
		<link>http://earth-strike.com/it/partecipa/</link>
		<pubDate>Mon, 12 Nov 2018 09:34:30 +0000</pubDate>
		<dc:creator><![CDATA[Aron]]></dc:creator>
		<guid isPermaLink="false">http://earth-strike.com/earth-strike-2/?page_id=9</guid>
		<description></description>
		<content:encoded><![CDATA[<!-- wp:paragraph -->
<p>Seguici sui social.</p>
<!-- /wp:paragraph -->

<!-- wp:paragraph -->
<p>In questo momento il team italiano è ancora ai primi stadi di preparazione. E abbiamo bisogno di volontari.</p>
<!-- /wp:paragraph -->

<!-- wp:paragraph -->
<p>Se anche tu credi che sia necessario affrontare al più presto la minaccia del cambiamento climatico e vuoi contribuire, unisciti al nostro <a href="https://discord.gg/bXyQFVb">discord</a>, la piattaforma che stiamo utilizzando.</p>
<!-- /wp:paragraph -->]]></content:encoded>
		<excerpt:encoded><![CDATA[]]></excerpt:encoded>
		<wp:post_id>9</wp:post_id>
		<wp:post_date><![CDATA[2018-11-12 09:34:30]]></wp:post_date>
		<wp:post_date_gmt><![CDATA[2018-11-12 09:34:30]]></wp:post_date_gmt>
		<wp:comment_status><![CDATA[closed]]></wp:comment_status>
		<wp:ping_status><![CDATA[closed]]></wp:ping_status>
		<wp:post_name><![CDATA[partecipa]]></wp:post_name>
		<wp:status><![CDATA[publish]]></wp:status>
		<wp:post_parent>0</wp:post_parent>
		<wp:menu_order>0</wp:menu_order>
		<wp:post_type><![CDATA[page]]></wp:post_type>
		<wp:post_password><![CDATA[]]></wp:post_password>
		<wp:is_sticky>0</wp:is_sticky>
		<wp:postmeta>
			<wp:meta_key><![CDATA[_customify_content_layout]]></wp:meta_key>
			<wp:meta_value><![CDATA[]]></wp:meta_value>
		</wp:postmeta>
		<wp:postmeta>
			<wp:meta_key><![CDATA[_customify_sidebar]]></wp:meta_key>
			<wp:meta_value><![CDATA[]]></wp:meta_value>
		</wp:postmeta>
		<wp:postmeta>
			<wp:meta_key><![CDATA[_customify_disable_header]]></wp:meta_key>
			<wp:meta_value><![CDATA[]]></wp:meta_value>
		</wp:postmeta>
		<wp:postmeta>
			<wp:meta_key><![CDATA[_customify_disable_page_title]]></wp:meta_key>
			<wp:meta_value><![CDATA[]]></wp:meta_value>
		</wp:postmeta>
		<wp:postmeta>
			<wp:meta_key><![CDATA[_customify_disable_footer_main]]></wp:meta_key>
			<wp:meta_value><![CDATA[]]></wp:meta_value>
		</wp:postmeta>
		<wp:postmeta>
			<wp:meta_key><![CDATA[_customify_disable_footer_bottom]]></wp:meta_key>
			<wp:meta_value><![CDATA[]]></wp:meta_value>
		</wp:postmeta>
		<wp:postmeta>
			<wp:meta_key><![CDATA[_customify_page_header_display]]></wp:meta_key>
			<wp:meta_value><![CDATA[default]]></wp:meta_value>
		</wp:postmeta>
		<wp:postmeta>
			<wp:meta_key><![CDATA[_edit_last]]></wp:meta_key>
			<wp:meta_value><![CDATA[36]]></wp:meta_value>
		</wp:postmeta>
		<wp:postmeta>
			<wp:meta_key><![CDATA[_yoast_wpseo_content_score]]></wp:meta_key>
			<wp:meta_value><![CDATA[60]]></wp:meta_value>
		</wp:postmeta>
	</item>
	<item>
		<title>EarthStrike Logo</title>
		<link>http://earth-strike.com/it/earthstrike-logo/</link>
		<pubDate>Mon, 12 Nov 2018 09:35:43 +0000</pubDate>
		<dc:creator><![CDATA[Aron]]></dc:creator>
		<guid isPermaLink="false">https://earth-strike.com/earth-strike-2/wp-content/uploads/sites/38/2018/11/EarthStrike-Logo.png</guid>
		<description></description>
		<content:encoded><![CDATA[]]></content:encoded>
		<excerpt:encoded><![CDATA[]]></excerpt:encoded>
		<wp:post_id>10</wp:post_id>
		<wp:post_date><![CDATA[2018-11-12 09:35:43]]></wp:post_date>
		<wp:post_date_gmt><![CDATA[2018-11-12 09:35:43]]></wp:post_date_gmt>
		<wp:comment_status><![CDATA[open]]></wp:comment_status>
		<wp:ping_status><![CDATA[closed]]></wp:ping_status>
		<wp:post_name><![CDATA[earthstrike-logo]]></wp:post_name>
		<wp:status><![CDATA[inherit]]></wp:status>
		<wp:post_parent>0</wp:post_parent>
		<wp:menu_order>0</wp:menu_order>
		<wp:post_type><![CDATA[attachment]]></wp:post_type>
		<wp:post_password><![CDATA[]]></wp:post_password>
		<wp:is_sticky>0</wp:is_sticky>
		<wp:attachment_url><![CDATA[https://earth-strike.com/it/wp-content/uploads/sites/38/2018/11/EarthStrike-Logo.png]]></wp:attachment_url>
		<wp:postmeta>
			<wp:meta_key><![CDATA[_wp_attached_file]]></wp:meta_key>
			<wp:meta_value><![CDATA[2018/11/EarthStrike-Logo.png]]></wp:meta_value>
		</wp:postmeta>
		<wp:postmeta>
			<wp:meta_key><![CDATA[_wp_attachment_metadata]]></wp:meta_key>
			<wp:meta_value><![CDATA[a:5:{s:5:"width";i:1200;s:6:"height";i:1200;s:4:"file";s:28:"2018/11/EarthStrike-Logo.png";s:5:"sizes";a:4:{s:9:"thumbnail";a:4:{s:4:"file";s:28:"EarthStrike-Logo-150x150.png";s:5:"width";i:150;s:6:"height";i:150;s:9:"mime-type";s:9:"image/png";}s:6:"medium";a:4:{s:4:"file";s:28:"EarthStrike-Logo-300x300.png";s:5:"width";i:300;s:6:"height";i:300;s:9:"mime-type";s:9:"image/png";}s:12:"medium_large";a:4:{s:4:"file";s:28:"EarthStrike-Logo-768x768.png";s:5:"width";i:768;s:6:"height";i:768;s:9:"mime-type";s:9:"image/png";}s:5:"large";a:4:{s:4:"file";s:30:"EarthStrike-Logo-1024x1024.png";s:5:"width";i:1024;s:6:"height";i:1024;s:9:"mime-type";s:9:"image/png";}}s:10:"image_meta";a:12:{s:8:"aperture";s:1:"0";s:6:"credit";s:0:"";s:6:"camera";s:0:"";s:7:"caption";s:0:"";s:17:"created_timestamp";s:1:"0";s:9:"copyright";s:0:"";s:12:"focal_length";s:1:"0";s:3:"iso";s:1:"0";s:13:"shutter_speed";s:1:"0";s:5:"title";s:0:"";s:11:"orientation";s:1:"0";s:8:"keywords";a:0:{}}}]]></wp:meta_value>
		</wp:postmeta>
	</item>
	<item>
		<title>cropped-EarthStrike-Logo.png</title>
		<link>http://earth-strike.com/it/cropped-earthstrike-logo-png/</link>
		<pubDate>Mon, 12 Nov 2018 09:36:00 +0000</pubDate>
		<dc:creator><![CDATA[Aron]]></dc:creator>
		<guid isPermaLink="false">https://earth-strike.com/earth-strike-2/wp-content/uploads/sites/38/2018/11/cropped-EarthStrike-Logo.png</guid>
		<description></description>
		<content:encoded><![CDATA[https://earth-strike.com/earth-strike-2/wp-content/uploads/sites/38/2018/11/cropped-EarthStrike-Logo.png]]></content:encoded>
		<excerpt:encoded><![CDATA[]]></excerpt:encoded>
		<wp:post_id>11</wp:post_id>
		<wp:post_date><![CDATA[2018-11-12 09:36:00]]></wp:post_date>
		<wp:post_date_gmt><![CDATA[2018-11-12 09:36:00]]></wp:post_date_gmt>
		<wp:comment_status><![CDATA[open]]></wp:comment_status>
		<wp:ping_status><![CDATA[closed]]></wp:ping_status>
		<wp:post_name><![CDATA[cropped-earthstrike-logo-png]]></wp:post_name>
		<wp:status><![CDATA[inherit]]></wp:status>
		<wp:post_parent>0</wp:post_parent>
		<wp:menu_order>0</wp:menu_order>
		<wp:post_type><![CDATA[attachment]]></wp:post_type>
		<wp:post_password><![CDATA[]]></wp:post_password>
		<wp:is_sticky>0</wp:is_sticky>
		<wp:attachment_url><![CDATA[https://earth-strike.com/it/wp-content/uploads/sites/38/2018/11/cropped-EarthStrike-Logo.png]]></wp:attachment_url>
		<wp:postmeta>
			<wp:meta_key><![CDATA[_wp_attached_file]]></wp:meta_key>
			<wp:meta_value><![CDATA[2018/11/cropped-EarthStrike-Logo.png]]></wp:meta_value>
		</wp:postmeta>
		<wp:postmeta>
			<wp:meta_key><![CDATA[_wp_attachment_context]]></wp:meta_key>
			<wp:meta_value><![CDATA[site-icon]]></wp:meta_value>
		</wp:postmeta>
		<wp:postmeta>
			<wp:meta_key><![CDATA[_wp_attachment_metadata]]></wp:meta_key>
			<wp:meta_value><![CDATA[a:5:{s:5:"width";i:512;s:6:"height";i:512;s:4:"file";s:36:"2018/11/cropped-EarthStrike-Logo.png";s:5:"sizes";a:6:{s:9:"thumbnail";a:4:{s:4:"file";s:36:"cropped-EarthStrike-Logo-150x150.png";s:5:"width";i:150;s:6:"height";i:150;s:9:"mime-type";s:9:"image/png";}s:6:"medium";a:4:{s:4:"file";s:36:"cropped-EarthStrike-Logo-300x300.png";s:5:"width";i:300;s:6:"height";i:300;s:9:"mime-type";s:9:"image/png";}s:13:"site_icon-270";a:4:{s:4:"file";s:36:"cropped-EarthStrike-Logo-270x270.png";s:5:"width";i:270;s:6:"height";i:270;s:9:"mime-type";s:9:"image/png";}s:13:"site_icon-192";a:4:{s:4:"file";s:36:"cropped-EarthStrike-Logo-192x192.png";s:5:"width";i:192;s:6:"height";i:192;s:9:"mime-type";s:9:"image/png";}s:13:"site_icon-180";a:4:{s:4:"file";s:36:"cropped-EarthStrike-Logo-180x180.png";s:5:"width";i:180;s:6:"height";i:180;s:9:"mime-type";s:9:"image/png";}s:12:"site_icon-32";a:4:{s:4:"file";s:34:"cropped-EarthStrike-Logo-32x32.png";s:5:"width";i:32;s:6:"height";i:32;s:9:"mime-type";s:9:"image/png";}}s:10:"image_meta";a:12:{s:8:"aperture";s:1:"0";s:6:"credit";s:0:"";s:6:"camera";s:0:"";s:7:"caption";s:0:"";s:17:"created_timestamp";s:1:"0";s:9:"copyright";s:0:"";s:12:"focal_length";s:1:"0";s:3:"iso";s:1:"0";s:13:"shutter_speed";s:1:"0";s:5:"title";s:0:"";s:11:"orientation";s:1:"0";s:8:"keywords";a:0:{}}}]]></wp:meta_value>
		</wp:postmeta>
	</item>
	<item>
		<title></title>
		<link>http://earth-strike.com/it/?p=15</link>
		<pubDate>Mon, 30 Nov -0001 00:00:00 +0000</pubDate>
		<dc:creator><![CDATA[Aron]]></dc:creator>
		<guid isPermaLink="false">http://earth-strike.com/earth-strike-2/?p=15</guid>
		<description></description>
		<content:encoded><![CDATA[ ]]></content:encoded>
		<excerpt:encoded><![CDATA[]]></excerpt:encoded>
		<wp:post_id>15</wp:post_id>
		<wp:post_date><![CDATA[2018-11-12 09:38:23]]></wp:post_date>
		<wp:post_date_gmt><![CDATA[0000-00-00 00:00:00]]></wp:post_date_gmt>
		<wp:comment_status><![CDATA[closed]]></wp:comment_status>
		<wp:ping_status><![CDATA[closed]]></wp:ping_status>
		<wp:post_name><![CDATA[]]></wp:post_name>
		<wp:status><![CDATA[draft]]></wp:status>
		<wp:post_parent>0</wp:post_parent>
		<wp:menu_order>1</wp:menu_order>
		<wp:post_type><![CDATA[nav_menu_item]]></wp:post_type>
		<wp:post_password><![CDATA[]]></wp:post_password>
		<wp:is_sticky>0</wp:is_sticky>
		<wp:postmeta>
			<wp:meta_key><![CDATA[_menu_item_type]]></wp:meta_key>
			<wp:meta_value><![CDATA[post_type]]></wp:meta_value>
		</wp:postmeta>
		<wp:postmeta>
			<wp:meta_key><![CDATA[_menu_item_menu_item_parent]]></wp:meta_key>
			<wp:meta_value><![CDATA[0]]></wp:meta_value>
		</wp:postmeta>
		<wp:postmeta>
			<wp:meta_key><![CDATA[_menu_item_object_id]]></wp:meta_key>
			<wp:meta_value><![CDATA[2]]></wp:meta_value>
		</wp:postmeta>
		<wp:postmeta>
			<wp:meta_key><![CDATA[_menu_item_object]]></wp:meta_key>
			<wp:meta_value><![CDATA[page]]></wp:meta_value>
		</wp:postmeta>
		<wp:postmeta>
			<wp:meta_key><![CDATA[_menu_item_target]]></wp:meta_key>
			<wp:meta_value><![CDATA[]]></wp:meta_value>
		</wp:postmeta>
		<wp:postmeta>
			<wp:meta_key><![CDATA[_menu_item_classes]]></wp:meta_key>
			<wp:meta_value><![CDATA[a:1:{i:0;s:0:"";}]]></wp:meta_value>
		</wp:postmeta>
		<wp:postmeta>
			<wp:meta_key><![CDATA[_menu_item_xfn]]></wp:meta_key>
			<wp:meta_value><![CDATA[]]></wp:meta_value>
		</wp:postmeta>
		<wp:postmeta>
			<wp:meta_key><![CDATA[_menu_item_url]]></wp:meta_key>
			<wp:meta_value><![CDATA[]]></wp:meta_value>
		</wp:postmeta>
		<wp:postmeta>
			<wp:meta_key><![CDATA[_menu_item_orphaned]]></wp:meta_key>
			<wp:meta_value><![CDATA[1542015503]]></wp:meta_value>
		</wp:postmeta>
	</item>
	<item>
		<title></title>
		<link>http://earth-strike.com/it/2018/11/12/16/</link>
		<pubDate>Mon, 12 Nov 2018 09:38:59 +0000</pubDate>
		<dc:creator><![CDATA[Aron]]></dc:creator>
		<guid isPermaLink="false">http://earth-strike.com/earth-strike-2/?p=16</guid>
		<description></description>
		<content:encoded><![CDATA[ ]]></content:encoded>
		<excerpt:encoded><![CDATA[]]></excerpt:encoded>
		<wp:post_id>16</wp:post_id>
		<wp:post_date><![CDATA[2018-11-12 09:38:59]]></wp:post_date>
		<wp:post_date_gmt><![CDATA[2018-11-12 09:38:59]]></wp:post_date_gmt>
		<wp:comment_status><![CDATA[closed]]></wp:comment_status>
		<wp:ping_status><![CDATA[closed]]></wp:ping_status>
		<wp:post_name><![CDATA[16]]></wp:post_name>
		<wp:status><![CDATA[publish]]></wp:status>
		<wp:post_parent>0</wp:post_parent>
		<wp:menu_order>7</wp:menu_order>
		<wp:post_type><![CDATA[nav_menu_item]]></wp:post_type>
		<wp:post_password><![CDATA[]]></wp:post_password>
		<wp:is_sticky>0</wp:is_sticky>
		<category domain="nav_menu" nicename="main-menu"><![CDATA[Main Menu]]></category>
		<wp:postmeta>
			<wp:meta_key><![CDATA[_menu_item_type]]></wp:meta_key>
			<wp:meta_value><![CDATA[post_type]]></wp:meta_value>
		</wp:postmeta>
		<wp:postmeta>
			<wp:meta_key><![CDATA[_menu_item_menu_item_parent]]></wp:meta_key>
			<wp:meta_value><![CDATA[0]]></wp:meta_value>
		</wp:postmeta>
		<wp:postmeta>
			<wp:meta_key><![CDATA[_menu_item_object_id]]></wp:meta_key>
			<wp:meta_value><![CDATA[8]]></wp:meta_value>
		</wp:postmeta>
		<wp:postmeta>
			<wp:meta_key><![CDATA[_menu_item_object]]></wp:meta_key>
			<wp:meta_value><![CDATA[page]]></wp:meta_value>
		</wp:postmeta>
		<wp:postmeta>
			<wp:meta_key><![CDATA[_menu_item_target]]></wp:meta_key>
			<wp:meta_value><![CDATA[]]></wp:meta_value>
		</wp:postmeta>
		<wp:postmeta>
			<wp:meta_key><![CDATA[_menu_item_classes]]></wp:meta_key>
			<wp:meta_value><![CDATA[a:1:{i:0;s:0:"";}]]></wp:meta_value>
		</wp:postmeta>
		<wp:postmeta>
			<wp:meta_key><![CDATA[_menu_item_xfn]]></wp:meta_key>
			<wp:meta_value><![CDATA[]]></wp:meta_value>
		</wp:postmeta>
		<wp:postmeta>
			<wp:meta_key><![CDATA[_menu_item_url]]></wp:meta_key>
			<wp:meta_value><![CDATA[]]></wp:meta_value>
		</wp:postmeta>
	</item>
	<item>
		<title></title>
		<link>http://earth-strike.com/it/2018/11/12/17/</link>
		<pubDate>Mon, 12 Nov 2018 09:38:58 +0000</pubDate>
		<dc:creator><![CDATA[Aron]]></dc:creator>
		<guid isPermaLink="false">http://earth-strike.com/earth-strike-2/?p=17</guid>
		<description></description>
		<content:encoded><![CDATA[ ]]></content:encoded>
		<excerpt:encoded><![CDATA[]]></excerpt:encoded>
		<wp:post_id>17</wp:post_id>
		<wp:post_date><![CDATA[2018-11-12 09:38:58]]></wp:post_date>
		<wp:post_date_gmt><![CDATA[2018-11-12 09:38:58]]></wp:post_date_gmt>
		<wp:comment_status><![CDATA[closed]]></wp:comment_status>
		<wp:ping_status><![CDATA[closed]]></wp:ping_status>
		<wp:post_name><![CDATA[17]]></wp:post_name>
		<wp:status><![CDATA[publish]]></wp:status>
		<wp:post_parent>0</wp:post_parent>
		<wp:menu_order>1</wp:menu_order>
		<wp:post_type><![CDATA[nav_menu_item]]></wp:post_type>
		<wp:post_password><![CDATA[]]></wp:post_password>
		<wp:is_sticky>0</wp:is_sticky>
		<category domain="nav_menu" nicename="main-menu"><![CDATA[Main Menu]]></category>
		<wp:postmeta>
			<wp:meta_key><![CDATA[_menu_item_type]]></wp:meta_key>
			<wp:meta_value><![CDATA[post_type]]></wp:meta_value>
		</wp:postmeta>
		<wp:postmeta>
			<wp:meta_key><![CDATA[_menu_item_menu_item_parent]]></wp:meta_key>
			<wp:meta_value><![CDATA[0]]></wp:meta_value>
		</wp:postmeta>
		<wp:postmeta>
			<wp:meta_key><![CDATA[_menu_item_object_id]]></wp:meta_key>
			<wp:meta_value><![CDATA[2]]></wp:meta_value>
		</wp:postmeta>
		<wp:postmeta>
			<wp:meta_key><![CDATA[_menu_item_object]]></wp:meta_key>
			<wp:meta_value><![CDATA[page]]></wp:meta_value>
		</wp:postmeta>
		<wp:postmeta>
			<wp:meta_key><![CDATA[_menu_item_target]]></wp:meta_key>
			<wp:meta_value><![CDATA[]]></wp:meta_value>
		</wp:postmeta>
		<wp:postmeta>
			<wp:meta_key><![CDATA[_menu_item_classes]]></wp:meta_key>
			<wp:meta_value><![CDATA[a:1:{i:0;s:0:"";}]]></wp:meta_value>
		</wp:postmeta>
		<wp:postmeta>
			<wp:meta_key><![CDATA[_menu_item_xfn]]></wp:meta_key>
			<wp:meta_value><![CDATA[]]></wp:meta_value>
		</wp:postmeta>
		<wp:postmeta>
			<wp:meta_key><![CDATA[_menu_item_url]]></wp:meta_key>
			<wp:meta_value><![CDATA[]]></wp:meta_value>
		</wp:postmeta>
	</item>
	<item>
		<title>Eventi</title>
		<link>http://earth-strike.com/it/2018/11/12/18/</link>
		<pubDate>Mon, 12 Nov 2018 09:38:59 +0000</pubDate>
		<dc:creator><![CDATA[Aron]]></dc:creator>
		<guid isPermaLink="false">http://earth-strike.com/earth-strike-2/?p=18</guid>
		<description></description>
		<content:encoded><![CDATA[]]></content:encoded>
		<excerpt:encoded><![CDATA[]]></excerpt:encoded>
		<wp:post_id>18</wp:post_id>
		<wp:post_date><![CDATA[2018-11-12 09:38:59]]></wp:post_date>
		<wp:post_date_gmt><![CDATA[2018-11-12 09:38:59]]></wp:post_date_gmt>
		<wp:comment_status><![CDATA[closed]]></wp:comment_status>
		<wp:ping_status><![CDATA[closed]]></wp:ping_status>
		<wp:post_name><![CDATA[18]]></wp:post_name>
		<wp:status><![CDATA[publish]]></wp:status>
		<wp:post_parent>0</wp:post_parent>
		<wp:menu_order>5</wp:menu_order>
		<wp:post_type><![CDATA[nav_menu_item]]></wp:post_type>
		<wp:post_password><![CDATA[]]></wp:post_password>
		<wp:is_sticky>0</wp:is_sticky>
		<category domain="nav_menu" nicename="main-menu"><![CDATA[Main Menu]]></category>
		<wp:postmeta>
			<wp:meta_key><![CDATA[_menu_item_type]]></wp:meta_key>
			<wp:meta_value><![CDATA[post_type]]></wp:meta_value>
		</wp:postmeta>
		<wp:postmeta>
			<wp:meta_key><![CDATA[_menu_item_menu_item_parent]]></wp:meta_key>
			<wp:meta_value><![CDATA[19]]></wp:meta_value>
		</wp:postmeta>
		<wp:postmeta>
			<wp:meta_key><![CDATA[_menu_item_object_id]]></wp:meta_key>
			<wp:meta_value><![CDATA[6]]></wp:meta_value>
		</wp:postmeta>
		<wp:postmeta>
			<wp:meta_key><![CDATA[_menu_item_object]]></wp:meta_key>
			<wp:meta_value><![CDATA[page]]></wp:meta_value>
		</wp:postmeta>
		<wp:postmeta>
			<wp:meta_key><![CDATA[_menu_item_target]]></wp:meta_key>
			<wp:meta_value><![CDATA[]]></wp:meta_value>
		</wp:postmeta>
		<wp:postmeta>
			<wp:meta_key><![CDATA[_menu_item_classes]]></wp:meta_key>
			<wp:meta_value><![CDATA[a:1:{i:0;s:0:"";}]]></wp:meta_value>
		</wp:postmeta>
		<wp:postmeta>
			<wp:meta_key><![CDATA[_menu_item_xfn]]></wp:meta_key>
			<wp:meta_value><![CDATA[]]></wp:meta_value>
		</wp:postmeta>
		<wp:postmeta>
			<wp:meta_key><![CDATA[_menu_item_url]]></wp:meta_key>
			<wp:meta_value><![CDATA[]]></wp:meta_value>
		</wp:postmeta>
	</item>
	<item>
		<title>Partecipa</title>
		<link>http://earth-strike.com/it/2018/11/12/19/</link>
		<pubDate>Mon, 12 Nov 2018 09:38:59 +0000</pubDate>
		<dc:creator><![CDATA[Aron]]></dc:creator>
		<guid isPermaLink="false">http://earth-strike.com/earth-strike-2/?p=19</guid>
		<description></description>
		<content:encoded><![CDATA[]]></content:encoded>
		<excerpt:encoded><![CDATA[]]></excerpt:encoded>
		<wp:post_id>19</wp:post_id>
		<wp:post_date><![CDATA[2018-11-12 09:38:59]]></wp:post_date>
		<wp:post_date_gmt><![CDATA[2018-11-12 09:38:59]]></wp:post_date_gmt>
		<wp:comment_status><![CDATA[closed]]></wp:comment_status>
		<wp:ping_status><![CDATA[closed]]></wp:ping_status>
		<wp:post_name><![CDATA[19]]></wp:post_name>
		<wp:status><![CDATA[publish]]></wp:status>
		<wp:post_parent>0</wp:post_parent>
		<wp:menu_order>4</wp:menu_order>
		<wp:post_type><![CDATA[nav_menu_item]]></wp:post_type>
		<wp:post_password><![CDATA[]]></wp:post_password>
		<wp:is_sticky>0</wp:is_sticky>
		<category domain="nav_menu" nicename="main-menu"><![CDATA[Main Menu]]></category>
		<wp:postmeta>
			<wp:meta_key><![CDATA[_menu_item_type]]></wp:meta_key>
			<wp:meta_value><![CDATA[post_type]]></wp:meta_value>
		</wp:postmeta>
		<wp:postmeta>
			<wp:meta_key><![CDATA[_menu_item_menu_item_parent]]></wp:meta_key>
			<wp:meta_value><![CDATA[0]]></wp:meta_value>
		</wp:postmeta>
		<wp:postmeta>
			<wp:meta_key><![CDATA[_menu_item_object_id]]></wp:meta_key>
			<wp:meta_value><![CDATA[9]]></wp:meta_value>
		</wp:postmeta>
		<wp:postmeta>
			<wp:meta_key><![CDATA[_menu_item_object]]></wp:meta_key>
			<wp:meta_value><![CDATA[page]]></wp:meta_value>
		</wp:postmeta>
		<wp:postmeta>
			<wp:meta_key><![CDATA[_menu_item_target]]></wp:meta_key>
			<wp:meta_value><![CDATA[]]></wp:meta_value>
		</wp:postmeta>
		<wp:postmeta>
			<wp:meta_key><![CDATA[_menu_item_classes]]></wp:meta_key>
			<wp:meta_value><![CDATA[a:1:{i:0;s:0:"";}]]></wp:meta_value>
		</wp:postmeta>
		<wp:postmeta>
			<wp:meta_key><![CDATA[_menu_item_xfn]]></wp:meta_key>
			<wp:meta_value><![CDATA[]]></wp:meta_value>
		</wp:postmeta>
		<wp:postmeta>
			<wp:meta_key><![CDATA[_menu_item_url]]></wp:meta_key>
			<wp:meta_value><![CDATA[]]></wp:meta_value>
		</wp:postmeta>
	</item>
	<item>
		<title>Obiettivi</title>
		<link>http://earth-strike.com/it/2018/11/12/20/</link>
		<pubDate>Mon, 12 Nov 2018 09:38:59 +0000</pubDate>
		<dc:creator><![CDATA[Aron]]></dc:creator>
		<guid isPermaLink="false">http://earth-strike.com/earth-strike-2/?p=20</guid>
		<description></description>
		<content:encoded><![CDATA[]]></content:encoded>
		<excerpt:encoded><![CDATA[]]></excerpt:encoded>
		<wp:post_id>20</wp:post_id>
		<wp:post_date><![CDATA[2018-11-12 09:38:59]]></wp:post_date>
		<wp:post_date_gmt><![CDATA[2018-11-12 09:38:59]]></wp:post_date_gmt>
		<wp:comment_status><![CDATA[closed]]></wp:comment_status>
		<wp:ping_status><![CDATA[closed]]></wp:ping_status>
		<wp:post_name><![CDATA[20]]></wp:post_name>
		<wp:status><![CDATA[publish]]></wp:status>
		<wp:post_parent>0</wp:post_parent>
		<wp:menu_order>2</wp:menu_order>
		<wp:post_type><![CDATA[nav_menu_item]]></wp:post_type>
		<wp:post_password><![CDATA[]]></wp:post_password>
		<wp:is_sticky>0</wp:is_sticky>
		<category domain="nav_menu" nicename="main-menu"><![CDATA[Main Menu]]></category>
		<wp:postmeta>
			<wp:meta_key><![CDATA[_menu_item_type]]></wp:meta_key>
			<wp:meta_value><![CDATA[post_type]]></wp:meta_value>
		</wp:postmeta>
		<wp:postmeta>
			<wp:meta_key><![CDATA[_menu_item_menu_item_parent]]></wp:meta_key>
			<wp:meta_value><![CDATA[0]]></wp:meta_value>
		</wp:postmeta>
		<wp:postmeta>
			<wp:meta_key><![CDATA[_menu_item_object_id]]></wp:meta_key>
			<wp:meta_value><![CDATA[5]]></wp:meta_value>
		</wp:postmeta>
		<wp:postmeta>
			<wp:meta_key><![CDATA[_menu_item_object]]></wp:meta_key>
			<wp:meta_value><![CDATA[page]]></wp:meta_value>
		</wp:postmeta>
		<wp:postmeta>
			<wp:meta_key><![CDATA[_menu_item_target]]></wp:meta_key>
			<wp:meta_value><![CDATA[]]></wp:meta_value>
		</wp:postmeta>
		<wp:postmeta>
			<wp:meta_key><![CDATA[_menu_item_classes]]></wp:meta_key>
			<wp:meta_value><![CDATA[a:1:{i:0;s:0:"";}]]></wp:meta_value>
		</wp:postmeta>
		<wp:postmeta>
			<wp:meta_key><![CDATA[_menu_item_xfn]]></wp:meta_key>
			<wp:meta_value><![CDATA[]]></wp:meta_value>
		</wp:postmeta>
		<wp:postmeta>
			<wp:meta_key><![CDATA[_menu_item_url]]></wp:meta_key>
			<wp:meta_value><![CDATA[]]></wp:meta_value>
		</wp:postmeta>
	</item>
	<item>
		<title>Risorse</title>
		<link>http://earth-strike.com/it/2018/11/12/21/</link>
		<pubDate>Mon, 12 Nov 2018 09:38:59 +0000</pubDate>
		<dc:creator><![CDATA[Aron]]></dc:creator>
		<guid isPermaLink="false">http://earth-strike.com/earth-strike-2/?p=21</guid>
		<description></description>
		<content:encoded><![CDATA[]]></content:encoded>
		<excerpt:encoded><![CDATA[]]></excerpt:encoded>
		<wp:post_id>21</wp:post_id>
		<wp:post_date><![CDATA[2018-11-12 09:38:59]]></wp:post_date>
		<wp:post_date_gmt><![CDATA[2018-11-12 09:38:59]]></wp:post_date_gmt>
		<wp:comment_status><![CDATA[closed]]></wp:comment_status>
		<wp:ping_status><![CDATA[closed]]></wp:ping_status>
		<wp:post_name><![CDATA[21]]></wp:post_name>
		<wp:status><![CDATA[publish]]></wp:status>
		<wp:post_parent>0</wp:post_parent>
		<wp:menu_order>6</wp:menu_order>
		<wp:post_type><![CDATA[nav_menu_item]]></wp:post_type>
		<wp:post_password><![CDATA[]]></wp:post_password>
		<wp:is_sticky>0</wp:is_sticky>
		<category domain="nav_menu" nicename="main-menu"><![CDATA[Main Menu]]></category>
		<wp:postmeta>
			<wp:meta_key><![CDATA[_menu_item_type]]></wp:meta_key>
			<wp:meta_value><![CDATA[post_type]]></wp:meta_value>
		</wp:postmeta>
		<wp:postmeta>
			<wp:meta_key><![CDATA[_menu_item_menu_item_parent]]></wp:meta_key>
			<wp:meta_value><![CDATA[0]]></wp:meta_value>
		</wp:postmeta>
		<wp:postmeta>
			<wp:meta_key><![CDATA[_menu_item_object_id]]></wp:meta_key>
			<wp:meta_value><![CDATA[7]]></wp:meta_value>
		</wp:postmeta>
		<wp:postmeta>
			<wp:meta_key><![CDATA[_menu_item_object]]></wp:meta_key>
			<wp:meta_value><![CDATA[page]]></wp:meta_value>
		</wp:postmeta>
		<wp:postmeta>
			<wp:meta_key><![CDATA[_menu_item_target]]></wp:meta_key>
			<wp:meta_value><![CDATA[]]></wp:meta_value>
		</wp:postmeta>
		<wp:postmeta>
			<wp:meta_key><![CDATA[_menu_item_classes]]></wp:meta_key>
			<wp:meta_value><![CDATA[a:1:{i:0;s:0:"";}]]></wp:meta_value>
		</wp:postmeta>
		<wp:postmeta>
			<wp:meta_key><![CDATA[_menu_item_xfn]]></wp:meta_key>
			<wp:meta_value><![CDATA[]]></wp:meta_value>
		</wp:postmeta>
		<wp:postmeta>
			<wp:meta_key><![CDATA[_menu_item_url]]></wp:meta_key>
			<wp:meta_value><![CDATA[]]></wp:meta_value>
		</wp:postmeta>
	</item>
	<item>
		<title>Newsletter</title>
		<link>http://earth-strike.com/it/newsletter/</link>
		<pubDate>Wed, 05 Dec 2018 22:38:48 +0000</pubDate>
		<dc:creator><![CDATA[Aron]]></dc:creator>
		<guid isPermaLink="false">http://earth-strike.com/earth-strike-2/newsletter/</guid>
		<description></description>
		<content:encoded><![CDATA[[newsletter]]]></content:encoded>
		<excerpt:encoded><![CDATA[]]></excerpt:encoded>
		<wp:post_id>25</wp:post_id>
		<wp:post_date><![CDATA[2018-12-05 22:38:48]]></wp:post_date>
		<wp:post_date_gmt><![CDATA[2018-12-05 22:38:48]]></wp:post_date_gmt>
		<wp:comment_status><![CDATA[closed]]></wp:comment_status>
		<wp:ping_status><![CDATA[closed]]></wp:ping_status>
		<wp:post_name><![CDATA[newsletter]]></wp:post_name>
		<wp:status><![CDATA[publish]]></wp:status>
		<wp:post_parent>0</wp:post_parent>
		<wp:menu_order>0</wp:menu_order>
		<wp:post_type><![CDATA[page]]></wp:post_type>
		<wp:post_password><![CDATA[]]></wp:post_password>
		<wp:is_sticky>0</wp:is_sticky>
	</item>
	<item>
		<title>customify</title>
		<link>http://earth-strike.com/it/2018/12/05/customify/</link>
		<pubDate>Wed, 05 Dec 2018 22:41:23 +0000</pubDate>
		<dc:creator><![CDATA[Aron]]></dc:creator>
		<guid isPermaLink="false">http://earth-strike.com/earth-strike-2/2018/12/05/customify/</guid>
		<description></description>
		<content:encoded><![CDATA[strong {
	color: #387740;
}

h1, h2, h3 {
	line-height: 1.2;
}

h1.h3 {
	font-size: 2.42em;
}

.page-cover-title {
	text-align: center;
	text-transform: uppercase;
	font-weight: bold;
	font-size: 4em;
	margin-bottom: 0;
}

.cta {
	display: flex;
	justify-content: center;
	margin-bottom: 1.5rem;
}

.cta span {
  padding: 0.5rem 2rem;
  font-size: 1.18rem;
  -webkit-border-radius: 4;
  -moz-border-radius: 4;
  border-radius: 4px;
	
  color: #ffffff;
  background: #387740;
  -webkit-box-shadow: 0px 1px 3px #666666;
  -moz-box-shadow: 0px 1px 3px #666666;
  box-shadow: 0px 1px 3px #666666;
	
	transition: background 0.2s ease;
}

.cta:hover span {
  background: #8bc151;
	color: #ffffff;
}]]></content:encoded>
		<excerpt:encoded><![CDATA[]]></excerpt:encoded>
		<wp:post_id>27</wp:post_id>
		<wp:post_date><![CDATA[2018-12-05 22:41:23]]></wp:post_date>
		<wp:post_date_gmt><![CDATA[2018-12-05 22:41:23]]></wp:post_date_gmt>
		<wp:comment_status><![CDATA[closed]]></wp:comment_status>
		<wp:ping_status><![CDATA[closed]]></wp:ping_status>
		<wp:post_name><![CDATA[customify]]></wp:post_name>
		<wp:status><![CDATA[publish]]></wp:status>
		<wp:post_parent>0</wp:post_parent>
		<wp:menu_order>0</wp:menu_order>
		<wp:post_type><![CDATA[custom_css]]></wp:post_type>
		<wp:post_password><![CDATA[]]></wp:post_password>
		<wp:is_sticky>0</wp:is_sticky>
	</item>
	<item>
		<title>Domande Frequenti</title>
		<link>http://earth-strike.com/it/faq/</link>
		<pubDate>Mon, 17 Dec 2018 10:29:38 +0000</pubDate>
		<dc:creator><![CDATA[it]]></dc:creator>
		<guid isPermaLink="false">http://earth-strike.com/it/?page_id=50</guid>
		<description></description>
		<content:encoded><![CDATA[<!-- wp:heading {"level":4} -->
<h4 id="mce_0">Quali sono gli obiettivi di questo sciopero generale? Come possiamo cambiare le cose quando le grandi imprese e i politici hanno in mano tutte le carte?<br></h4>
<!-- /wp:heading -->

<!-- wp:paragraph -->
<p>

Le aziende che contribuiscono ai cambiamenti climatici non hanno alcun incentivo per cambiare. Purtroppo questo è dovuto alle necessità del mercato e all’influenza che queste aziende esercitano sopra gli organismi di regolamentazione grazie alla loro potenza economica. Proteste, raduni e altre campagne di consapevolezza pubblica vanno bene, ma ai magnati del petrolio interessano meno del loro prossimo bonus multimilionario.</p>
<!-- /wp:paragraph -->

<!-- wp:paragraph -->
<p>Il nostro obiettivo non è convincere i potenti a ignorare i propri incentivi personali e pensare al bene comune. Il nostro obiettivo è<em>&nbsp;cambiare questi incentivi</em>, facendo in modo che queste persone non abbiano altra scelta che fare la cosa giusta, o altrimenti rischiare di perdere sia il proprio lavoro sia i propri mezzi di sussistenza.</p>
<!-- /wp:paragraph -->

<!-- wp:paragraph -->
<p>Questo è l’obiettivo di uno sciopero generale: forzare le mani di chi è al potere rifiutando deliberatamente di far parte di un sistema che li arricchisce a spese del pianeta. Le grandi imprese e i politici hanno in mano quasi tutte le carte, ma non possono privarci del potere di negare loro la forza lavoro.</p>
<!-- /wp:paragraph -->

<!-- wp:heading {"level":4} -->
<h4 id="mce_2">Non sarebbe meglio concentrarci sulla riduzione del nostro carbon footprint e dei nostri consumi individuali?</h4>
<!-- /wp:heading -->

<!-- wp:paragraph -->
<p>

Uno stile di vita ecologico è un’ottima cosa, e certamente ogni azione positiva in questo riguardo è meglio di niente. Tuttavia, tutto considerato, queste azioni individuali sono irrilevanti, in quanto affrontiamo dei problemi che non possono essere risolti modificando le abitudini di consumo personali.</p>
<!-- /wp:paragraph -->

<!-- wp:paragraph -->
<p>Una minoranza di aziende è responsabile della stragrande maggioranza delle emissioni di gas serra. Le aziende petrolifere multimiliardarie e l’agricoltura industriale di massa esercitano un’enorme influenza sulla sfera politica, e possono facilmente mettere in atto leggi per proteggere i propri affari e la propria crescita.</p>
<!-- /wp:paragraph -->

<!-- wp:paragraph -->
<p>Incolpare i cittadini, spesso incentivati economicamente a produrre un maggiore carbon footprint per non trovarsi sul lastrico, serve solo a distrarci dai veri malfattori dei cambiamenti climatici: le grandi imprese e i legislatori che non hanno saputo fare il loro lavoro.</p>
<!-- /wp:paragraph -->

<!-- wp:heading {"level":4} -->
<h4 id="mce_4">Credete veramente che questo possa funzionare?</h4>
<!-- /wp:heading -->

<!-- wp:paragraph -->
<p>Siamo consapevoli di non avere grandi possibilità. Molti di noi sono cresciuti in un periodo in cui il potere collettivo non è stato sufficiente per risolvere in maniera significativa i problemi del mondo. Siamo stati catapultati fuori dall’ingenuità e dalla voglia di cambiamento della gioventù e resi cinici dal “realismo” del mondo odierno. Il risultato?</p>
<!-- /wp:paragraph -->

<!-- wp:paragraph -->
<p>“<em>Ammiro lo sforzo, ma realisticamente non succederà mai.</em>”</p>
<!-- /wp:paragraph -->

<!-- wp:paragraph -->
<p>Questi pensieri e sentimenti non ci sono alieni: è la risposta a cui siamo stati condizionati sia da coloro che ci vorrebbero proteggere dal disappunto, sia da coloro che prosperano nell’accettazione pubblica dello status quo.<br><br>Il nostro movimento è composto da persone che, per qualsiasi folle ragione, hanno deciso di mettere da parte questi pensieri per provarci, metterci anima e corpo, e vedere dove andremo a finire. Stiamo spargendo la voce, convincendo amici, familiari, colleghi e così via; ma ogni volta che qualcuno propone questo tipo di agitazione collettiva si incontrano sempre le stesse obiezioni di mancanza di “realismo”.</p>
<!-- /wp:paragraph -->

<!-- wp:paragraph -->
<p>Perseveriamo. Continuiamo a lottare per il nostro pianeta con le unghie e con i denti. Perché è il&nbsp;<em>nostro unico&nbsp;</em>pianeta.<br><br>Esiste una piccola possibilità di scongiurare il più grande disastro che l’umanità abbia mai visto, risparmiando gli effetti dei cambiamenti climatici a tutti noi, dando supporto a migliaia di volontari entusiasti, ambiziosi, altruisti, impegnati e ottimisti che hanno costruito questo movimento e dato fiducia a persone come te perché funzioni.</p>
<!-- /wp:paragraph -->

<!-- wp:paragraph -->
<p>Abbiamo deciso di eliminare la parola “realismo” dai nostri vocabolari. Nessuno dei cambiamenti positivi più significativi nella storia umana è stato dettato dal “realismo”. Creiamo la realtà con le nostre azioni.

</p>
<!-- /wp:paragraph -->

<!-- wp:heading {"level":4} -->
<h4 id="mce_6">Ma io lavoro per vivere, come pretendete che io scioperi?</h4>
<!-- /wp:heading -->

<!-- wp:paragraph -->
<p>Comprendiamo che ognuno vive una realtà differente, e siamo estremamente solidali con i poveri e i lavoratori. Comprendiamo che sempre più persone vivono alla giornata e il potere del lavoro organizzato diminuisce in molte parti del mondo. Se vuoi veramente aiutare la nostra causa ma sei preoccupato dei rischi legati allo sciopero, ecco alcune alternative:</p>
<!-- /wp:paragraph -->

<!-- wp:list -->
<ul><li><em>Sciopero bianco.&nbsp;</em>In molti casi, pur non potendo scioperare, è possibile fare lo stretto necessario e obbedendo alla lettera al contratto di lavoro. Questo può causare una notevole diminuzione della produttività e inefficienza nel posto di lavoro generando ostacoli alla produzione.</li><li><em>Spargi la voce.&nbsp;</em>Se non puoi fare nient’altro, aiutaci a far crescere il nostro movimento. Vieni alle nostre proteste e raduni, e spargi la voce tra i tuoi amici, familiari, colleghi e così via. Se riesci a convincere cinque nuovi lavoratori che potranno partecipare allo sciopero, sarà comunque un successo per noi.</li></ul>
<!-- /wp:list -->

<!-- wp:heading {"level":4} -->
<h4 id="mce_9">Mi avete convinto. Come posso aiutarvi?<br><br></h4>
<!-- /wp:heading -->

<!-- wp:button {"backgroundColor":"vivid-green-cyan","align":"center"} -->
<div class="wp-block-button aligncenter"><a class="wp-block-button__link has-background has-vivid-green-cyan-background-color" href="https://earth-strike.com/it/partecipa/">Partecipa</a></div>
<!-- /wp:button -->]]></content:encoded>
		<excerpt:encoded><![CDATA[]]></excerpt:encoded>
		<wp:post_id>50</wp:post_id>
		<wp:post_date><![CDATA[2018-12-17 10:29:38]]></wp:post_date>
		<wp:post_date_gmt><![CDATA[2018-12-17 10:29:38]]></wp:post_date_gmt>
		<wp:comment_status><![CDATA[closed]]></wp:comment_status>
		<wp:ping_status><![CDATA[closed]]></wp:ping_status>
		<wp:post_name><![CDATA[faq]]></wp:post_name>
		<wp:status><![CDATA[publish]]></wp:status>
		<wp:post_parent>0</wp:post_parent>
		<wp:menu_order>0</wp:menu_order>
		<wp:post_type><![CDATA[page]]></wp:post_type>
		<wp:post_password><![CDATA[]]></wp:post_password>
		<wp:is_sticky>0</wp:is_sticky>
		<wp:postmeta>
			<wp:meta_key><![CDATA[_customize_changeset_uuid]]></wp:meta_key>
			<wp:meta_value><![CDATA[0a99987c-1dde-49e7-879c-da027925ddb4]]></wp:meta_value>
		</wp:postmeta>
		<wp:postmeta>
			<wp:meta_key><![CDATA[_edit_last]]></wp:meta_key>
			<wp:meta_value><![CDATA[36]]></wp:meta_value>
		</wp:postmeta>
		<wp:postmeta>
			<wp:meta_key><![CDATA[_customify_content_layout]]></wp:meta_key>
			<wp:meta_value><![CDATA[]]></wp:meta_value>
		</wp:postmeta>
		<wp:postmeta>
			<wp:meta_key><![CDATA[_customify_sidebar]]></wp:meta_key>
			<wp:meta_value><![CDATA[]]></wp:meta_value>
		</wp:postmeta>
		<wp:postmeta>
			<wp:meta_key><![CDATA[_customify_disable_header]]></wp:meta_key>
			<wp:meta_value><![CDATA[]]></wp:meta_value>
		</wp:postmeta>
		<wp:postmeta>
			<wp:meta_key><![CDATA[_customify_disable_page_title]]></wp:meta_key>
			<wp:meta_value><![CDATA[]]></wp:meta_value>
		</wp:postmeta>
		<wp:postmeta>
			<wp:meta_key><![CDATA[_customify_disable_footer_main]]></wp:meta_key>
			<wp:meta_value><![CDATA[]]></wp:meta_value>
		</wp:postmeta>
		<wp:postmeta>
			<wp:meta_key><![CDATA[_customify_disable_footer_bottom]]></wp:meta_key>
			<wp:meta_value><![CDATA[]]></wp:meta_value>
		</wp:postmeta>
		<wp:postmeta>
			<wp:meta_key><![CDATA[_customify_page_header_display]]></wp:meta_key>
			<wp:meta_value><![CDATA[default]]></wp:meta_value>
		</wp:postmeta>
		<wp:postmeta>
			<wp:meta_key><![CDATA[_yoast_wpseo_content_score]]></wp:meta_key>
			<wp:meta_value><![CDATA[30]]></wp:meta_value>
		</wp:postmeta>
	</item>
	<item>
		<title>FAQ</title>
		<link>http://earth-strike.com/it/2018/12/17/52/</link>
		<pubDate>Mon, 17 Dec 2018 10:29:38 +0000</pubDate>
		<dc:creator><![CDATA[it]]></dc:creator>
		<guid isPermaLink="false">http://earth-strike.com/it/2018/12/17/52/</guid>
		<description></description>
		<content:encoded><![CDATA[]]></content:encoded>
		<excerpt:encoded><![CDATA[]]></excerpt:encoded>
		<wp:post_id>52</wp:post_id>
		<wp:post_date><![CDATA[2018-12-17 10:29:38]]></wp:post_date>
		<wp:post_date_gmt><![CDATA[2018-12-17 10:29:38]]></wp:post_date_gmt>
		<wp:comment_status><![CDATA[closed]]></wp:comment_status>
		<wp:ping_status><![CDATA[closed]]></wp:ping_status>
		<wp:post_name><![CDATA[52]]></wp:post_name>
		<wp:status><![CDATA[publish]]></wp:status>
		<wp:post_parent>0</wp:post_parent>
		<wp:menu_order>3</wp:menu_order>
		<wp:post_type><![CDATA[nav_menu_item]]></wp:post_type>
		<wp:post_password><![CDATA[]]></wp:post_password>
		<wp:is_sticky>0</wp:is_sticky>
		<category domain="nav_menu" nicename="main-menu"><![CDATA[Main Menu]]></category>
		<wp:postmeta>
			<wp:meta_key><![CDATA[_menu_item_type]]></wp:meta_key>
			<wp:meta_value><![CDATA[post_type]]></wp:meta_value>
		</wp:postmeta>
		<wp:postmeta>
			<wp:meta_key><![CDATA[_menu_item_menu_item_parent]]></wp:meta_key>
			<wp:meta_value><![CDATA[0]]></wp:meta_value>
		</wp:postmeta>
		<wp:postmeta>
			<wp:meta_key><![CDATA[_menu_item_object_id]]></wp:meta_key>
			<wp:meta_value><![CDATA[50]]></wp:meta_value>
		</wp:postmeta>
		<wp:postmeta>
			<wp:meta_key><![CDATA[_menu_item_object]]></wp:meta_key>
			<wp:meta_value><![CDATA[page]]></wp:meta_value>
		</wp:postmeta>
		<wp:postmeta>
			<wp:meta_key><![CDATA[_menu_item_target]]></wp:meta_key>
			<wp:meta_value><![CDATA[]]></wp:meta_value>
		</wp:postmeta>
		<wp:postmeta>
			<wp:meta_key><![CDATA[_menu_item_classes]]></wp:meta_key>
			<wp:meta_value><![CDATA[a:1:{i:0;s:0:"";}]]></wp:meta_value>
		</wp:postmeta>
		<wp:postmeta>
			<wp:meta_key><![CDATA[_menu_item_xfn]]></wp:meta_key>
			<wp:meta_value><![CDATA[]]></wp:meta_value>
		</wp:postmeta>
		<wp:postmeta>
			<wp:meta_key><![CDATA[_menu_item_url]]></wp:meta_key>
			<wp:meta_value><![CDATA[]]></wp:meta_value>
		</wp:postmeta>
	</item>
	<item>
		<title>es_ita_v4_whitebg_b</title>
		<link>http://earth-strike.com/it/es_ita_v4_whitebg_b/</link>
		<pubDate>Wed, 19 Dec 2018 08:38:36 +0000</pubDate>
		<dc:creator><![CDATA[it]]></dc:creator>
		<guid isPermaLink="false">https://earth-strike.com/it/wp-content/uploads/sites/38/2018/12/es_ita_v4_whitebg_b.png</guid>
		<description></description>
		<content:encoded><![CDATA[]]></content:encoded>
		<excerpt:encoded><![CDATA[]]></excerpt:encoded>
		<wp:post_id>82</wp:post_id>
		<wp:post_date><![CDATA[2018-12-19 08:38:36]]></wp:post_date>
		<wp:post_date_gmt><![CDATA[2018-12-19 08:38:36]]></wp:post_date_gmt>
		<wp:comment_status><![CDATA[closed]]></wp:comment_status>
		<wp:ping_status><![CDATA[closed]]></wp:ping_status>
		<wp:post_name><![CDATA[es_ita_v4_whitebg_b]]></wp:post_name>
		<wp:status><![CDATA[inherit]]></wp:status>
		<wp:post_parent>0</wp:post_parent>
		<wp:menu_order>0</wp:menu_order>
		<wp:post_type><![CDATA[attachment]]></wp:post_type>
		<wp:post_password><![CDATA[]]></wp:post_password>
		<wp:is_sticky>0</wp:is_sticky>
		<wp:attachment_url><![CDATA[https://earth-strike.com/it/wp-content/uploads/sites/38/2018/12/es_ita_v4_whitebg_b.png]]></wp:attachment_url>
		<wp:postmeta>
			<wp:meta_key><![CDATA[_wp_attached_file]]></wp:meta_key>
			<wp:meta_value><![CDATA[2018/12/es_ita_v4_whitebg_b.png]]></wp:meta_value>
		</wp:postmeta>
		<wp:postmeta>
			<wp:meta_key><![CDATA[_wp_attachment_metadata]]></wp:meta_key>
			<wp:meta_value><![CDATA[a:5:{s:5:"width";i:2400;s:6:"height";i:2400;s:4:"file";s:31:"2018/12/es_ita_v4_whitebg_b.png";s:5:"sizes";a:4:{s:9:"thumbnail";a:4:{s:4:"file";s:31:"es_ita_v4_whitebg_b-150x150.png";s:5:"width";i:150;s:6:"height";i:150;s:9:"mime-type";s:9:"image/png";}s:6:"medium";a:4:{s:4:"file";s:31:"es_ita_v4_whitebg_b-300x300.png";s:5:"width";i:300;s:6:"height";i:300;s:9:"mime-type";s:9:"image/png";}s:12:"medium_large";a:4:{s:4:"file";s:31:"es_ita_v4_whitebg_b-768x768.png";s:5:"width";i:768;s:6:"height";i:768;s:9:"mime-type";s:9:"image/png";}s:5:"large";a:4:{s:4:"file";s:33:"es_ita_v4_whitebg_b-1024x1024.png";s:5:"width";i:1024;s:6:"height";i:1024;s:9:"mime-type";s:9:"image/png";}}s:10:"image_meta";a:12:{s:8:"aperture";s:1:"0";s:6:"credit";s:0:"";s:6:"camera";s:0:"";s:7:"caption";s:0:"";s:17:"created_timestamp";s:1:"0";s:9:"copyright";s:0:"";s:12:"focal_length";s:1:"0";s:3:"iso";s:1:"0";s:13:"shutter_speed";s:1:"0";s:5:"title";s:0:"";s:11:"orientation";s:1:"0";s:8:"keywords";a:0:{}}}]]></wp:meta_value>
		</wp:postmeta>
	</item>
	<item>
		<title>Domande Frequenti</title>
		<link>http://earth-strike.com/it/faq__trashed/</link>
		<pubDate>Mon, 17 Dec 2018 10:27:37 +0000</pubDate>
		<dc:creator><![CDATA[it]]></dc:creator>
		<guid isPermaLink="false">http://earth-strike.com/it/?page_id=49</guid>
		<description></description>
		<content:encoded><![CDATA[<!-- wp:heading {"level":4} -->
<h4>Quali sono gli obiettivi di questo sciopero generale? Come possiamo cambiare le cose quando le grandi imprese e i politici hanno in mano tutte le carte?<br></h4>
<!-- /wp:heading -->

<!-- wp:paragraph -->
<p>Le aziende che contribuiscono ai cambiamenti climatici non hanno alcun incentivo per cambiare. Purtroppo questo è dovuto alle necessità del mercato e all’influenza che queste aziende esercitano sopra gli organismi di regolamentazione grazie alla loro potenza economica. Proteste, raduni e altre campagne di consapevolezza pubblica vanno bene, ma ai magnati del petrolio interessano meno del loro prossimo bonus multimilionario.<br><br>Il nostro obiettivo non è convincere i potenti a ignorare i propri incentivi personali e pensare al bene comune. Il nostro obiettivo è<em> cambiare questi incentivi</em>, facendo in modo che queste persone non abbiano altra scelta che fare la cosa giusta, o altrimenti rischiare di perdere sia il proprio lavoro sia i propri mezzi di sussistenza.<br><br>Questo è l’obiettivo di uno sciopero generale: forzare le mani di chi è al potere rifiutando deliberatamente di far parte di un sistema che li arricchisce a spese del pianeta. Le grandi imprese e i politici hanno in mano quasi tutte le carte, ma non possono privarci del potere di negare loro la forza lavoro.</p>
<!-- /wp:paragraph -->

<!-- wp:heading {"level":4} -->
<h4>Non sarebbe meglio concentrarci sulla riduzione del nostro carbon footprint e dei nostri consumi individuali? </h4>
<!-- /wp:heading -->

<!-- wp:paragraph -->
<p> Uno stile di vita ecologico è un’ottima cosa, e certamente ogni azione positiva in questo riguardo è meglio di niente. Tuttavia, tutto considerato, queste azioni individuali sono irrilevanti, in quanto affrontiamo dei problemi che non possono essere risolti modificando le abitudini di consumo personali.<br><br>Una minoranza di aziende è responsabile della stragrande maggioranza delle emissioni di gas serra. Le aziende petrolifere multimiliardarie e l’agricoltura industriale di massa esercitano un’enorme influenza sulla sfera politica, e possono facilmente mettere in atto leggi per proteggere i propri affari e la propria crescita.<br><br>Incolpare i cittadini, spesso incentivati economicamente a produrre un maggiore carbon footprint per non trovarsi sul lastrico, serve solo a distrarci dai veri malfattori dei cambiamenti climatici: le grandi imprese e i legislatori che non hanno saputo fare il loro lavoro. </p>
<!-- /wp:paragraph -->

<!-- wp:heading {"level":4} -->
<h4>Credete veramente che questo possa funzionare?</h4>
<!-- /wp:heading -->

<!-- wp:paragraph -->
<p>Siamo consapevoli di non avere grandi possibilità. Molti di noi sono cresciuti in un periodo in cui il potere collettivo non è stato sufficiente per risolvere in maniera significativa i problemi del mondo. Siamo stati catapultati fuori dall’ingenuità e dalla voglia di cambiamento della gioventù e resi cinici dal “realismo” del mondo odierno. Il risultato?<br><br>“<em>Ammiro lo sforzo, ma realisticamente non succederà mai.</em>”<br><br>Questi pensieri e sentimenti non ci sono alieni: è la risposta a cui siamo stati condizionati sia da coloro che ci vorrebbero proteggere dal disappunto, sia da coloro che prosperano nell’accettazione pubblica dello status quo.<br><br>Il nostro movimento è composto da persone che, per qualsiasi folle ragione, hanno deciso di mettere da parte questi pensieri per provarci, metterci anima e corpo, e vedere dove andremo a finire. Stiamo spargendo la voce, convincendo amici, familiari, colleghi e così via; ma ogni volta che qualcuno propone questo tipo di agitazione collettiva si incontrano sempre le stesse obiezioni di mancanza di “realismo”.<br><br>Perseveriamo. Continuiamo a lottare per il nostro pianeta con le unghie e con i denti. Perché è il <em>nostro unico </em>pianeta.<br><br>Esiste una piccola possibilità di scongiurare il più grande disastro che l’umanità abbia mai visto, risparmiando gli effetti dei cambiamenti climatici a tutti noi, dando supporto a migliaia di volontari entusiasti, ambiziosi, altruisti, impegnati e ottimisti che hanno costruito questo movimento e dato fiducia a persone come te perché funzioni.<br><br>Abbiamo deciso di eliminare la parola “realismo” dai nostri vocabolari. Nessuno dei cambiamenti positivi più significativi nella storia umana è stato dettato dal “realismo”. Creiamo la realtà con le nostre azioni.</p>
<!-- /wp:paragraph -->

<!-- wp:heading {"level":4} -->
<h4>Ma io lavoro per vivere, come pretendete che io scioperi?</h4>
<!-- /wp:heading -->

<!-- wp:paragraph -->
<p>Comprendiamo che ognuno vive una realtà differente, e siamo estremamente solidali con i poveri e i lavoratori. Comprendiamo che sempre più persone vivono alla giornata e il potere del lavoro organizzato diminuisce in molte parti del mondo. Se vuoi veramente aiutare la nostra causa ma sei preoccupato dei rischi legati allo sciopero, ecco alcune alternative:</p>
<!-- /wp:paragraph -->

<!-- wp:list -->
<ul><li><em>Sciopero bianco. </em>In molti casi, pur non potendo scioperare, è possibile fare lo stretto necessario e obbedendo alla lettera al contratto di lavoro. Questo può causare una notevole diminuzione della produttività e inefficienza nel posto di lavoro generando ostacoli alla produzione.</li><li><em>Spargi la voce. </em>Se non puoi fare nient’altro, aiutaci a far crescere il nostro movimento. Vieni alle nostre proteste e raduni, e spargi la voce tra i tuoi amici, familiari, colleghi e così via. Se riesci a convincere cinque nuovi lavoratori che potranno partecipare allo sciopero, sarà comunque un successo per noi.</li></ul>
<!-- /wp:list -->

<!-- wp:heading {"level":4} -->
<h4>Mi avete convinto. Come posso aiutarvi?</h4>
<!-- /wp:heading -->

<!-- wp:button {"backgroundColor":"vivid-green-cyan","align":"center"} -->
<div class="wp-block-button aligncenter"><a class="wp-block-button__link has-background has-vivid-green-cyan-background-color" href="https://earth-strike.com/it/get-involved/">Partecipa</a></div>
<!-- /wp:button -->

<!-- wp:paragraph -->
<p></p>
<!-- /wp:paragraph -->]]></content:encoded>
		<excerpt:encoded><![CDATA[]]></excerpt:encoded>
		<wp:post_id>49</wp:post_id>
		<wp:post_date><![CDATA[2018-12-17 10:27:37]]></wp:post_date>
		<wp:post_date_gmt><![CDATA[2018-12-17 10:27:37]]></wp:post_date_gmt>
		<wp:comment_status><![CDATA[closed]]></wp:comment_status>
		<wp:ping_status><![CDATA[closed]]></wp:ping_status>
		<wp:post_name><![CDATA[faq__trashed]]></wp:post_name>
		<wp:status><![CDATA[trash]]></wp:status>
		<wp:post_parent>0</wp:post_parent>
		<wp:menu_order>0</wp:menu_order>
		<wp:post_type><![CDATA[page]]></wp:post_type>
		<wp:post_password><![CDATA[]]></wp:post_password>
		<wp:is_sticky>0</wp:is_sticky>
		<wp:postmeta>
			<wp:meta_key><![CDATA[_edit_last]]></wp:meta_key>
			<wp:meta_value><![CDATA[36]]></wp:meta_value>
		</wp:postmeta>
		<wp:postmeta>
			<wp:meta_key><![CDATA[_customify_content_layout]]></wp:meta_key>
			<wp:meta_value><![CDATA[]]></wp:meta_value>
		</wp:postmeta>
		<wp:postmeta>
			<wp:meta_key><![CDATA[_customify_sidebar]]></wp:meta_key>
			<wp:meta_value><![CDATA[]]></wp:meta_value>
		</wp:postmeta>
		<wp:postmeta>
			<wp:meta_key><![CDATA[_customify_disable_header]]></wp:meta_key>
			<wp:meta_value><![CDATA[]]></wp:meta_value>
		</wp:postmeta>
		<wp:postmeta>
			<wp:meta_key><![CDATA[_customify_disable_page_title]]></wp:meta_key>
			<wp:meta_value><![CDATA[]]></wp:meta_value>
		</wp:postmeta>
		<wp:postmeta>
			<wp:meta_key><![CDATA[_customify_disable_footer_main]]></wp:meta_key>
			<wp:meta_value><![CDATA[]]></wp:meta_value>
		</wp:postmeta>
		<wp:postmeta>
			<wp:meta_key><![CDATA[_customify_disable_footer_bottom]]></wp:meta_key>
			<wp:meta_value><![CDATA[]]></wp:meta_value>
		</wp:postmeta>
		<wp:postmeta>
			<wp:meta_key><![CDATA[_customify_page_header_display]]></wp:meta_key>
			<wp:meta_value><![CDATA[default]]></wp:meta_value>
		</wp:postmeta>
		<wp:postmeta>
			<wp:meta_key><![CDATA[_yoast_wpseo_content_score]]></wp:meta_key>
			<wp:meta_value><![CDATA[30]]></wp:meta_value>
		</wp:postmeta>
		<wp:postmeta>
			<wp:meta_key><![CDATA[_wp_trash_meta_status]]></wp:meta_key>
			<wp:meta_value><![CDATA[publish]]></wp:meta_value>
		</wp:postmeta>
		<wp:postmeta>
			<wp:meta_key><![CDATA[_wp_trash_meta_time]]></wp:meta_key>
			<wp:meta_value><![CDATA[1545044282]]></wp:meta_value>
		</wp:postmeta>
		<wp:postmeta>
			<wp:meta_key><![CDATA[_wp_desired_post_slug]]></wp:meta_key>
			<wp:meta_value><![CDATA[faq]]></wp:meta_value>
		</wp:postmeta>
	</item>
</channel>
</rss>
